tarih_utc,mag,derinlik_km,lat,lon,yer,usgs_id
2025-10-02 11:55:03,5,10,40.7641,27.9515,"22 km S of Marmara Ereğlisi, Turkey",us6000re6a
2025-07-05 11:24:21,3.8,10,40.7746,28.3086,"30 km SSW of Kumburgaz, Turkey",us7000qats
2025-05-03 08:36:55,3.7,10,40.8256,28.2152,"27 km SE of Marmara Ereğlisi, Turkey",us7000pwuz
2025-04-25 17:33:16,4.3,10,40.8537,28.4298,"19 km SSW of Kumburgaz, Turkey",us7000pv32
2025-04-23 12:12:57,4.9,10,40.8489,28.2741,"24 km SSW of Selimpaşa, Turkey",us7000pugj
2025-04-23 11:50:34,4,10,40.8719,28.2722,"21 km SSW of Selimpaşa, Turkey",us7000pugg
2025-04-23 10:46:14,4.3,10,40.7814,28.3191,"29 km SSW of Kumburgaz, Turkey",us7000pug5
2025-04-23 10:02:33,5,10,40.8888,28.4829,"14 km S of Kumburgaz, Turkey",us7000pufy
2025-04-23 10:02:11,4.5,10,40.8412,28.4987,"19 km SSW of Gürpınar, Turkey",us7000py7q
2025-04-23 10:01:04,4.5,10,40.8471,28.2332,"25 km S of Silivri, Turkey",us7000pufv
2025-04-23 09:49:11,6.2,12.736,40.8342,28.1897,"24 km SE of Marmara Ereğlisi, Turkey",us7000pufs
2024-05-26 21:38:19,3.3,15.105,40.8178,28.3083,"26 km S of Selimpaşa, Turkey",us6000n15m
2023-12-17 20:53:53,4.2,12.447,40.73,29.0587,"10 km NNW of Çınarcık, Turkey",us7000ljqy
2021-06-19 12:07:52,3.5,9.81,40.9881,29.1424,"2 km ENE of Ata?ehir, Turkey",us7000ef27
2020-09-24 13:38:30,4.4,10,40.8777,28.0878,"15 km SE of Marmara Ere?lisi, Turkey",us6000c0iv
2020-04-13 23:56:37,3.3,10,41.6034,28.7473,"33 km N of Durusu, Turkey",us70008vrx
2020-03-08 04:21:05,4.4,10,40.7105,29.2313,"7 km NNW of Yalova, Turkey",us60008bx1
2020-01-11 13:37:37,4.9,10,40.9289,28.2394,"16 km S of Silivri, Turkey",us70006ye3
2019-10-10 16:52:03,4.3,10,40.7283,29.2125,"9 km NNE of Koruköy, Turkey",us70005t3c
2019-09-26 20:20:18,4.3,10,40.8151,28.1964,"26 km SE of Marmara Ere?lisi, Turkey",us70005lyy
2019-09-26 20:02:41,4.5,10,40.849,28.1699,"22 km SE of Marmara Ere?lisi, Turkey",us70005s19
2019-09-26 11:26:37,4.4,10,40.8568,28.1814,"22 km ESE of Marmara Ere?lisi, Turkey",us70005ll1
2019-09-26 10:59:25,5.7,8,40.9035,28.1502,"17 km ESE of Marmara Ere?lisi, Turkey",us70005lkl
2019-09-24 08:00:24,4.9,10,40.8578,28.1454,"20 km SE of Marmara Ere?lisi, Turkey",us60005mmr
2018-12-20 06:34:25,4.3,10,40.6063,28.9761,"5 km WSW of Kocadere, Turkey",us2000iv9d
2016-07-17 08:55:41,4.2,7.4,40.7118,29.18,"6 km NNE of Koruköy, Turkey",us20006fbz
2016-06-25 05:40:11,4.1,6.8,40.7032,29.2147,"6 km NE of Koruköy, Turkey",us200066rf
2015-11-16 15:45:44,4.4,9.27,40.8751,28.7644,"14 km SSE of Yakuplu, Turkey",us10003ypf
2014-08-03 22:22:45,4,10.04,40.6243,29.2073,"1 km WNW of Kad?köy, Turkey",usb000rzq2
2014-02-05 01:56:44,3.8,12,41.3725,28.6327,"8 km NNW of Durusu, Turkey",usc000mj1p
2013-11-27 04:21:35,4,7.4,40.8478,27.9123,"13 km SSW of Marmara Ere?lisi, Turkey",usb000l75g
2013-11-27 04:13:37,4.5,9.6,40.851,27.9198,"13 km SSW of Marmara Ere?lisi, Turkey",usb000l74s
2012-06-07 20:54:25,4.9,14.9,40.848,27.921,"13 km SSW of Marmara Ere?lisi, Turkey",usp000jmg2
2011-01-20 02:09:37,4.1,11.8,40.71,29.763,"1 km SE of Hal?dere, Turkey",usp000htcm
2010-10-03 17:49:02,4.4,11.2,40.847,28.11,"18 km SE of Marmara Ere?lisi, Turkey",usp000hmjk
2008-10-22 01:00:35,3.6,9.4,40.748,29.174,"10 km N of Koruköy, Turkey",usp000gksg
2008-10-05 06:04:05,4.1,8.5,40.65,29.017,"2 km NNW of Kocadere, Turkey",usp000gjc6
2008-03-12 18:53:31,4.3,11.2,40.621,29.011,"1 km WSW of Kocadere, Turkey",usp000g1ba
2007-12-11 06:03:10,3,5,40.862,28.163,"21 km SE of Marmara Ere?lisi, Turkey",usp000fu89
2007-12-07 04:40:11,3.4,8.2,41.679,28.476,"31 km NNE of Karacaköy, Turkey",usp000ftz4
2007-10-25 11:02:32,2.7,5.4,40.851,28.694,"15 km SSE of Beylikdüzü, Turkey",usp000fr85
2007-05-10 12:01:43,2.8,5.5,40.654,29.007,"3 km NW of Kocadere, Turkey",usp000fbp8
2007-02-08 13:18:16,2.8,10.7,40.84,28.709,Western Turkey,usp000f4ge
2007-01-14 08:27:45,2.7,13.2,40.702,29.156,"5 km N of Koruköy, Turkey",usp000f2hf
2006-10-28 15:28:26,3.3,5.6,40.642,29.233,"2 km NNE of Kad?köy, Turkey",usp000ew6f
2006-08-01 21:40:37,3.7,11.6,40.776,28.013,"21 km SSE of Marmara Ere?lisi, Turkey",usp000eq1j
2006-04-27 13:15:42,2.8,6.7,40.612,29.256,"2 km ESE of Kad?köy, Turkey",usp000efmc
2006-04-27 11:56:30,2.8,7.2,40.613,29.284,"4 km S of Yalova, Turkey",usp000efm8
2005-11-26 22:27:49,3.7,9.1,40.663,29.081,"4 km WNW of Ç?narc?k, Turkey",usp000e4z4
2005-02-05 07:35:22,2.7,22.7,40.658,29.095,"2 km WNW of Ç?narc?k, Turkey",usp000dfhp
2004-11-24 18:14:06,2.8,9.7,40.6,29.007,"3 km SSW of Kocadere, Turkey",usp000d944
2004-09-29 15:51:28,3.2,10.8,40.777,29.041,"11 km SSW of Adalan, Turkey",usp000d5au
2004-09-29 15:42:07,4,12.5,40.781,29.02,"12 km SSW of Adalan, Turkey",usp000d5at
2004-05-31 10:37:39,2.7,5,40.802,27.8,"22 km SW of Marmara Ere?lisi, Turkey",usp000cwqw
2004-05-31 10:01:42,2.6,12,41.066,29.324,"10 km NE of Sancaktepe, Turkey",usp000cwqq
2004-05-24 09:07:48,2.4,8,41.124,28.885,"2 km NE of Sultangazi, Turkey",usp000cw2e
2004-05-23 15:29:21,2.8,15,41.069,29.336,"11 km NE of Sancaktepe, Turkey",usp000cw02
2004-05-22 10:02:30,2.8,11,41.029,29.319,"7 km ENE of Sancaktepe, Turkey",usp000cvvr
2004-05-21 12:44:26,2.5,8,40.812,29.497,"1 km WSW of Tav?anl?, Turkey",usp000cvsf
2004-05-21 11:20:44,2.6,8,40.81,29.465,"3 km ENE of Gebze, Turkey",usp000cvs2
2004-05-21 10:44:52,2.7,13,41.071,29.33,"11 km NE of Sancaktepe, Turkey",usp000cvry
2004-05-20 14:36:16,2.7,20,41.188,28.891,"9 km NNE of Sultangazi, Turkey",usp000cvpd
2004-05-20 09:24:03,2.3,6,40.804,29.453,"1 km E of Gebze, Turkey",usp000cvnh
2004-05-20 05:54:25,2.4,3,41.127,28.893,"3 km NE of Sultangazi, Turkey",usp000cvmy
2004-05-16 03:30:48,4.4,11,40.696,29.322,"3 km N of Çiftlikköy, Turkey",usp000cv63
2004-02-25 03:29:17,2.6,20,40.612,29.082,"4 km ESE of Kocadere, Turkey",usp000cn5w
2004-02-25 03:22:11,2.6,6,40.636,29.052,"1 km ENE of Kocadere, Turkey",usp000cn5v
2004-02-23 01:48:36,2.4,6,40.687,29.266,"3 km NNW of Yalova, Turkey",usp000cmus
2004-02-20 14:14:19,2.6,9,41.205,28.462,"6 km N of Çatalca, Turkey",usp000cmp9
2004-02-20 12:04:03,2.5,13,40.812,29.488,"2 km WSW of Tav?anl?, Turkey",usp000cmp4
2004-02-20 10:10:28,2.3,20,40.795,29.496,"2 km SSW of Tav?anl?, Turkey",usp000cmnq
2004-02-19 14:44:26,2.5,10,41.026,28.84,Western Turkey,usp000cmkg
2004-02-19 12:57:23,2.8,16,40.719,29.22,Western Turkey,usp000cmkc
2004-02-19 10:53:12,2.6,5,40.609,29.135,"4 km SSE of Ç?narc?k, Turkey",usp000cmjz
2004-02-18 13:29:10,2.6,19,40.838,29.539,"3 km NE of Tav?anl?, Turkey",usp000cmfz
2004-02-18 03:30:21,2.8,7,40.634,29.094,"2 km WSW of Ç?narc?k, Turkey",usp000cmf0
2004-02-17 10:45:50,2.6,9,40.694,29.052,"7 km NNE of Kocadere, Turkey",usp000cmdm
2004-02-17 10:40:45,2.7,23,40.629,29.074,"3 km E of Kocadere, Turkey",usp000cmdk
2004-02-17 05:08:53,2.7,4,40.687,29.114,"4 km N of Ç?narc?k, Turkey",usp000cmd1
2004-02-10 02:48:47,2.6,5,40.742,29.191,Western Turkey,usp000ckvk
2004-01-05 13:13:15,2.4,15,41.018,29.609,"17 km S of ?ile, Turkey",usp000ch6q
2004-01-03 23:36:40,2.7,9,40.639,27.818,"22 km ENE of Marmara, Turkey",usp000ch13
2004-01-03 14:10:32,2.7,14,41.166,28.885,Western Turkey,usp000cgz1
2004-01-03 11:13:40,2.6,11,41.102,29.335,"14 km NE of Sancaktepe, Turkey",usp000cgyr
2004-01-02 10:43:40,2.7,7,41.171,29.015,"6 km S of Ar?köy, Turkey",usp000cguq
2004-01-01 13:49:18,2.7,8,41.386,28.082,"13 km NNE of Çerkezköy, Turkey",usp000cgrv
2004-01-01 13:26:59,2.7,11,41.089,29.36,"14 km NE of Sancaktepe, Turkey",usp000cgrt
2004-01-01 11:04:47,2.7,11,41.083,29.356,"13 km NE of Sancaktepe, Turkey",usp000cgrc
2004-01-01 09:49:59,2.6,11,41.17,28.872,"7 km N of Sultangazi, Turkey",usp000cgr5
2004-01-01 06:00:08,2.6,12,40.712,29.255,"6 km NNW of Yalova, Turkey",usp000cgqe
2003-10-02 07:50:52,0,9.4,40.757,28.146,"28 km SE of Marmara Ere?lisi, Turkey",usp000c9bc
2002-11-03 18:17:08,3.6,45,41.03,28.04,"4 km ENE of Sultanköy, Turkey",usp000bg03
2002-09-14 12:33:14,2.5,15,40.864,29.499,"5 km NNW of Tav?anl?, Turkey",usp000bc7t
2002-09-13 12:44:48,2.4,14,40.853,29.447,"2 km SE of Balç?k, Turkey",usp000bc53
2002-08-07 11:11:57,3.6,10,40.748,27.837,"26 km SSW of Marmara Ere?lisi, Turkey",usp000b9fm
2002-03-23 02:36:10,4.1,10,40.859,27.85,"15 km SW of Marmara Ere?lisi, Turkey",usp000b0vw
2002-02-28 08:37:51,3.9,9.7,40.819,28.123,Western Turkey,usp000azbk
2001-09-18 17:02:44,2.5,10,40.684,29.324,"2 km N of Çiftlikköy, Turkey",usp000ape1
2001-08-09 12:28:43,2.6,11,40.816,29.46,"2 km ENE of Gebze, Turkey",usp000am3n
2001-08-07 19:41:04,,10,40.71,29.9,"3 km WNW of Kar??yaka, Turkey",usp000am02
2001-06-07 18:20:05,2.6,14,40.826,28.766,"19 km SSE of Yakuplu, Turkey",usp000ag7z
2001-06-07 17:53:04,2.8,5,40.866,28.725,"14 km SSE of Yakuplu, Turkey",usp000ag7w
2001-06-07 14:34:57,3,12,40.855,28.735,"15 km SSE of Yakuplu, Turkey",usp000ag7r
2001-06-07 14:32:43,3,5,40.863,28.716,"14 km SSE of Yakuplu, Turkey",usp000ag7q
2001-06-04 03:22:55,2.6,6,40.862,28.726,"14 km SSE of Yakuplu, Turkey",usp000ag0j
2001-06-03 18:38:07,2.3,6,40.765,29.185,"12 km SSE of Adalar, Turkey",usp000afzb
2001-06-01 08:18:24,2.6,7,40.891,28.701,"11 km S of Yakuplu, Turkey",usp000afvf
2001-06-01 07:05:45,3.1,5,40.85,28.74,"16 km SSE of Yakuplu, Turkey",usp000afvc
2001-06-01 05:43:26,3,9,40.858,28.718,"14 km SSE of Yakuplu, Turkey",usp000afv7
2001-05-08 11:32:22,3.1,7,40.648,29.152,"1 km SW of Koruköy, Turkey",usp000aekz
2001-04-17 11:41:58,2.6,8,40.823,29.458,"3 km NE of Gebze, Turkey",usp000adek
2001-03-24 13:07:38,,10,40.778,28.831,"23 km NW of Kocadere, Turkey",usp000abyw
2001-02-28 19:47:57,2.5,7,40.679,28.968,"7 km NW of Kocadere, Turkey",usp000aamf
2001-02-28 17:59:58,2.6,5,40.771,29.211,"11 km SW of ?çmeler, Turkey",usp000aam4
2001-02-26 10:18:43,2.6,12,40.648,29.039,"2 km NNE of Kocadere, Turkey",usp000aae6
2001-02-22 17:50:18,2.7,7,40.681,29.163,"2 km N of Koruköy, Turkey",usp000aa57
2001-02-21 03:37:04,2.6,13,40.79,29.211,"10 km SW of ?çmeler, Turkey",usp000aa0w
2001-01-16 03:33:02,3.8,10,40.916,29.097,"3 km ENE of K?nal?, Turkey",usp000a7s8
2001-01-12 05:39:57,2.7,14,40.742,29.058,"12 km NNW of Ç?narc?k, Turkey",usp000a7j5
2001-01-08 16:53:32,2.8,11,40.757,29.363,"7 km SW of Gebze, Turkey",usp000a7b2
2000-12-04 12:27:16,3.2,16.4,40.793,28.028,"20 km SSE of Marmara Ere?lisi, Turkey",usp000a5g8
2000-11-26 09:01:14,3.2,10.4,40.63,29.126,"1 km S of Ç?narc?k, Turkey",usp000a500
2000-11-23 06:12:15,3,11,40.706,29.428,"4 km NE of Ta?köprü, Turkey",usp000a4qt
2000-11-11 23:29:24,3.2,13.2,40.658,29.127,"1 km N of Ç?narc?k, Turkey",usp000a3ex
2000-10-18 16:30:49,2.6,10,40.8,29.236,"8 km SW of ?çmeler, Turkey",usp000a21k
2000-09-30 13:01:35,2.7,5,40.748,29.089,"11 km NNW of Ç?narc?k, Turkey",usp000a11u
2000-09-30 12:14:47,2.7,12,40.883,29.3,"4 km N of ?çmeler, Turkey",usp000a11s
2000-09-20 19:19:38,2.9,12,40.876,29.285,"3 km NNW of ?çmeler, Turkey",usp000a0jz
2000-09-19 09:22:45,3.6,10,40.739,29.224,"10 km NNW of Yalova, Turkey",usp000a0gr
2000-09-18 14:13:16,2.9,10,40.786,29.247,"8 km SW of ?çmeler, Turkey",usp000a0fp
2000-09-18 09:57:15,2.5,10,40.761,29.155,"11 km N of Koruköy, Turkey",usp000a0fb
2000-09-18 09:56:30,2.7,8,40.951,29.363,"7 km E of Sultanbeyli, Turkey",usp000a0fa
2000-09-16 23:45:51,2.6,9,40.75,29.956,"2 km SE of ?zmit, Turkey",usp000a0bt
2000-09-06 14:22:59,3.6,7.8,40.648,29.193,"2 km ESE of Koruköy, Turkey",usp0009zt6
2000-07-07 00:15:30,4.2,8.8,40.837,29.218,"7 km W of ?çmeler, Turkey",usp0009vyh
2000-04-07 23:48:13,2.6,5,40.692,29.214,"6 km NE of Koruköy, Turkey",usp0009qz9
2000-04-07 22:40:28,2.9,5,40.687,29.184,"4 km NNE of Koruköy, Turkey",usp0009qz6
2000-04-03 10:17:18,3.2,10,40.727,29.654,"4 km WNW of Ula?l?, Turkey",usp0009qrp
2000-03-30 07:08:26,2.7,8.4,40.6,28.999,"4 km SW of Kocadere, Turkey",usp0009qga
2000-03-06 15:08:55,3,0.1,40.919,29.289,"4 km SSE of Sultanbeyli, Turkey",usp0009pcd
2000-02-09 16:41:32,3.7,10,40.717,29.924,"2 km NNW of Kar??yaka, Turkey",usp0009n8n
2000-01-31 14:38:51,4.1,10,40.713,29.345,"5 km NW of Ta?köprü, Turkey",usp0009mw9
2000-01-18 14:18:20,3.2,8.7,41.52,28.526,"17 km NE of Karacaköy, Turkey",usp0009mat
1999-12-29 12:26:42,3.2,5.4,40.807,28.549,"20 km SSW of Beylikdüzü, Turkey",usp0009kef
1999-12-20 07:43:48,2.5,11,40.626,29.096,"3 km SW of Ç?narc?k, Turkey",usp0009k1t
1999-11-14 05:43:20,2.8,3.3,40.655,29.189,"2 km E of Koruköy, Turkey",usp0009hkg
1999-11-14 05:17:34,3.4,17.3,40.63,29.185,"3 km SE of Koruköy, Turkey",usp0009hkf
1999-11-14 03:24:31,2.7,2.9,40.663,29.184,"2 km ENE of Koruköy, Turkey",usp0009hka
1999-11-13 21:33:17,3.3,5.4,40.638,29.174,"2 km SSE of Koruköy, Turkey",usp0009hjh
1999-11-13 15:16:35,3.3,5.5,40.708,29.153,"6 km N of Koruköy, Turkey",usp0009hhr
1999-11-12 09:15:14,2.9,5.4,40.852,28.688,"14 km SSE of Beylikdüzü, Turkey",usp0009he7
1999-11-12 08:26:34,2.6,22,40.639,29.146,"1 km ESE of Ç?narc?k, Turkey",usp0009he5
1999-11-05 08:35:13,3.2,7.6,40.709,29.131,"6 km NNW of Koruköy, Turkey",usp0009h47
1999-10-31 04:11:30,2.7,19.4,40.637,29.096,"2 km WSW of Ç?narc?k, Turkey",usp0009gv9
1999-10-24 15:00:53,2.7,16.5,40.963,29.445,"10 km N of Balç?k, Turkey",usp0009ghu
1999-10-23 02:49:52,3.1,7,40.707,29.2,"6 km NNE of Koruköy, Turkey",usp0009gf7
1999-10-23 02:04:37,2.9,16.8,40.64,29.104,"1 km WSW of Ç?narc?k, Turkey",usp0009gf2
1999-10-20 23:08:19,4.6,10,40.77,29.087,"11 km SSW of Adalar, Turkey",usp0009gax
1999-10-19 19:27:10,2.9,9.1,40.7,29.176,"5 km NNE of Koruköy, Turkey",usp0009g8n
1999-10-11 02:47:47,3.9,0.1,40.667,29.048,"4 km NNE of Kocadere, Turkey",usp0009fpt
1999-10-10 17:36:44,2.5,5.6,40.641,29.101,"2 km WSW of Ç?narc?k, Turkey",usp0009fpc
1999-10-10 11:00:24,2.7,5.9,40.676,29.063,"5 km NNE of Kocadere, Turkey",usp0009fnx
1999-10-03 19:24:48,2.9,9.1,40.609,29.04,"2 km SSE of Kocadere, Turkey",usp0009fdj
1999-10-03 18:17:34,3.1,9.7,40.688,29.988,"1 km E of Yuvac?k, Turkey",usp0009fdg
1999-10-03 16:19:34,3.1,13.1,40.774,29.898,"2 km WNW of ?zmit, Turkey",usp0009fdb
1999-10-03 15:58:44,2.7,14.8,40.734,29.987,"1 km N of Kullar, Turkey",usp0009fd8
1999-10-03 00:35:01,2.7,5.5,40.784,29.798,"2 km NE of Körfez, Turkey",usp0009fbz
1999-09-29 00:13:05,5.2,10,40.739,29.346,"8 km NNW of Ta?köprü, Turkey",usp0009f5w
1999-09-27 04:41:17,2.9,5.3,40.753,29.972,"3 km WNW of Köseköy, Turkey",usp0009f3a
1999-09-26 23:44:12,3.3,5.5,40.749,29.733,"4 km NNW of Hal?dere, Turkey",usp0009f2v
1999-09-24 20:10:45,3.4,8.7,40.771,29.195,"11 km SSE of Adalar, Turkey",usp0009ez6
1999-09-23 07:19:23,2.6,12.6,40.787,29.808,"3 km NE of Körfez, Turkey",usp0009ewq
1999-09-23 06:24:12,3.3,7.8,40.741,29.811,"1 km S of Derince, Turkey",usp0009ewk
1999-09-20 00:16:54,2.7,5.6,40.639,29.105,"1 km WSW of Ç?narc?k, Turkey",usp0009ep3
1999-09-19 18:19:53,3.1,2.6,40.68,29.175,"3 km NNE of Koruköy, Turkey",usp0009enn
1999-09-19 16:31:33,2.7,21,40.779,29.199,"11 km SSE of Adalar, Turkey",usp0009ene
1999-09-19 02:26:48,2.7,8.3,40.622,29.11,"2 km SSW of Ç?narc?k, Turkey",usp0009emm
1999-09-19 01:13:41,2.8,5.5,40.707,29.964,"2 km N of Yuvac?k, Turkey",usp0009emj
1999-09-18 22:13:28,2.8,9.1,40.778,29.917,"1 km NW of ?zmit, Turkey",usp0009emd
1999-09-18 21:14:40,2.9,21.8,40.603,29.05,"3 km SSE of Kocadere, Turkey",usp0009em9
1999-09-18 19:15:29,2.6,12,40.659,29.14,"2 km NE of Ç?narc?k, Turkey",usp0009em2
1999-09-18 17:14:28,2.7,5.5,40.621,29.137,"2 km SSE of Ç?narc?k, Turkey",usp0009eky
1999-09-18 00:48:24,4.5,10,40.607,29.297,"5 km SSE of Yalova, Turkey",usp0009ejt
1999-09-16 13:10:14,2.5,13.6,40.758,29.928,"0 km S of ?zmit, Turkey",usp0009eg9
1999-09-16 05:50:39,2.8,12.9,40.705,29.964,"1 km N of Yuvac?k, Turkey",usp0009efy
1999-09-14 13:35:44,3,13.2,40.669,29.046,"4 km NNE of Kocadere, Turkey",usp0009eed
1999-09-14 10:06:50,2.7,6.4,40.625,29.109,"2 km SSW of Ç?narc?k, Turkey",usp0009ee6
1999-09-13 09:17:47,2.6,5.6,40.727,29.194,"8 km NNE of Koruköy, Turkey",usp0009edc
1999-09-10 05:50:39,2.8,12.9,40.705,29.964,"1 km N of Yuvac?k, Turkey",usp0009e8w
1999-09-09 01:32:08,5,13.1,40.718,29.144,"7 km NNW of Koruköy, Turkey",usp0009e74
1999-09-06 07:16:08,2.9,10.4,40.742,29.694,"4 km N of Ula?l?, Turkey",usp0009e2t
1999-09-06 06:38:42,3.1,10.1,40.787,29.778,"2 km N of Körfez, Turkey",usp0009e2q
1999-08-31 11:06:42,3,4.7,40.729,29.334,"7 km N of Çiftlikköy, Turkey",usp0009dvh
1999-08-31 08:33:23,4.5,10,40.708,29.954,"1 km NNE of Kar??yaka, Turkey",usp0009dv9
1999-08-31 08:10:49,5.2,10,40.711,29.949,"2 km NNE of Kar??yaka, Turkey",usp0009dv7
1999-08-30 15:24:37,3.5,8.5,40.75,29.266,"10 km N of Yalova, Turkey",usp0009duj
1999-08-30 07:18:06,3.2,8.3,40.64,29.114,"1 km SW of Ç?narc?k, Turkey",usp0009dtr
1999-08-28 08:27:47,3.5,10,40.818,29.871,"7 km NW of ?zmit, Turkey",usp0009drc
1999-08-23 21:54:51,4.1,10,40.615,29.162,"4 km S of Koruköy, Turkey",usp0009dj1
1999-08-21 10:01:27,3.8,10,40.658,29.293,"1 km ENE of Yalova, Turkey",usp0009dej
1999-08-21 00:40:25,3.3,10,41.125,29.522,"9 km SW of ?ile, Turkey",usp0009de1
1999-08-20 09:48:36,4,10,40.694,29.708,"1 km SE of Ula?l?, Turkey",usp0009dcd
1999-08-20 00:03:01,4.1,10,40.72,29.994,"0 km SE of Kullar, Turkey",usp0009dbt
1999-08-19 15:26:22,3.8,10,40.652,29.152,"0 km WSW of Koruköy, Turkey",usp0009db0
1999-08-19 15:17:45,5.2,10,40.618,29.138,"3 km SSE of Ç?narc?k, Turkey",usp0009daz
1999-08-19 14:24:35,,10,40.744,29.498,"5 km N of Alt?nova, Turkey",usp0009daw
1999-08-19 14:15:58,4.5,10,40.608,29.2,"2 km WSW of Kad?köy, Turkey",usp0009dav
1999-08-17 20:30:40,3.8,19.4,40.721,29.287,"7 km N of Yalova, Turkey",usp0009d82
1999-08-17 13:10:23,3.9,10,40.642,29.965,"5 km S of Yuvac?k, Turkey",usp0009d77
1999-08-17 10:46:41,4.5,10,40.711,29.942,"1 km N of Kar??yaka, Turkey",usp0009d72
1999-08-17 06:01:32,4,10,40.736,29.964,"2 km WNW of Kullar, Turkey",usp0009d6g
1999-08-17 05:54:47,3.9,10,40.957,28.482,"7 km S of Kumburgaz, Turkey",usp0009d6e
1999-08-17 04:14:22,4.2,10,40.694,29.194,"5 km NNE of Koruköy, Turkey",usp0009d61
1999-08-17 02:23:13,4.2,10,40.709,29.11,"7 km N of Ç?narc?k, Turkey",usp0009d5p
1999-08-17 01:47:05,4,10,40.96,28.985,"6 km S of Eminönü, Turkey",usp0009d5g
1999-08-17 01:33:07,4.6,10,40.648,29.117,"0 km WNW of Ç?narc?k, Turkey",usp0009d5e
1999-08-17 01:31:57,4.2,10,40.7,29.061,"8 km NW of Ç?narc?k, Turkey",usp0009d5d
1999-08-17 00:57:42,4.1,10,40.711,29.801,"1 km WSW of Gölcük, Turkey",usp0009d5b
1999-08-17 00:34:48,4.1,10,40.722,29.947,Western Turkey,usp0009d58
1999-08-17 00:16:26,5,10,40.741,29.97,"2 km NW of Kullar, Turkey",usp0009d53
1999-08-17 00:01:39,7.6,17,40.748,29.864,"4 km ESE of Derince, Turkey",usp0009d4z
1999-08-14 23:50:16,2.7,5.6,40.689,29.163,"3 km N of Koruköy, Turkey",usp0009d1q
1999-08-09 16:17:27,2.5,13.6,41.175,28.934,"8 km SW of Ar?köy, Turkey",usp0009cu6
1999-07-14 04:17:44,2.7,10,40.739,29.839,"2 km SE of Derince, Turkey",usp0009bk7
1999-07-12 07:21:14,2.9,5,40.604,29.23,"1 km SSE of Kad?köy, Turkey",usp0009bg5
1999-07-11 20:16:06,2.8,10,40.701,29.745,"1 km SSW of Hal?dere, Turkey",usp0009bf4
1999-07-10 11:27:17,3.1,8,40.678,29.994,"2 km ESE of Yuvac?k, Turkey",usp0009bcz
1999-07-08 16:21:16,2.6,13,40.729,28.082,"28 km SSE of Marmara Ere?lisi, Turkey",usp0009b9v
1999-07-06 00:27:04,2.7,5,40.709,29.782,"2 km ESE of Hal?dere, Turkey",usp0009b4r
1999-07-06 00:13:12,2.6,5,40.735,29.867,"4 km ENE of Gölcük, Turkey",usp0009b4q
1999-07-05 22:30:03,3.4,8,40.749,29.842,"2 km ESE of Derince, Turkey",usp0009b4n
1999-07-01 14:24:28,2.9,8.7,40.701,29.991,"2 km NE of Yuvac?k, Turkey",usp0009avv
1999-06-28 20:46:38,2.6,12,40.736,29.795,"2 km SW of Derince, Turkey",usp0009ar8
1999-06-28 13:53:34,3.3,7,40.688,29.842,"0 km ESE of ?hsaniye, Turkey",usp0009aqm
1999-06-27 22:44:29,2.9,21.7,40.867,28.761,"15 km SSE of Yakuplu, Turkey",usp0009ap3
1999-06-23 15:42:43,2.7,14,40.907,29.311,"6 km N of ?çmeler, Turkey",usp0009ach
1999-06-22 22:55:12,3,5,40.721,29.862,"3 km E of Gölcük, Turkey",usp0009abg
1999-06-22 10:58:22,2.6,10,40.649,29.579,"4 km NNE of Yalakdere, Turkey",usp0009aaq
1999-06-16 03:55:04,2.9,5,40.695,29.188,"4 km NNE of Koruköy, Turkey",usp00099ys
1999-06-15 15:09:08,2.5,5,40.753,29.265,"10 km N of Yalova, Turkey",usp00099xn
1999-06-14 17:39:05,2.7,9,40.708,29.278,"5 km N of Yalova, Turkey",usp00099ve
1999-06-12 16:54:16,2.5,5,41.138,28.878,"3 km NNE of Sultangazi, Turkey",usp00099rn
1999-06-11 11:27:41,2.6,10,41.106,28.845,"1 km W of Sultangazi, Turkey",usp00099pk
1999-06-10 15:41:00,2.6,6,41.422,28.181,"16 km W of Karacaköy, Turkey",usp00099n5
1999-06-08 16:04:42,2.6,10,40.817,29.375,"4 km WNW of Gebze, Turkey",usp00099hd
1999-06-07 23:08:50,2.6,10,41.614,28.627,"31 km NE of Karacaköy, Turkey",usp00099ga
1999-06-07 08:16:03,2.7,10,40.994,29.324,"5 km NE of Sultanbeyli, Turkey",usp00099er
1999-06-05 15:19:08,3,9,40.757,29.923,"1 km SSW of ?zmit, Turkey",usp00099bh
1999-06-04 13:28:47,2.7,10,41.175,28.833,"7 km E of Arnavutköy, Turkey",usp000999j
1999-06-03 03:46:42,3,10,40.683,29.952,"1 km WSW of Yuvac?k, Turkey",usp0009974
1999-06-02 14:03:13,2.6,10,40.68,29.995,"2 km ESE of Yuvac?k, Turkey",usp000996d
1999-06-01 11:06:25,3.1,10,40.871,27.95,"10 km S of Marmara Ere?lisi, Turkey",usp000994n
1999-05-31 10:35:09,2.6,7,41.147,29.367,"19 km NE of Sancaktepe, Turkey",usp000992m
1999-05-30 07:23:54,2.7,7,40.851,28.752,"16 km SSE of Yakuplu, Turkey",usp000990u
1999-05-30 03:21:24,2.9,14,40.911,28.814,"10 km SSW of Bahçelievler, Turkey",usp000990f
1999-05-30 00:32:29,2.5,5,40.826,28.762,"19 km SSE of Yakuplu, Turkey",usp0009907
1999-05-30 00:06:34,2.7,13,40.88,28.795,"14 km SSW of Bahçelievler, Turkey",usp0009903
1999-05-29 22:43:55,3.2,9.3,40.845,28.769,"17 km SSE of Yakuplu, Turkey",usp00098zz
1999-05-29 22:21:11,2.8,10,40.842,28.8,"18 km SSW of Bahçelievler, Turkey",usp00098zy
1999-05-29 06:15:52,2.5,10,40.771,28.083,"24 km SSE of Marmara Ere?lisi, Turkey",usp00098yh
1999-05-29 01:10:46,2.7,8,40.784,27.979,"20 km S of Marmara Ere?lisi, Turkey",usp00098y4
1999-05-22 16:49:28,2.6,8,40.912,29.313,"6 km SSE of Sultanbeyli, Turkey",usp00098hy
1999-05-20 05:42:02,3,13,40.751,29.798,"1 km WSW of Derince, Turkey",usp00098bz
1999-05-14 14:56:38,2.6,5,41.274,28.828,"12 km NE of Arnavutköy, Turkey",usp00097yh
1999-05-11 04:35:15,2.8,10,40.654,29.102,"2 km WNW of Ç?narc?k, Turkey",usp00097s3
1999-05-02 12:03:07,2.6,5,40.91,29.27,"5 km S of Sultanbeyli, Turkey",usp000977u
1999-05-01 20:53:56,2.7,9,40.659,29.964,"3 km S of Yuvac?k, Turkey",usp000976h
1999-04-09 15:34:49,2.7,10,41.098,28.059,"2 km NW of Çanta, Turkey",usp0009611
1999-03-29 03:37:50,2.5,10,40.652,29.079,"3 km W of Ç?narc?k, Turkey",usp00095dm
1999-03-28 19:50:02,3.1,5,40.833,28.126,"20 km SE of Marmara Ere?lisi, Turkey",usp00095cm
1999-03-27 12:45:32,2.8,10,40.858,27.829,"16 km SW of Marmara Ere?lisi, Turkey",usp000959b
1999-03-26 15:51:29,2.4,9,40.688,29.958,"0 km W of Yuvac?k, Turkey",usp000957z
1999-03-24 14:57:22,2.4,12,40.854,29.48,"4 km NW of Tav?anl?, Turkey",usp0009538
1999-03-22 14:05:11,2.5,10,40.982,29.494,"13 km NNE of Balç?k, Turkey",usp00094za
1999-03-17 01:52:01,2.6,5,40.96,27.922,"2 km WSW of Marmara Ere?lisi, Turkey",usp00094n4
1999-03-16 12:02:05,2.7,10,41.109,28.5,"1 km NNE of Muratbey, Turkey",usp00094m5
1999-03-16 10:31:54,2.6,10,41.091,28.952,"4 km NW of ?i?li, Turkey",usp00094m1
1999-03-13 10:58:04,2.9,9,40.612,27.894,"25 km NNE of Erdek, Turkey",usp00094en
1999-03-12 03:02:30,2.5,10,40.7,29.919,"2 km WNW of Kar??yaka, Turkey",usp00094bn
1999-03-12 00:57:58,3,5,40.705,29.941,"1 km N of Kar??yaka, Turkey",usp00094bc
1999-03-12 00:21:35,2.5,5,40.667,29.896,"1 km W of Bahçecik, Turkey",usp00094b6
1999-03-07 12:47:51,2.6,10,41.029,29.4,"13 km NE of Sultanbeyli, Turkey",usp0009414
1999-02-28 23:27:43,2.6,5,40.73,28.999,"11 km NNW of Kocadere, Turkey",usp00093nc
1999-02-26 07:27:08,2.8,5,41.569,28.063,"24 km E of Vize, Turkey",usp00093fn
1999-02-25 19:16:13,2.8,10,40.725,29.852,"3 km ENE of Gölcük, Turkey",usp00093e9
1999-02-13 20:40:09,2.6,10,40.698,29.896,"3 km NNW of Bahçecik, Turkey",usp00092ru
1999-02-09 08:14:45,2.6,10,40.914,29.288,"5 km SSE of Sultanbeyli, Turkey",usp00092h6
1999-02-07 11:05:25,2.6,10,40.813,28.361,"25 km SSW of Kumburgaz, Turkey",usp00092dv
1999-02-07 00:32:21,2.7,10,40.733,29.189,"9 km NNE of Koruköy, Turkey",usp00092d2
1999-02-06 16:33:02,2.8,14,40.886,27.982,"9 km SSE of Marmara Ere?lisi, Turkey",usp00092cf
1999-02-03 06:56:55,2.6,5,40.797,27.981,"19 km S of Marmara Ere?lisi, Turkey",usp0009269
1999-01-20 12:06:22,3,10,40.742,29.819,"1 km SSE of Derince, Turkey",usp00091d8
1999-01-13 23:09:51,2.5,10,40.697,29.881,"3 km E of ?hsaniye, Turkey",usp0009129
1999-01-05 09:42:24,2.9,7,40.851,27.886,"14 km SSW of Marmara Ere?lisi, Turkey",usp00090ng
1999-01-04 05:26:36,2.8,5,40.744,29.847,"3 km ESE of Derince, Turkey",usp00090kr
1999-01-02 00:24:17,2.7,12,40.712,29.944,"2 km N of Kar??yaka, Turkey",usp00090h4
1999-01-01 19:12:03,2.8,15,40.702,29.943,"0 km N of Kar??yaka, Turkey",usp00090gr
1999-01-01 17:18:53,2.8,10,40.718,29.976,"1 km WSW of Kullar, Turkey",usp00090gj
1999-01-01 16:30:26,2.7,10,40.671,29.778,"5 km WSW of ?hsaniye, Turkey",usp00090gd
1999-01-01 16:21:33,3.4,11,40.712,29.965,"2 km WSW of Kullar, Turkey",usp00090gc
1999-01-01 15:04:35,2.8,14,40.707,29.955,"1 km NE of Kar??yaka, Turkey",usp00090g3
1998-12-07 13:19:58,2.8,7,40.719,29.906,"4 km NW of Kar??yaka, Turkey",usp0008z9w
1998-11-25 23:38:18,,10,41.254,29.856,"13 km N of Ağva, Turkey",usp0008yr6
1998-11-19 14:49:41,2.5,10,40.983,29.588,"18 km NE of Balç?k, Turkey",usp0008yf0
1998-11-14 12:24:46,2.6,10,40.735,29.826,"2 km NNE of Gölcük, Turkey",usp0008y6g
1998-11-13 12:07:25,2.9,5,41.185,29.189,"16 km ESE of Ar?köy, Turkey",usp0008y4j
1998-11-13 01:31:38,2.7,5,40.726,29.878,"5 km ENE of Gölcük, Turkey",usp0008y3v
1998-11-12 00:28:50,2.5,10,40.742,29.856,"3 km ESE of Derince, Turkey",usp0008y1s
1998-11-11 12:36:58,3.1,10,40.697,29.99,"2 km ENE of Yuvac?k, Turkey",usp0008y10
1998-11-11 12:24:04,2.5,10,40.718,29.907,"3 km NW of Kar??yaka, Turkey",usp0008y0z
1998-11-11 11:56:54,2.4,10,40.716,29.827,"0 km E of Gölcük, Turkey",usp0008y0u
1998-11-11 11:50:05,3,10,40.741,29.987,"1 km W of Köseköy, Turkey",usp0008y0t
1998-11-11 11:36:39,3.4,10,40.676,29.96,"1 km SSW of Yuvac?k, Turkey",usp0008y0r
1998-11-11 11:33:55,3.5,10,40.665,29.947,"2 km E of Bahçecik, Turkey",usp0008y0q
1998-11-11 06:02:46,2.6,10,40.719,29.923,"3 km NNW of Kar??yaka, Turkey",usp0008y0c
1998-11-10 17:13:22,2.6,10,41.106,28.825,"2 km NE of Ba?ak?ehir, Turkey",usp0008xzk
1998-11-07 12:23:47,2.8,8,41.395,28.137,"16 km NE of Çerkezköy, Turkey",usp0008xs8
1998-11-01 18:04:07,2.7,5,40.742,29.11,"10 km NNW of Koruköy, Turkey",usp0008xee
1998-10-30 23:15:17,3.3,5,40.784,28.908,"18 km SW of Adalan, Turkey",usp0008xas
1998-10-29 03:02:13,2.7,8,40.736,29.901,"4 km SW of ?zmit, Turkey",usp0008x7j
1998-09-21 03:51:20,2.6,8,40.675,28.964,"7 km NW of Kocadere, Turkey",usp0008v9m
1998-09-14 01:44:48,2.6,10,40.616,29.03,"1 km S of Kocadere, Turkey",usp0008uwj
1998-09-13 17:30:05,2.7,5,41.529,28.33,"14 km NNW of Karacaköy, Turkey",usp0008uw3
1998-09-03 15:21:06,2.8,10,41.718,28.045,"28 km NE of Vize, Turkey",usp0008uc1
1998-09-02 09:57:44,2.7,11,41.209,29.207,"17 km E of Ar?köy, Turkey",usp0008u94
1998-08-31 21:15:38,3.2,5,40.77,29.049,"12 km SSW of Adalan, Turkey",usp0008u6c
1998-08-31 10:34:33,2.7,10,40.825,29.518,"0 km NE of Tav?anl?, Turkey",usp0008u5n
1998-08-24 22:44:33,2.7,12,40.603,28.978,"5 km SW of Kocadere, Turkey",usp0008ttv
1998-08-11 02:25:31,2.7,5,40.857,28.486,"18 km S of Kumburgaz, Turkey",usp0008t36
1998-08-11 01:15:19,2.6,5,40.844,28.462,"19 km S of Kumburgaz, Turkey",usp0008t34
1998-08-10 16:58:46,2.8,15,41.06,28.887,"2 km NNE of Esenler, Turkey",usp0008t2h
1998-07-26 12:29:34,2.5,5,40.986,29.316,"4 km NE of Sultanbeyli, Turkey",usp0008s6t
1998-07-18 16:32:16,2.8,10,41.185,28.278,"11 km NNW of Kavakl?, Turkey",usp0008rtp
1998-07-15 00:34:00,2.9,10,40.629,29.149,"2 km SE of Ç?narc?k, Turkey",usp0008rhe
1998-07-14 23:30:48,2.8,5,40.654,29.108,"1 km NW of Ç?narc?k, Turkey",usp0008rhb
1998-07-14 23:02:13,2.7,5,40.642,29.163,"1 km S of Koruköy, Turkey",usp0008rha
1998-07-14 22:56:30,3.2,6,40.623,29.119,"2 km S of Ç?narc?k, Turkey",usp0008rh8
1998-07-14 21:56:55,2.9,10,40.641,29.13,"0 km SE of Ç?narc?k, Turkey",usp0008rh4
1998-07-11 12:13:54,2.8,10,40.675,27.934,"32 km S of Marmara Ere?lisi, Turkey",usp0008rb3
1998-07-09 00:51:25,2.6,5,40.806,28.021,"18 km SSE of Marmara Ere?lisi, Turkey",usp0008r6p
1998-07-08 21:40:27,3,6,40.856,28.055,"15 km SE of Marmara Ere?lisi, Turkey",usp0008r6a
1998-07-08 21:39:19,2.8,6,40.776,28.101,"24 km SSE of Marmara Ere?lisi, Turkey",usp0008r69
1998-07-08 00:39:55,2.7,7,40.635,29.096,"2 km WSW of Ç?narc?k, Turkey",usp0008r4r
1998-07-07 12:52:42,2.9,11,40.816,28.094,"20 km SE of Marmara Ere?lisi, Turkey",usp0008r3w
1998-07-06 14:19:29,2.7,6,40.619,28.014,"29 km N of Band?rma, Turkey",usp0008r1x
1998-07-03 06:53:40,2.8,10,41.315,28.241,"15 km SW of Karacaköy, Turkey",usp0008qvx
1998-07-01 11:29:09,2.7,11,40.832,29.491,"2 km NW of Tav?anl?, Turkey",usp0008qsu
1998-06-19 13:44:15,2.8,5,40.82,28.133,"22 km SE of Marmara Ere?lisi, Turkey",usp0008q4t
1998-06-18 16:44:36,2.8,10,40.85,28.711,"15 km S of Yakuplu, Turkey",usp0008q3j
1998-06-16 11:15:33,2.8,11,40.892,29.497,"6 km ENE of Balç?k, Turkey",usp0008pzg
1998-06-16 07:24:21,2.8,7,40.703,29.7,"0 km SE of Ula?l?, Turkey",usp0008pz7
1998-06-08 05:39:05,,10,40.825,28.186,"25 km SE of Marmara Ere?lisi, Turkey",usp0008phr
1998-06-07 20:03:50,3.1,14,40.908,28.049,"10 km SE of Marmara Ere?lisi, Turkey",usp0008pgz
1998-06-06 12:16:07,2.7,10,40.629,28.631,"33 km W of Kocadere, Turkey",usp0008pef
1998-06-06 09:09:23,2.7,13,40.843,28.247,"25 km SSW of Selimpa?a, Turkey",usp0008pe4
1998-06-05 09:28:33,2.7,5,41.572,28.98,"37 km N of Ar?köy, Turkey",usp0008pcb
1998-05-31 15:16:28,2.8,6,40.638,28.887,"12 km W of Kocadere, Turkey",usp0008p38
1998-05-30 23:55:21,2.7,5,40.637,29.146,"2 km ESE of Ç?narc?k, Turkey",usp0008p21
1998-05-30 16:45:09,2.8,8,41.42,28.235,"12 km W of Karacaköy, Turkey",usp0008p0x
1998-05-27 15:01:06,2.4,10,40.866,29.535,"5 km NNE of Tav?anl?, Turkey",usp0008nt2
1998-05-27 13:50:59,2.8,10,41.067,29.188,"7 km NE of Umraniye, Turkey",usp0008nsz
1998-05-25 17:37:09,3,9,40.66,29.984,"3 km SSE of Yuvac?k, Turkey",usp0008nq7
1998-05-25 10:14:21,2.6,10,41.115,28.902,"2 km ENE of Sultangazi, Turkey",usp0008npw
1998-05-23 17:47:16,2.6,13,40.688,29.729,"3 km SE of Ula?l?, Turkey",usp0008nmg
1998-05-23 15:53:41,2.6,5,41.202,29.018,"3 km SSE of Ar?köy, Turkey",usp0008nm9
1998-05-19 14:24:14,2.8,10,40.645,29.185,"2 km ESE of Koruköy, Turkey",usp0008ncr
1998-05-18 09:46:52,2.9,10,40.639,29.151,"1 km SSW of Koruköy, Turkey",usp0008nas
1998-05-18 09:39:41,2.6,12,40.659,29.2,"3 km E of Koruköy, Turkey",usp0008nar
1998-05-16 05:33:34,2.8,5,40.774,27.931,"21 km S of Marmara Ere?lisi, Turkey",usp0008n5w
1998-05-16 00:47:41,2.6,6,40.789,27.873,"21 km SSW of Marmara Ere?lisi, Turkey",usp0008n5g
1998-05-15 21:22:04,2.7,10,40.748,27.985,Western Turkey,usp0008n56
1998-05-15 21:20:03,2.6,8,40.762,27.865,"24 km SSW of Marmara Ere?lisi, Turkey",usp0008n55
1998-05-15 20:17:53,2.7,5,40.848,28.75,"16 km SSE of Yakuplu, Turkey",usp0008n51
1998-05-14 13:30:35,2.7,6,40.617,28.59,"36 km NW of Mudanya, Turkey",usp0008n1z
1998-05-09 11:35:13,2.8,10,41.037,28.368,"1 km S of Selimpa?a, Turkey",usp0008mrq
1998-05-09 08:08:23,2.9,5,40.628,29.106,"2 km SW of Ç?narc?k, Turkey",usp0008mrd
1998-05-05 20:43:48,2.9,10,40.699,29.815,"1 km S of Gölcük, Turkey",usp0008mhm
1998-04-29 07:34:07,2.8,9,40.829,27.839,"18 km SSW of Marmara Ere?lisi, Turkey",usp0008m47
1998-04-28 10:36:21,2.7,6,40.878,29.493,"5 km E of Balç?k, Turkey",usp0008m31
1998-04-27 10:25:10,2.7,12,40.687,29.948,"0 km SE of Kar??yaka, Turkey",usp0008m19
1998-04-26 07:18:20,2.8,7,40.636,29.116,"1 km SW of Ç?narc?k, Turkey",usp0008kzm
1998-04-26 06:31:40,2.7,5,40.64,29.146,"1 km ESE of Ç?narc?k, Turkey",usp0008kzg
1998-04-22 16:35:23,2.7,10,41.022,28.422,"3 km S of Celâliye, Turkey",usp0008ksa
1998-04-22 09:42:15,2.6,7,40.761,29.269,"10 km SSW of ?çmeler, Turkey",usp0008krr
1998-04-18 15:39:57,3.2,13,40.733,29.869,"4 km ENE of Gölcük, Turkey",usp0008kgy
1998-04-16 12:15:58,2.8,10,41.067,28.958,"2 km WNW of ?i?li, Turkey",usp0008kcg
1998-04-15 16:05:35,3,10,40.625,29.175,"3 km SSE of Koruköy, Turkey",usp0008kak
1998-04-14 12:31:43,2.6,10,41.02,29.345,"9 km NE of Sultanbeyli, Turkey",usp0008k7y
1998-04-14 06:16:15,2.7,8,41.471,29.165,"29 km NNE of Ar?köy, Turkey",usp0008k6y
1998-04-05 19:26:04,2.7,9,40.882,28.756,"13 km SSE of Yakuplu, Turkey",usp0008jm8
1998-04-04 10:51:42,2.8,10,41.326,28.95,"11 km NNW of Ar?köy, Turkey",usp0008jj8
1998-04-04 01:45:23,3.1,10,40.741,29.885,"4 km SW of ?zmit, Turkey",usp0008jhr
1998-04-02 13:30:16,2.7,5,40.615,29.077,"4 km ESE of Kocadere, Turkey",usp0008jex
1998-03-31 21:31:07,2.6,10,40.976,28.439,Western Turkey,usp0008jbu
1998-03-31 15:34:32,2.8,9,41.474,28.147,Western Turkey,usp0008jb4
1998-03-31 07:06:22,2.6,10,40.64,29.13,"0 km SE of Ç?narc?k, Turkey",usp0008jaj
1998-03-27 17:36:36,2.8,5,40.741,29.95,"3 km SSE of ?zmit, Turkey",usp0008j4n
1998-03-24 03:07:47,2.7,12,40.629,29.129,"1 km SSE of Ç?narc?k, Turkey",usp0008hy3
1998-03-24 02:32:24,3.1,7,40.631,29.11,"2 km SW of Ç?narc?k, Turkey",usp0008hy2
1998-03-24 01:51:44,2.7,7,40.635,29.114,"1 km SW of Ç?narc?k, Turkey",usp0008hxy
1998-03-24 01:40:34,2.9,10,40.634,29.144,"2 km SE of Ç?narc?k, Turkey",usp0008hxw
1998-03-22 13:50:14,2.8,11,40.727,29.664,"3 km NW of Ula?l?, Turkey",usp0008hv5
1998-03-21 07:20:14,2.9,5,40.625,29.078,"4 km E of Kocadere, Turkey",usp0008hss
1998-03-17 21:17:35,3.1,7,40.778,29.952,"2 km NE of ?zmit, Turkey",usp0008hmn
1998-03-15 04:37:39,2.7,5,41.05,27.984,"3 km N of Sultanköy, Turkey",usp0008hgw
1998-03-13 00:41:03,2.9,5,40.688,29.74,"3 km SSW of Hal?dere, Turkey",usp0008hd5
1998-03-12 18:08:25,2.7,7,40.647,29.138,"1 km E of Ç?narc?k, Turkey",usp0008hcs
1998-03-11 07:56:40,2.8,10,40.901,28.332,"17 km S of Selimpa?a, Turkey",usp0008hap
1998-03-10 17:53:16,3,6,40.609,29.103,"4 km SSW of Ç?narc?k, Turkey",usp0008h9d
1998-03-10 05:20:30,2.9,5,40.64,29.158,"1 km SSW of Koruköy, Turkey",usp0008h8j
1998-03-10 00:55:05,3,10,40.647,29.156,"1 km SW of Koruköy, Turkey",usp0008h8b
1998-03-09 17:18:52,3.2,10,40.62,29.108,"3 km SSW of Ç?narc?k, Turkey",usp0008h7u
1998-03-08 20:39:55,2.9,7,40.629,29.12,"1 km SSW of Ç?narc?k, Turkey",usp0008h6c
1998-03-08 20:36:11,3,5,40.648,29.117,"0 km WNW of Ç?narc?k, Turkey",usp0008h6b
1998-03-08 16:54:44,2.9,5,40.629,29.126,"1 km S of Ç?narc?k, Turkey",usp0008h65
1998-03-08 15:28:09,3,5,40.631,29.114,"1 km SSW of Ç?narc?k, Turkey",usp0008h62
1998-03-08 15:15:15,2.9,5,40.631,29.103,"2 km SW of Ç?narc?k, Turkey",usp0008h61
1998-03-08 15:14:33,2.7,10,40.635,29.129,"1 km SSE of Ç?narc?k, Turkey",usp0008h60
1998-03-08 07:10:49,2.6,8,40.64,29.129,"0 km SSE of Ç?narc?k, Turkey",usp0008h5c
1998-03-07 23:07:12,2.8,5,40.639,29.139,"1 km ESE of Ç?narc?k, Turkey",usp0008h4r
1998-03-07 06:24:47,2.9,6,40.616,29.095,"4 km SW of Ç?narc?k, Turkey",usp0008h39
1998-03-07 06:06:53,3,7,40.619,29.083,"4 km SW of Ç?narc?k, Turkey",usp0008h37
1998-03-07 05:19:04,3.3,12,40.655,29.102,"2 km WNW of Ç?narc?k, Turkey",usp0008h35
1998-03-06 22:45:55,2.9,5,40.631,29.095,"2 km WSW of Ç?narc?k, Turkey",usp0008h2g
1998-03-06 22:08:12,2.7,5,40.688,29.179,"3 km NNE of Koruköy, Turkey",usp0008h2b
1998-03-06 12:27:40,2.6,5,40.66,29.14,"2 km WNW of Koruköy, Turkey",usp0008h1j
1998-03-05 17:19:11,2.4,9,40.66,29.184,"1 km ENE of Koruköy, Turkey",usp0008gzv
1998-02-21 17:58:21,2.7,13,40.686,29.157,"3 km N of Koruköy, Turkey",usp0008gd2
1998-02-10 17:14:01,2.8,10,40.789,28.014,"20 km SSE of Marmara Ere?lisi, Turkey",usp0008fst
1998-01-26 00:52:31,2.5,10,40.833,29.098,"4 km S of Adalan, Turkey",usp0008ez3
1998-01-25 14:45:54,2.8,10,41.561,27.965,"16 km E of Vize, Turkey",usp0008eyf
1998-01-25 10:02:43,3.2,9,40.845,28.26,"24 km SSW of Selimpa?a, Turkey",usp0008ey5
1998-01-16 21:18:07,2.9,13,40.732,29.36,"6 km NNW of Ta?köprü, Turkey",usp0008efu
1998-01-15 16:16:15,2.7,5,40.749,28.111,"27 km SSE of Marmara Ere?lisi, Turkey",usp0008edj
1998-01-14 19:38:01,2.6,13,40.809,29.227,"8 km WSW of ?çmeler, Turkey",usp0008ebj
1998-01-14 06:51:33,2.7,10,41.341,29.3,"27 km ENE of Ar?köy, Turkey",usp0008eaa
1998-01-14 01:46:20,2.7,6,40.706,29.784,"2 km ESE of Hal?dere, Turkey",usp0008e9u
1998-01-04 21:53:41,2.7,10,41.087,27.857,"9 km SSE of Çorlu, Turkey",usp0008drs
1997-12-24 15:21:45,2.8,10,40.617,27.968,"28 km NNE of Erdek, Turkey",usp0008d4j
1997-12-22 09:34:56,2.9,10,40.8,27.92,"19 km S of Marmara Ere?lisi, Turkey",usp0008d13
1997-12-07 15:57:50,2.8,10,40.676,29.724,"4 km SE of Ula?l?, Turkey",usp0008c6v
1997-12-07 07:45:35,2.7,10,41.359,28.061,"9 km NNE of Çerkezköy, Turkey",usp0008c5r
1997-11-14 15:38:21,2.8,10,40.62,29.85,"7 km SW of Bahçecik, Turkey",usp0008ans
1997-04-07 13:05:36,2.6,10,41.183,28.771,Western Turkey,usp0008040
1997-03-31 12:57:25,2.6,10,41.083,28.789,"1 km SW of Ba?ak?ehir, Turkey",usp0007zry
1997-03-29 21:20:58,3.5,10,40.72,29.958,"2 km W of Kullar, Turkey",usp0007zpn
1997-03-28 22:54:34,2.8,10,40.687,29.828,"0 km SW of ?hsaniye, Turkey",usp0007zne
1997-03-28 04:01:22,3,10,40.691,29.719,"2 km SE of Ula?l?, Turkey",usp0007zkq
1997-03-26 15:30:19,2.6,10,41.118,28.756,"4 km NW of Ba?ak?ehir, Turkey",usp0007zfs
1997-03-26 05:45:11,2.6,10,40.699,29.02,"7 km N of Kocadere, Turkey",usp0007zen
1997-03-08 02:20:21,2.8,10,40.934,28.133,"15 km ESE of Marmara Ere?lisi, Turkey",usp0007yg6
1997-03-04 01:27:46,3,10,40.712,29.838,"1 km ESE of Gölcük, Turkey",usp0007y7x
1997-03-02 23:59:14,2.7,5,40.732,29.754,"1 km N of Hal?dere, Turkey",usp0007y5m
1997-02-28 21:54:46,2.7,10,40.666,29.174,"1 km NE of Koruköy, Turkey",usp0007y19
1997-02-27 08:25:28,3.1,10,40.639,29.541,"4 km NNW of Yalakdere, Turkey",usp0007xw7
1997-02-22 19:39:56,3.1,10,40.695,29.68,"1 km SW of Ula?l?, Turkey",usp0007xnm
1997-02-19 14:39:37,2.6,10,40.679,29.718,"3 km SSE of Ula?l?, Turkey",usp0007xgb
1997-02-19 12:39:09,2.9,15,40.683,29.825,"1 km SW of ?hsaniye, Turkey",usp0007xg6
1997-02-19 11:13:15,2.7,10,40.71,29.656,"3 km W of Ula?l?, Turkey",usp0007xg3
1997-02-19 10:55:36,3,10,40.708,29.755,"0 km SSE of Hal?dere, Turkey",usp0007xg1
1997-02-12 21:07:11,3.1,5,40.703,29.801,"1 km SW of Gölcük, Turkey",usp0007x59
1997-02-12 20:44:11,2.8,10,40.7,29.713,"1 km ESE of Ula?l?, Turkey",usp0007x58
1997-02-12 19:45:23,3,10,40.709,29.936,"1 km NNW of Kar??yaka, Turkey",usp0007x55
1997-02-12 14:19:07,2.7,10,40.694,29.728,"3 km ESE of Ula?l?, Turkey",usp0007x4q
1997-02-12 13:13:52,2.7,10,40.718,29.803,"1 km WNW of Gölcük, Turkey",usp0007x4m
1997-02-11 04:19:05,3,10,40.673,29.969,"1 km S of Yuvac?k, Turkey",usp0007x2k
1996-02-24 05:59:05,2.8,5,40.702,29.969,"1 km N of Yuvac?k, Turkey",usp0007dte
1996-02-19 14:12:39,2.8,10,40.787,29.229,"9 km SW of ?çmeler, Turkey",usp0007dfz
1996-02-17 13:01:02,2.6,10,40.823,29.173,"6 km SE of Adalar, Turkey",usp0007d4y
1996-02-15 18:56:45,2.7,10,40.75,27.946,"24 km S of Marmara Ere?lisi, Turkey",usp0007cz9
1996-02-14 07:20:55,2.8,10,40.717,29.977,"1 km SW of Kullar, Turkey",usp0007cwg
1996-02-14 04:13:09,2.4,10,40.677,29.975,"1 km SSE of Yuvac?k, Turkey",usp0007cw7
1996-02-14 03:46:36,2.6,10,40.693,29.982,"1 km ENE of Yuvac?k, Turkey",usp0007cw5
1996-02-14 03:26:08,2.4,10,40.68,29.994,"2 km ESE of Yuvac?k, Turkey",usp0007cw0
1996-02-14 02:13:16,2.9,10,40.686,29.976,"0 km ESE of Yuvac?k, Turkey",usp0007cvy
1996-02-13 09:12:55,2.9,10,40.839,28.808,Western Turkey,usp0007cur
1996-02-11 07:43:30,2.8,10,40.68,29.996,"2 km ESE of Yuvac?k, Turkey",usp0007cr0
1996-02-10 20:19:27,2.6,10,40.641,29.884,"3 km SW of Bahçecik, Turkey",usp0007cq8
1996-02-08 04:09:56,2.6,10,40.721,29.77,"1 km ENE of Hal?dere, Turkey",usp0007cj6
1996-02-08 03:33:12,3.3,10,40.71,29.725,Western Turkey,usp0007cj3
1996-02-07 09:39:23,2.7,10,41.307,29.398,"23 km NW of ?ile, Turkey",usp0007cgr
1996-01-30 13:34:25,2.7,10,40.737,29.988,"1 km N of Kullar, Turkey",usp0007c05
1996-01-28 20:34:05,2.6,10,40.834,28.72,"17 km SSE of Yakuplu, Turkey",usp0007bws
1996-01-28 14:27:35,2.7,10,41.262,28.96,"5 km NW of Ar?köy, Turkey",usp0007bwd
1996-01-28 05:06:40,2.5,10,40.788,28.269,"30 km SSW of Selimpa?a, Turkey",usp0007bvf
1996-01-04 01:28:24,2.7,10,40.818,28.033,"18 km SSE of Marmara Ere?lisi, Turkey",usp0007aa1
1996-01-03 21:02:20,2.9,10,40.808,28.08,"20 km SSE of Marmara Ere?lisi, Turkey",usp0007a9k
1996-01-03 13:17:17,2.4,10,40.818,29.486,"2 km W of Tav?anl?, Turkey",usp0007a8q
1995-12-22 11:27:28,2.6,10,40.657,29.894,"2 km SW of Bahçecik, Turkey",usp00079dd
1995-12-22 09:48:29,2.8,5,40.672,29.986,"2 km SE of Yuvac?k, Turkey",usp00079da
1995-12-21 21:58:59,2.8,5,41.345,27.98,"6 km NNW of Çerkezköy, Turkey",usp00079ch
1995-12-17 23:10:30,2.5,10,40.612,29.983,"8 km SE of Bahçecik, Turkey",usp000795n
1995-12-14 09:30:17,2.5,10,40.704,29.158,"5 km N of Koruköy, Turkey",usp00078z1
1995-12-13 09:41:33,2.6,10,41.316,29.452,"20 km NW of ?ile, Turkey",usp00078x6
1995-12-12 19:03:19,2.8,10,40.689,29.971,"0 km ENE of Yuvac?k, Turkey",usp00078w0
1995-12-12 14:29:40,2.9,10,41.197,29.193,"16 km ESE of Ar?köy, Turkey",usp00078vp
1995-12-07 21:57:02,2.8,10,40.691,29.089,"5 km NNW of Ç?narc?k, Turkey",usp00078jc
1995-12-03 10:01:04,2.7,10,40.835,28.128,"20 km SE of Marmara Ere?lisi, Turkey",usp000781b
1995-12-01 22:07:20,2.7,10,40.81,28.144,"23 km SE of Marmara Ere?lisi, Turkey",usp00077xe
1995-11-29 00:50:14,2.8,10,40.818,28.136,"22 km SE of Marmara Ere?lisi, Turkey",usp00077qf
1995-11-26 17:37:49,2.9,10,40.805,27.805,"22 km SW of Marmara Ere?lisi, Turkey",usp00077k1
1995-11-25 11:01:39,2.8,10,40.684,29.96,"0 km SW of Yuvac?k, Turkey",usp00077fy
1995-11-24 22:12:30,2.8,5,40.713,29.032,"9 km N of Kocadere, Turkey",usp00077ek
1995-11-24 13:44:12,2.6,5,41.257,28.823,"10 km NE of Arnavutköy, Turkey",usp00077dv
1995-11-22 05:26:32,2.7,10,40.834,27.941,"15 km S of Marmara Ere?lisi, Turkey",usp000778g
1995-11-11 04:01:59,2.6,5,40.798,28.072,"21 km SSE of Marmara Ere?lisi, Turkey",usp00076mh
1995-10-28 10:44:59,4,10,40.831,27.959,"15 km S of Marmara Ere?lisi, Turkey",usp00075wh
1995-09-21 07:48:18,3,10,41.364,29.272,"26 km ENE of Ar?köy, Turkey",usp00073q9
1995-09-20 09:56:58,2.8,10,41.245,29.039,"3 km ENE of Ar?köy, Turkey",usp00073n2
1995-09-19 22:37:20,2.8,5,40.77,28.217,Western Turkey,usp00073m8
1995-04-21 14:12:14,2.7,10,40.805,28.15,"24 km SE of Marmara Ere?lisi, Turkey",usp0006w1z
1995-04-21 10:54:27,2.9,5,40.757,29.695,"5 km N of Ula?l?, Turkey",usp0006w1k
1995-04-19 13:40:26,2.6,10,41.113,28.485,"1 km NNW of Muratbey, Turkey",usp0006vwv
1995-04-17 05:23:34,2.9,10,40.835,27.969,"14 km S of Marmara Ere?lisi, Turkey",usp0006vt3
1995-04-15 22:10:44,2.7,10,40.84,28.469,"20 km S of Kumburgaz, Turkey",usp0006vr2
1995-04-06 17:27:25,3.5,10,40.851,28.315,"23 km S of Selimpa?a, Turkey",usp0006v9g
1995-04-05 20:12:53,2.6,10,40.836,27.807,"19 km SW of Marmara Ere?lisi, Turkey",usp0006v7s
1995-04-02 11:48:14,2.6,5,40.724,29.901,"4 km NW of Kar??yaka, Turkey",usp0006v1n
1995-03-30 04:45:29,2.7,5,40.84,28.046,"16 km SSE of Marmara Ere?lisi, Turkey",usp0006uxd
1995-03-28 03:59:41,3.3,10,40.848,28.434,"19 km SSW of Kumburgaz, Turkey",usp0006uuk
1995-03-26 22:07:13,2.8,5,40.62,29.044,"1 km SE of Kocadere, Turkey",usp0006usz
1995-03-26 20:40:13,2.6,10,40.871,28.367,Western Turkey,usp0006usw
1995-03-26 16:47:32,3.3,10,40.869,28.377,"18 km SSW of Kumburgaz, Turkey",usp0006use
1995-03-26 15:49:35,2.8,10,40.835,28.401,"21 km SSW of Kumburgaz, Turkey",usp0006usb
1995-03-25 12:18:30,2.9,5,40.803,28.134,"23 km SE of Marmara Ere?lisi, Turkey",usp0006uqm
1995-03-25 09:44:28,3,10,40.81,28.145,Western Turkey,usp0006uqb
1995-03-25 09:11:09,2.8,10,40.8,27.818,"22 km SSW of Marmara Ere?lisi, Turkey",usp0006uq8
1995-03-22 02:48:36,2.8,10,40.811,28.011,"18 km SSE of Marmara Ere?lisi, Turkey",usp0006uj4
1995-03-19 15:06:15,2.7,10,41.134,28.481,"1 km ESE of Çatalca, Turkey",usp0006udr
1995-03-17 12:42:11,2.6,10,40.754,27.891,"24 km SSW of Marmara Ere?lisi, Turkey",usp0006uap
1995-03-17 10:25:39,2.7,10,41.08,28.686,"5 km N of Esenyurt, Turkey",usp0006uag
1995-03-15 17:25:54,2.9,10,40.815,27.879,"18 km SSW of Marmara Ere?lisi, Turkey",usp0006u7s
1995-02-21 06:00:25,2.8,10,40.802,27.832,"21 km SSW of Marmara Ere?lisi, Turkey",usp0006ta5
1995-02-14 03:03:51,2.6,10,40.633,29.98,"6 km S of Yuvac?k, Turkey",usp0006sx6
1995-02-13 20:32:28,2.9,10,40.829,27.828,"18 km SW of Marmara Ere?lisi, Turkey",usp0006swh
1995-02-13 20:26:50,2.7,10,40.8,27.857,"20 km SSW of Marmara Ere?lisi, Turkey",usp0006swg
1995-02-13 13:11:27,2.6,10,40.834,27.815,"19 km SW of Marmara Ere?lisi, Turkey",usp0006svc
1995-02-13 09:19:54,2.7,10,40.807,27.845,"20 km SSW of Marmara Ere?lisi, Turkey",usp0006suv
1995-02-12 14:56:03,3,10,40.809,27.831,"20 km SSW of Marmara Ere?lisi, Turkey",usp0006sth
1995-02-11 04:32:32,2.8,10,40.621,29.175,"3 km SSE of Koruköy, Turkey",usp0006sr2
1995-02-11 00:01:21,2.6,10,40.762,27.975,"23 km S of Marmara Ere?lisi, Turkey",usp0006sqs
1995-02-10 12:58:02,2.5,5,40.628,29.938,"4 km SSE of Bahçecik, Turkey",usp0006spy
1995-02-09 17:59:50,2.9,10,40.779,27.837,"23 km SSW of Marmara Ere?lisi, Turkey",usp0006snv
1995-02-09 14:15:38,2.8,10,41.181,28.434,"4 km NNW of Çatalca, Turkey",usp0006snn
1995-02-09 11:49:24,2.6,10,40.794,27.986,"19 km S of Marmara Ere?lisi, Turkey",usp0006sn9
1995-02-09 09:18:06,3,10,40.798,27.811,"22 km SSW of Marmara Ere?lisi, Turkey",usp0006smv
1995-02-09 09:10:01,2.8,5,40.808,27.846,"20 km SSW of Marmara Ere?lisi, Turkey",usp0006smu
1995-02-09 05:03:53,2.7,5,40.794,27.811,"22 km SSW of Marmara Ere?lisi, Turkey",usp0006smm
1995-02-09 01:08:52,2.7,10,40.79,27.832,"22 km SSW of Marmara Ere?lisi, Turkey",usp0006sm8
1995-02-09 00:16:46,3.2,10,40.804,27.801,"22 km SW of Marmara Ere?lisi, Turkey",usp0006sm6
1995-02-09 00:13:15,2.8,10,40.793,27.856,"21 km SSW of Marmara Ere?lisi, Turkey",usp0006sm5
1995-02-08 23:03:49,2.7,10,40.801,27.824,"21 km SSW of Marmara Ere?lisi, Turkey",usp0006sm0
1995-02-08 22:53:56,2.6,10,40.813,27.885,"18 km SSW of Marmara Ere?lisi, Turkey",usp0006skz
1995-02-08 22:34:51,2.8,5,40.798,27.802,"22 km SW of Marmara Ere?lisi, Turkey",usp0006skx
1995-02-08 21:48:33,2.6,5,40.822,27.853,"18 km SSW of Marmara Ere?lisi, Turkey",usp0006skv
1995-02-08 21:38:47,2.6,5,40.812,27.813,"21 km SW of Marmara Ere?lisi, Turkey",usp0006skt
1995-02-08 21:33:49,2.9,5,40.805,27.853,"20 km SSW of Marmara Ere?lisi, Turkey",usp0006sks
1995-02-08 21:29:40,3.3,10,40.745,27.947,"24 km S of Marmara Ere?lisi, Turkey",usp0006skr
1995-02-08 10:11:06,2.6,5,40.651,29.862,"4 km WSW of Bahçecik, Turkey",usp0006sjt
1995-02-04 22:07:15,2.8,10,40.799,28.016,"19 km SSE of Marmara Ere?lisi, Turkey",usp0006scw
1995-02-04 22:01:01,2.8,10,40.815,27.997,"17 km SSE of Marmara Ere?lisi, Turkey",usp0006scv
1995-01-31 21:00:55,1.7,10,40.829,28.702,"17 km SSE of Beylikdüzü, Turkey",usp0006s6b
1995-01-30 02:37:21,2.7,10,40.746,27.993,"24 km S of Marmara Ere?lisi, Turkey",usp0006s36
1995-01-29 10:47:58,2.8,10,41.149,28.617,"11 km WSW of Arnavutköy, Turkey",usp0006s24
1995-01-28 19:07:35,2.6,5,40.817,27.976,"16 km S of Marmara Ere?lisi, Turkey",usp0006s10
1995-01-23 05:01:36,2.6,5,40.632,29.091,"3 km WSW of Ç?narc?k, Turkey",usp0006rs7
1995-01-23 04:41:36,2.6,5,40.63,29.067,"3 km E of Kocadere, Turkey",usp0006rs5
1995-01-22 07:47:18,2.7,10,40.972,28.37,"9 km S of Selimpa?a, Turkey",usp0006rqm
1995-01-13 15:33:45,2.9,10,41.598,28.478,"23 km NNE of Karacaköy, Turkey",usp0006r9b
1995-01-11 12:14:06,2.4,10,40.797,29.418,"1 km WSW of Gebze, Turkey",usp0006r6s
1995-01-08 10:02:13,2.6,10,40.751,29.566,"2 km SSW of Tav?anc?l, Turkey",usp0006r1a
1994-12-17 13:47:12,2.8,10,41.125,28.462,"2 km S of Çatalca, Turkey",usp0006q4z
1994-12-10 14:55:17,2.8,10,41.118,28.422,"4 km ENE of Ortaköy, Turkey",usp0006pwe
1994-12-10 00:19:33,3.3,10,40.72,29.789,"2 km WNW of Gölcük, Turkey",usp0006pvd
1994-12-03 15:02:49,2.9,10,41.319,29.187,"18 km ENE of Ar?köy, Turkey",usp0006pm2
1994-11-30 10:48:41,3,5,40.82,27.804,"20 km SW of Marmara Ere?lisi, Turkey",usp0006pfr
1994-11-29 21:12:22,2.7,10,40.66,27.839,"25 km ENE of Marmara, Turkey",usp0006pes
1994-11-27 22:08:24,2.5,5,40.625,28.933,"8 km W of Kocadere, Turkey",usp0006pbf
1994-11-25 16:01:31,2.7,10,40.902,28.517,"12 km SW of Gürp?nar, Turkey",usp0006p7r
1994-11-23 19:11:57,2.6,5,40.861,28.727,"14 km SSE of Yakuplu, Turkey",usp0006p48
1994-11-17 19:19:22,2.7,10,40.748,28.005,"24 km S of Marmara Ere?lisi, Turkey",usp0006nub
1994-11-12 07:56:44,2.9,10,40.822,28.148,"23 km SE of Marmara Ere?lisi, Turkey",usp0006nen
1994-10-31 15:52:32,2.8,10,40.856,28.244,"24 km S of Silivri, Turkey",usp0006myg
1994-10-31 10:15:23,2.5,10,40.764,29.971,"3 km E of ?zmit, Turkey",usp0006mya
1994-10-30 19:51:20,2.9,10,41.161,29.718,"8 km E of ?ile, Turkey",usp0006mxp
1994-10-30 18:31:50,2.5,10,40.626,29.13,"2 km SSE of Ç?narc?k, Turkey",usp0006mxk
1994-10-29 14:47:34,2.7,5,41.15,28.575,"9 km NE of Muratbey, Turkey",usp0006mvv
1994-10-27 10:04:08,2.7,10,41.109,28.675,"9 km N of Esenyurt, Turkey",usp0006mst
1994-10-15 03:56:00,2.7,10,40.617,29.999,"8 km SSE of Yuvac?k, Turkey",usp0006m4v
1994-10-13 10:04:28,2.9,10,40.737,29.099,"10 km NNW of Ç?narc?k, Turkey",usp0006m1v
1994-10-04 11:35:54,2.6,5,40.724,29.904,"4 km NW of Kar??yaka, Turkey",usp0006kdg
1994-10-01 04:35:09,2.8,10,40.67,29.915,"0 km N of Bahçecik, Turkey",usp0006k8f
1994-09-30 22:28:03,2.9,5,40.815,27.894,"17 km SSW of Marmara Ere?lisi, Turkey",usp0006k83
1994-09-30 22:27:31,2.9,10,40.811,27.872,"18 km SSW of Marmara Ere?lisi, Turkey",usp0006k82
1994-09-30 10:19:04,2.6,10,41.016,28.681,"1 km SSE of Esenyurt, Turkey",usp0006k7f
1994-09-28 04:47:58,2.5,10,40.601,28.888,"12 km WSW of Kocadere, Turkey",usp0006k4e
1994-09-27 14:28:46,2.6,10,40.891,29.512,"7 km ENE of Balç?k, Turkey",usp0006k39
1994-09-24 14:11:17,2.7,5,41.108,28.444,"4 km SSW of Çatalca, Turkey",usp0006jyd
1994-09-24 13:08:10,2.6,10,40.69,29.49,"1 km WSW of Alt?nova, Turkey",usp0006jy8
1994-09-24 12:23:57,2.5,10,40.888,29.281,"5 km NNW of ?çmeler, Turkey",usp0006jy5
1994-09-13 08:46:22,2.7,10,41.501,28.356,"11 km N of Karacaköy, Turkey",usp0006jcm
1994-09-13 03:05:03,2.7,10,40.685,29.836,"0 km S of ?hsaniye, Turkey",usp0006jbx
1994-09-06 09:48:19,2.7,5,40.932,28.65,"5 km S of Beylikdüzü, Turkey",usp0006j15
1994-09-06 07:30:57,3,10,40.849,28.294,"23 km SSW of Selimpa?a, Turkey",usp0006j0v
1994-09-03 13:57:59,2.7,10,41.091,28.439,"4 km W of Muratbey, Turkey",usp0006hx2
1994-08-31 02:28:35,2.5,10,40.668,29.872,"3 km W of Bahçecik, Turkey",usp0006hqq
1994-08-27 14:01:20,2.7,5,41.122,28.461,"2 km S of Çatalca, Turkey",usp0006hjq
1994-08-25 09:12:24,2.7,10,40.753,29.269,"10 km N of Yalova, Turkey",usp0006hfv
1994-08-17 19:47:55,2.8,10,40.824,29.047,"6 km SSW of Adalan, Turkey",usp0006h2q
1994-08-16 18:04:35,2.9,10,40.838,28.704,"16 km SSE of Beylikdüzü, Turkey",usp0006h13
1994-08-16 04:53:33,2.6,10,40.672,29.78,"5 km WSW of ?hsaniye, Turkey",usp0006h02
1994-08-15 14:02:47,2.6,10,40.626,29.108,"2 km SSW of Ç?narc?k, Turkey",usp0006gzc
1994-08-14 03:08:48,2.8,10,40.695,29.123,"5 km N of Ç?narc?k, Turkey",usp0006gxq
1994-08-12 18:11:38,2.4,10,40.666,29.854,"3 km SSE of ?hsaniye, Turkey",usp0006gw5
1994-08-12 16:15:37,3.6,10,40.64,29.554,"3 km N of Yalakdere, Turkey",usp0006gw1
1994-08-12 06:49:15,2.6,10,40.841,28.739,"17 km SSE of Yakuplu, Turkey",usp0006gvh
1994-08-11 01:08:58,2.7,10,40.712,28.082,"30 km SSE of Marmara Ere?lisi, Turkey",usp0006gte
1994-08-10 02:27:24,2.9,10,40.706,29.105,"6 km NNW of Ç?narc?k, Turkey",usp0006gs9
1994-08-09 11:33:11,2.8,10,41.202,29.228,"19 km E of Ar?köy, Turkey",usp0006gr9
1994-08-05 14:45:46,2.8,10,41.3,29.178,"16 km ENE of Ar?köy, Turkey",usp0006gjx
1994-08-05 13:41:07,2.6,5,40.696,29.888,"3 km NW of Bahçecik, Turkey",usp0006gju
1994-08-05 04:27:18,2.7,10,40.663,29.886,"2 km WSW of Bahçecik, Turkey",usp0006gj5
1994-08-04 06:29:53,2.8,10,40.806,27.861,"19 km SSW of Marmara Ere?lisi, Turkey",usp0006gh7
1994-08-03 22:14:51,2.7,10,40.669,29.882,"2 km W of Bahçecik, Turkey",usp0006ggr
1994-08-03 20:44:31,2.7,10,40.831,27.813,"19 km SW of Marmara Ere?lisi, Turkey",usp0006ggp
1994-08-03 17:06:26,3.5,10,40.72,29.888,"5 km WNW of Kar??yaka, Turkey",usp0006ggc
1994-08-02 08:38:51,2.5,5,40.747,29.902,"3 km SW of ?zmit, Turkey",usp0006geg
1994-07-27 22:51:06,2.8,5,40.705,29.858,"2 km NE of ?hsaniye, Turkey",usp0006g6y
1994-07-21 08:15:48,2.9,10,40.624,28.84,"16 km W of Kocadere, Turkey",usp0006fy5
1994-07-20 05:30:17,2.7,10,40.614,28.003,"29 km N of Band?rma, Turkey",usp0006fwx
1994-07-19 18:58:52,2.8,10,40.689,29.942,"0 km S of Kar??yaka, Turkey",usp0006fwp
1994-07-19 17:03:39,2.8,10,40.703,29.929,"1 km NW of Kar??yaka, Turkey",usp0006fwj
1994-07-15 18:19:02,2.9,10,40.754,29.952,"2 km ESE of ?zmit, Turkey",usp0006fqv
1994-07-14 21:17:52,3.5,10,40.805,28.187,"26 km SE of Marmara Ere?lisi, Turkey",usp0006fpf
1994-07-13 10:23:25,2.8,5,40.725,29.878,"5 km ENE of Gölcük, Turkey",usp0006fkr
1994-07-11 05:48:47,2.8,10,41.13,28.688,"7 km SW of Arnavutköy, Turkey",usp0006ffe
1994-07-07 17:51:28,2.8,10,41.189,29.045,"5 km SE of Ar?köy, Turkey",usp0006faw
1994-07-06 16:55:18,3.1,5,40.676,29.829,"1 km SSW of ?hsaniye, Turkey",usp0006f9w
1994-07-05 01:06:33,2.8,10,40.722,29.921,"3 km NNW of Kar??yaka, Turkey",usp0006f6m
1994-07-03 09:28:26,2.6,10,40.754,29.904,"2 km WSW of ?zmit, Turkey",usp0006f44
1994-07-01 01:31:56,2.6,5,40.704,29.894,"4 km WNW of Kar??yaka, Turkey",usp0006f11
1994-06-28 03:22:35,2.9,10,40.791,27.807,"23 km SSW of Marmara Ere?lisi, Turkey",usp0006exa
1994-06-25 01:55:34,,10,40.665,29.961,"2 km SSW of Yuvac?k, Turkey",usp0006esf
1994-06-22 19:18:27,2.4,10,40.699,29.901,"3 km W of Kar??yaka, Turkey",usp0006epv
1994-06-22 19:10:35,3.4,5,40.668,29.977,"2 km SSE of Yuvac?k, Turkey",usp0006eps
1994-06-19 09:59:40,2.8,5,41.118,28.692,"8 km SSW of Arnavutköy, Turkey",usp0006ej9
1994-06-18 14:52:26,2.8,10,40.793,28.883,"19 km SW of K?nal?, Turkey",usp0006egv
1994-06-17 09:35:37,2.6,10,40.647,29.996,"5 km SSE of Yuvac?k, Turkey",usp0006ees
1994-06-15 10:53:45,3.2,5,40.671,29.994,"2 km SE of Yuvac?k, Turkey",usp0006eb1
1994-06-15 08:55:08,2.7,5,40.725,29.913,"4 km NW of Kar??yaka, Turkey",usp0006ear
1994-06-15 02:08:51,3.1,10,40.667,29.895,"1 km W of Bahçecik, Turkey",usp0006ea2
1994-06-15 00:16:56,2.9,10,40.654,29.901,"1 km SW of Bahçecik, Turkey",usp0006e9t
1994-06-15 00:15:53,2.7,10,40.657,29.788,"5 km SW of ?hsaniye, Turkey",usp0006e9s
1994-06-14 22:33:36,2.8,10,40.678,29.894,"2 km WNW of Bahçecik, Turkey",usp0006e9m
1994-06-14 13:29:50,3.1,5,40.712,29.98,"1 km SSW of Kullar, Turkey",usp0006e8y
1994-06-12 11:01:44,3.5,10,40.647,29.924,"2 km SSE of Bahçecik, Turkey",usp0006e5a
1994-06-10 21:57:57,2.8,10,40.702,29.864,"2 km ENE of ?hsaniye, Turkey",usp0006e2j
1994-06-10 17:36:19,2.8,5,40.719,29.915,"3 km NW of Kar??yaka, Turkey",usp0006e26
1994-06-08 00:49:22,2.5,10,40.77,29.901,"2 km WNW of ?zmit, Turkey",usp0006dxu
1994-06-08 00:48:30,2.5,5,40.739,29.914,"3 km SSW of ?zmit, Turkey",usp0006dxt
1994-06-07 17:36:22,2.9,10,40.714,29.922,"2 km NW of Kar??yaka, Turkey",usp0006dxc
1994-06-07 16:18:54,2.9,5,40.699,29.897,"3 km NNW of Bahçecik, Turkey",usp0006dx7
1994-06-07 02:36:57,2.8,10,40.725,29.924,"3 km NNW of Kar??yaka, Turkey",usp0006dvn
1994-06-06 04:15:56,2.9,10,40.658,29.833,"3 km S of ?hsaniye, Turkey",usp0006dtn
1994-06-06 01:34:18,2.7,10,40.649,29.705,"6 km S of Ula?l?, Turkey",usp0006dte
1994-06-05 08:32:38,3.1,5,40.716,29.918,"3 km NW of Kar??yaka, Turkey",usp0006ds7
1994-06-05 07:12:32,2.8,10,40.741,29.922,"2 km SSW of ?zmit, Turkey",usp0006drz
1994-06-05 06:37:58,3.3,10,40.707,29.928,"1 km NW of Kar??yaka, Turkey",usp0006drx
1994-06-04 09:50:13,2.7,5,41.078,28.691,"5 km NNE of Esenyurt, Turkey",usp0006dpz
1994-06-03 23:44:15,2.8,10,40.65,29.814,"4 km SSW of ?hsaniye, Turkey",usp0006dnw
1994-06-03 08:53:29,2.8,10,41.138,28.469,"0 km SE of Çatalca, Turkey",usp0006dm6
1994-06-02 02:58:57,2.8,10,40.717,29.925,"2 km NNW of Kar??yaka, Turkey",usp0006dhe
1994-06-01 04:31:50,3,10,40.828,28.452,"21 km S of Kumburgaz, Turkey",usp0006dfy
1994-05-31 02:43:16,2.6,10,40.669,29.76,"5 km S of Hal?dere, Turkey",usp0006de3
1994-05-31 00:16:36,2.6,5,40.66,29.843,"3 km SSE of ?hsaniye, Turkey",usp0006de0
1994-05-30 01:58:41,2.8,10,40.66,29.862,"4 km SE of ?hsaniye, Turkey",usp0006dc8
1994-05-29 22:51:52,3.1,10,40.724,29.9,"4 km NW of Kar??yaka, Turkey",usp0006dby
1994-05-29 22:49:17,2.9,10,40.712,29.916,"2 km NW of Kar??yaka, Turkey",usp0006dbx
1994-05-28 19:52:50,2.4,10,40.638,29.86,"5 km SW of Bahçecik, Turkey",usp0006daj
1994-05-28 18:01:19,3.9,12.6,40.675,29.878,"3 km WNW of Bahçecik, Turkey",usp0006dae
1994-05-27 12:42:58,2.7,10,41.082,28.5,"1 km SSE of Muratbey, Turkey",usp0006d8g
1994-05-25 11:36:01,2.8,5,40.74,29.921,"2 km SSW of ?zmit, Turkey",usp0006d38
1994-05-25 03:17:48,2.8,10,40.665,29.888,"2 km W of Bahçecik, Turkey",usp0006d2f
1994-05-21 04:31:36,2.6,5,40.656,29.855,"4 km SSE of ?hsaniye, Turkey",usp0006cvj
1994-05-20 09:16:42,2.7,10,41.09,28.5,"0 km SE of Muratbey, Turkey",usp0006cug
1994-05-19 17:14:09,2.9,10,40.674,29.961,"1 km SSW of Yuvac?k, Turkey",usp0006ctd
1994-05-16 15:27:45,2.7,10,41.09,28.783,"2 km WSW of Başakşehir, Turkey",usp0006cnu
1994-05-15 21:36:33,3,10,40.651,29.904,"2 km SSW of Bahçecik, Turkey",usp0006cm8
1994-05-15 17:41:42,2.6,10,40.802,28.69,"20 km SSE of Beylikdüzü, Turkey",usp0006cm0
1994-05-15 13:25:36,2.8,5,40.662,29.988,"3 km SSE of Yuvac?k, Turkey",usp0006ckr
1994-05-14 11:57:41,2.7,10,41.105,28.562,"5 km E of Muratbey, Turkey",usp0006cj1
1994-05-14 11:08:29,2.8,10,40.774,29.117,"10 km S of Adalar, Turkey",usp0006chy
1994-05-12 14:23:00,2.8,10,41.109,28.697,"8 km WNW of Ba?ak?ehir, Turkey",usp0006cf1
1994-05-12 13:48:51,2.7,5,41.159,28.489,"2 km NE of Çatalca, Turkey",usp0006cf0
1994-05-12 10:34:27,2.7,10,40.949,28.45,"8 km SSW of Kumburgaz, Turkey",usp0006cer
1994-05-12 09:22:22,2.7,10,40.653,29.808,"4 km SSW of ?hsaniye, Turkey",usp0006cep
1994-05-11 23:09:38,2.8,5,40.885,28.065,"13 km SE of Marmara Ere?lisi, Turkey",usp0006ce6
1994-05-11 07:27:35,2.8,10,40.733,28.719,"28 km SSE of Beylikdüzü, Turkey",usp0006cd5
1994-05-11 06:50:55,2.5,10,40.621,29.039,"1 km SE of Kocadere, Turkey",usp0006cd4
1994-05-10 14:13:57,2.7,10,41.083,28.805,Western Turkey,usp0006cc8
1994-05-10 12:06:38,2.6,10,41.291,28.474,"13 km WNW of Boyal?k, Turkey",usp0006cc1
1994-05-10 05:50:50,2.6,10,40.692,29.901,"2 km NNW of Bahçecik, Turkey",usp0006cbn
1994-05-10 03:43:12,2.6,5,40.668,29.848,"2 km SSE of ?hsaniye, Turkey",usp0006cbj
1994-05-09 08:18:44,2.6,10,40.632,28.869,"13 km W of Kocadere, Turkey",usp0006ca3
1994-05-08 22:37:08,2.7,10,40.688,29.835,"0 km S of ?hsaniye, Turkey",usp0006c9n
1994-05-07 13:31:24,2.7,10,41.148,28.49,"2 km ENE of Çatalca, Turkey",usp0006c7v
1994-05-06 15:00:44,2.7,10,41.125,28.802,"3 km N of Ba?ak?ehir, Turkey",usp0006c6e
1994-05-06 11:40:32,2.5,5,40.641,29.883,"4 km SW of Bahçecik, Turkey",usp0006c69
1994-05-05 09:03:51,2.5,10,40.819,29.634,"7 km NE of Tav?anc?l, Turkey",usp0006c4d
1994-05-05 05:05:40,2.5,5,40.799,29.077,"8 km S of Adalan, Turkey",usp0006c3x
1994-05-05 04:44:01,3,5,40.758,29.061,"13 km S of Adalan, Turkey",usp0006c3v
1994-05-05 04:42:58,2.6,5,40.774,29.069,"11 km S of Adalan, Turkey",usp0006c3u
1994-05-05 04:41:00,3.1,5,40.763,29.073,"12 km S of Adalan, Turkey",usp0006c3t
1994-05-05 04:37:21,2.5,5,40.784,29.084,"10 km SSW of Adalar, Turkey",usp0006c3s
1994-05-05 04:29:53,2.6,10,40.796,29.084,"8 km S of Adalan, Turkey",usp0006c3r
1994-05-05 04:03:25,2.6,10,40.799,29.104,"8 km SSW of Adalar, Turkey",usp0006c3n
1994-05-05 04:02:15,2.9,10,40.769,29.085,"11 km SSW of Adalar, Turkey",usp0006c3m
1994-05-05 03:33:19,2.5,5,40.781,29.084,"10 km SSW of Adalar, Turkey",usp0006c3g
1994-05-05 03:30:33,2.8,10,40.775,29.114,"10 km S of Adalar, Turkey",usp0006c3f
1994-05-05 03:26:15,2.6,10,40.782,29.09,"10 km SSW of Adalar, Turkey",usp0006c3e
1994-05-05 03:23:09,2.5,5,40.796,29.074,"8 km S of Adalan, Turkey",usp0006c3d
1994-05-05 02:40:04,2.7,10,40.798,29.049,"9 km SSW of Adalan, Turkey",usp0006c3c
1994-05-05 00:04:27,2.5,5,40.785,29.022,"11 km SSW of Adalan, Turkey",usp0006c36
1994-05-04 21:52:35,2.9,10,40.758,29.796,"1 km SE of Körfez, Turkey",usp0006c31
1994-05-04 19:42:20,2.8,10,40.825,28.329,"25 km SSW of Kumburgaz, Turkey",usp0006c2r
1994-05-04 17:27:02,2.6,5,40.659,29.127,"1 km N of Ç?narc?k, Turkey",usp0006c2h
1994-05-04 12:38:07,2.7,10,41.149,28.473,"1 km ENE of Çatalca, Turkey",usp0006c23
1994-05-03 07:13:03,2.5,5,40.776,29.113,"10 km S of Adalar, Turkey",usp0006bz6
1994-05-03 03:39:42,2.6,5,40.752,29.072,"12 km NNW of Ç?narc?k, Turkey",usp0006byx
1994-05-03 02:51:47,3.2,10,40.777,29.097,"10 km SSW of Adalar, Turkey",usp0006byu
1994-05-03 00:00:22,2.7,5,40.775,29.088,"10 km SSW of Adalar, Turkey",usp0006byp
1994-05-02 23:43:03,2.5,5,40.753,29.054,"13 km NNW of Ç?narc?k, Turkey",usp0006bym
1994-05-02 23:41:45,2.5,10,40.779,29.066,"10 km S of Adalan, Turkey",usp0006byk
1994-05-02 23:41:10,2.6,5,40.727,29.06,"10 km NNW of Ç?narc?k, Turkey",usp0006byj
1994-05-02 23:36:29,2.7,10,40.787,29.11,"9 km SSW of Adalar, Turkey",usp0006byh
1994-05-02 23:28:29,2.5,5,40.773,29.111,"10 km S of Adalar, Turkey",usp0006byg
1994-05-02 23:26:11,2.7,10,40.785,29.106,"9 km SSW of Adalar, Turkey",usp0006byf
1994-05-02 23:07:04,2.6,5,40.761,29.079,"12 km SSW of Adalar, Turkey",usp0006byd
1994-05-02 23:03:08,2.9,10,40.757,29.129,"11 km NNW of Koruköy, Turkey",usp0006byc
1994-05-02 23:00:24,3.6,10,40.773,29.078,"11 km S of Adalan, Turkey",usp0006byb
1994-05-02 22:26:14,2.5,5,40.762,29.093,"12 km SSW of Adalar, Turkey",usp0006bya
1994-05-02 22:18:52,2.6,5,40.773,29.072,"11 km S of Adalan, Turkey",usp0006by7
1994-05-02 22:08:58,3.1,10,40.808,29.033,Western Turkey,usp0006by6
1994-05-02 22:08:20,2.6,5,40.776,29.098,"10 km SSW of Adalar, Turkey",usp0006by4
1994-05-02 22:07:11,2.7,10,40.757,29.119,"11 km NNW of Koruköy, Turkey",usp0006by3
1994-05-02 22:06:08,3.1,10,40.775,29.099,"10 km SSW of Adalar, Turkey",usp0006by2
1994-05-02 22:00:40,3.3,10,40.766,29.119,"11 km S of Adalar, Turkey",usp0006by1
1994-05-02 21:51:56,2.7,5,40.776,29.096,"10 km SSW of Adalar, Turkey",usp0006by0
1994-05-02 21:49:04,2.5,5,40.767,29.069,"12 km S of Adalan, Turkey",usp0006bxz
1994-05-02 21:48:02,2.6,5,40.782,29.101,"9 km SSW of Adalar, Turkey",usp0006bxy
1994-05-02 21:45:20,2.6,10,40.732,29.034,"11 km N of Kocadere, Turkey",usp0006bxx
1994-05-02 21:43:52,2.8,10,40.749,29.026,"13 km N of Kocadere, Turkey",usp0006bxw
1994-05-02 21:35:58,3,10,40.767,29.086,"11 km SSW of Adalar, Turkey",usp0006bxu
1994-05-02 21:29:39,2.5,10,40.776,29.108,"10 km SSW of Adalar, Turkey",usp0006bxt
1994-05-02 20:46:51,2.4,10,40.844,29.126,"2 km SSW of Adalar, Turkey",usp0006bxr
1994-04-26 11:50:19,2.7,10,41.229,28.533,"9 km WSW of Boyal?k, Turkey",usp0006bny
1994-04-26 08:05:58,2.6,10,40.73,28.855,"18 km NW of Kocadere, Turkey",usp0006bng
1994-04-23 20:49:30,2.8,10,40.729,29.936,"3 km N of Kar??yaka, Turkey",usp0006bhp
1994-04-22 00:55:53,2.6,10,40.664,29.841,"3 km S of ?hsaniye, Turkey",usp0006bex
1994-04-21 13:39:35,2.9,10,41.114,29.097,"10 km ENE of ?i?li, Turkey",usp0006be6
1994-04-20 09:03:24,3.5,10,40.768,28.633,"23 km S of Beylikdüzü, Turkey",usp0006bc8
1994-04-19 11:31:59,2.6,10,40.798,27.819,"22 km SSW of Marmara Ere?lisi, Turkey",usp0006bb1
1994-04-15 23:42:55,2.9,10,40.72,29.056,"10 km NW of Ç?narc?k, Turkey",usp0006b5h
1994-04-14 06:17:34,2.8,5,41.471,29.332,"38 km NE of Ar?köy, Turkey",usp0006b29
1994-04-14 06:10:51,2.8,10,41.44,29.371,Western Turkey,usp0006b28
1994-04-13 08:16:29,2.8,10,40.674,29.827,"1 km SSW of ?hsaniye, Turkey",usp0006b10
1994-04-13 08:14:07,2.8,10,40.672,29.834,"2 km S of ?hsaniye, Turkey",usp0006b0z
1994-04-13 00:04:28,2.5,10,40.689,29.825,"0 km WSW of ?hsaniye, Turkey",usp0006b0a
1994-04-12 04:01:39,2.7,10,40.725,29.65,"4 km WNW of Ula?l?, Turkey",usp0006ayy
1994-04-09 11:01:47,2.7,10,41.172,28.45,"3 km NNW of Çatalca, Turkey",usp0006avp
1994-04-08 15:25:56,2.5,10,40.795,29.512,"2 km S of Tav?anl?, Turkey",usp0006aud
1994-04-06 10:43:05,2.7,10,40.7,29.863,"2 km ENE of ?hsaniye, Turkey",usp0006aqr
1994-04-02 11:46:23,2.7,5,41.351,28.659,"5 km NNW of Durusu, Turkey",usp0006ahj
1994-03-27 11:19:43,2.4,10,40.668,29.739,"5 km SSW of Hal?dere, Turkey",usp0006a8z
1994-03-27 05:34:14,2.7,10,40.83,27.837,"18 km SSW of Marmara Ere?lisi, Turkey",usp0006a8h
1994-03-27 04:46:23,3.5,10,40.765,27.983,"22 km S of Marmara Ere?lisi, Turkey",usp0006a8f
1994-03-26 10:11:37,2.6,10,41.18,28.447,"4 km NNW of Çatalca, Turkey",usp0006a77
1994-03-22 21:14:02,2.6,10,40.714,29.703,"1 km NNE of Ula?l?, Turkey",usp0006a15
1994-03-21 10:06:23,2.6,5,41.032,28.639,Western Turkey,usp00069ze
1994-03-18 15:18:13,2.7,5,40.824,28.072,"18 km SSE of Marmara Ere?lisi, Turkey",usp00069vk
1994-03-17 18:15:48,2.3,5,40.653,29.841,"4 km S of ?hsaniye, Turkey",usp00069u5
1994-03-16 14:23:33,2.6,10,41.245,28.962,"3 km WNW of Ar?köy, Turkey",usp00069sk
1994-03-15 21:10:15,2.9,10,40.764,27.971,"22 km S of Marmara Ere?lisi, Turkey",usp00069rm
1994-03-04 08:54:17,2.6,5,40.831,28.357,"23 km SSW of Kumburgaz, Turkey",usp0006980
1994-03-02 07:45:52,2.7,10,41.082,28.708,"6 km NNE of Esenyurt, Turkey",usp000695a
1994-02-24 14:02:08,2.8,10,41.259,29.258,"21 km E of Ar?köy, Turkey",usp00068yh
1994-02-24 01:54:54,2.6,5,40.681,29.924,"1 km NNE of Bahçecik, Turkey",usp00068xm
1994-02-23 08:39:15,2.9,10,41.36,29.257,"25 km NE of Ar?köy, Turkey",usp00068wf
1994-02-21 12:00:47,2.8,10,40.868,27.983,"11 km SSE of Marmara Ere?lisi, Turkey",usp00068u3
1994-02-21 06:21:07,3,10,40.876,27.993,"10 km SSE of Marmara Ere?lisi, Turkey",usp00068tu
1994-02-21 04:50:53,3.2,5,40.8,28.115,"23 km SE of Marmara Ere?lisi, Turkey",usp00068tr
1994-02-21 03:18:47,2.7,5,40.945,27.965,"2 km SSE of Marmara Ere?lisi, Turkey",usp00068tk
1994-02-21 02:51:54,3.1,10,40.766,28.105,"25 km SSE of Marmara Ere?lisi, Turkey",usp00068tj
1994-02-20 20:51:03,3,10,40.81,28.03,"18 km SSE of Marmara Ere?lisi, Turkey",usp00068t5
1994-02-20 00:39:12,2.6,10,40.659,29.977,"3 km SSE of Yuvac?k, Turkey",usp00068rf
1994-02-18 03:56:13,3.2,10,40.834,27.928,"15 km S of Marmara Ere?lisi, Turkey",usp00068p2
1994-02-16 12:12:58,3.3,10,40.846,27.94,"13 km S of Marmara Ere?lisi, Turkey",usp00068kk
1994-02-10 10:01:40,2.5,10,40.629,29.976,"6 km S of Yuvac?k, Turkey",usp00068ag
1994-01-31 01:04:15,2.8,10,40.663,29.779,"5 km WSW of ?hsaniye, Turkey",usp00067s3
1994-01-27 14:39:12,2.5,10,40.654,29.882,"3 km WSW of Bahçecik, Turkey",usp00067j4
1994-01-26 13:18:15,2.5,10,40.817,29.503,"0 km WSW of Tav?anl?, Turkey",usp00067fx
1994-01-26 12:42:49,3,10,40.609,28.732,"25 km W of Kocadere, Turkey",usp00067fw
1994-01-25 10:30:13,2.7,5,41.299,28.647,"2 km W of Durusu, Turkey",usp00067dp
1994-01-25 09:45:32,2.7,10,41.027,28.937,"1 km NW of Istanbul, Turkey",usp00067dh
1994-01-24 13:50:28,2.6,5,41.083,28.753,"4 km WSW of Ba?ak?ehir, Turkey",usp00067bp
1994-01-23 21:37:33,2.6,5,40.61,28.725,"25 km W of Kocadere, Turkey",usp00067a1
1994-01-21 10:12:19,2.9,5,40.721,29.833,"1 km ENE of Gölcük, Turkey",usp0006752
1994-01-18 11:15:35,2.5,10,40.646,29.913,"2 km S of Bahçecik, Turkey",usp00066ue
1994-01-16 11:18:28,3,10,40.982,29.249,"2 km SSE of Sancaktepe, Turkey",usp00066hp
1994-01-11 22:35:53,2.8,10,40.704,29.958,"1 km NE of Kar??yaka, Turkey",usp00066bg
1994-01-11 03:52:45,2.8,10,40.736,29.956,"3 km WNW of Kullar, Turkey",usp00066ak
1994-01-11 03:23:52,3.1,10,40.699,29.9,"3 km W of Kar??yaka, Turkey",usp00066ah
1994-01-09 20:19:23,3.4,5,40.699,29.933,"0 km NW of Kar??yaka, Turkey",usp000668d
1994-01-09 19:47:18,3.4,10,40.673,29.916,"0 km N of Bahçecik, Turkey",usp000668c
1994-01-09 18:36:36,2.5,10,40.665,29.9,"1 km WSW of Bahçecik, Turkey",usp0006688
1994-01-09 18:15:06,3,10,40.673,29.898,"1 km WNW of Bahçecik, Turkey",usp0006686
1994-01-09 18:13:45,2.8,10,40.669,29.92,"0 km ENE of Bahçecik, Turkey",usp0006685
1994-01-08 14:17:44,2.8,5,41.166,28.492,"3 km NE of Çatalca, Turkey",usp000666f
1994-01-08 13:29:08,2.8,10,41.041,28.375,"1 km SSE of Selimpa?a, Turkey",usp000666a
1994-01-05 21:39:22,3.8,10,40.84,27.941,"14 km S of Marmara Ere?lisi, Turkey",usp000662x
1994-01-04 14:57:41,2.7,5,40.785,28.737,"23 km SSE of Yakuplu, Turkey",usp000660h
1994-01-02 07:53:25,2.8,10,41.367,28.807,"13 km ENE of Durusu, Turkey",usp00065xy
1994-01-01 04:45:37,2.8,10,40.712,29.949,"2 km NNE of Kar??yaka, Turkey",usp00065wj
1993-12-20 07:31:44,3.1,10,40.61,28.792,"20 km W of Kocadere, Turkey",usp00065cp
1993-12-20 07:28:47,3.2,10,40.613,28.788,"20 km W of Kocadere, Turkey",usp00065cn
1993-12-12 17:21:26,4.8,27.6,41.514,28.823,"26 km NNE of Durusu, Turkey",usp000651y
1993-12-09 11:15:03,3.6,10,40.731,29.801,"2 km NW of Gölcük, Turkey",usp00064wm
1993-12-06 00:06:44,3.2,10,40.687,29.204,"5 km NE of Koruköy, Turkey",usp00064rg
1993-12-05 07:13:39,3.2,10,40.706,29.867,"3 km ENE of ?hsaniye, Turkey",usp00064px
1993-12-01 12:13:00,2.7,10,41.086,29.553,"11 km SSW of ?ile, Turkey",usp00064gz
1993-11-27 14:02:29,2.8,10,41.141,28.463,"0 km SSE of Çatalca, Turkey",usp00064ay
1993-11-27 09:29:19,2.6,10,40.709,29.837,"1 km ESE of Gölcük, Turkey",usp00064ae
1993-11-17 09:04:11,2.5,10,40.621,29.43,"3 km ESE of K?l?ç, Turkey",usp00063tx
1993-11-10 11:45:49,2.7,10,40.855,28.167,"21 km SE of Marmara Ere?lisi, Turkey",usp00063f9
1993-11-09 13:37:45,2.7,10,40.658,29.497,"4 km SW of Kaytazdere, Turkey",usp00063dt
1993-11-09 10:18:17,2.8,5,40.76,29.606,"3 km ESE of Tav?anc?l, Turkey",usp00063dj
1993-11-08 15:02:27,2.7,10,41.128,28.791,"3 km NNW of Ba?ak?ehir, Turkey",usp00063cc
1993-11-06 20:54:50,2.7,10,40.668,29.144,"2 km NW of Koruköy, Turkey",usp000639c
1993-11-05 16:14:20,2.7,10,41.12,28.873,"1 km NNE of Sultangazi, Turkey",usp000637q
1993-11-01 23:28:53,2.9,10,40.729,29.965,"2 km WNW of Kullar, Turkey",usp000631x
1993-10-28 11:57:49,2.8,5,41.23,29.063,"4 km E of Ar?köy, Turkey",usp00062um
1993-10-26 09:35:55,3.1,10,41.429,29.32,"34 km NE of Ar?köy, Turkey",usp00062qt
1993-10-25 19:04:25,3,5,40.801,29.968,"5 km NE of ?zmit, Turkey",usp00062pb
1993-10-24 14:17:59,3,5,41.232,28.963,"3 km W of Ar?köy, Turkey",usp00062kd
1993-10-23 14:20:19,2.8,10,40.757,29.998,"1 km NNW of Köseköy, Turkey",usp00062he
1993-10-22 13:36:00,2.8,10,41.058,28.705,"4 km NE of Esenyurt, Turkey",usp00062f8
1993-10-22 13:30:44,2.8,10,40.815,29.646,"7 km NE of Tav?anc?l, Turkey",usp00062f7
1993-10-20 15:07:20,3,10,40.702,29.932,"1 km NW of Kar??yaka, Turkey",usp00062b3
1993-10-17 18:33:14,2.8,10,40.835,27.969,"14 km S of Marmara Ere?lisi, Turkey",usp0006259
1993-10-17 15:42:05,2.7,10,40.63,29.909,"4 km S of Bahçecik, Turkey",usp0006254
1993-10-17 15:03:13,2.7,10,41.153,28.866,"5 km N of Sultangazi, Turkey",usp0006250
1993-10-16 10:39:55,2.7,10,41.159,28.479,Western Turkey,usp0006238
1993-10-14 12:02:05,3,10,40.777,29.993,"4 km NNW of Köseköy, Turkey",usp00061zp
1993-10-13 10:58:24,2.7,10,41.215,28.698,Western Turkey,usp00061x4
1993-10-12 16:20:58,2.7,10,40.662,29.916,"0 km S of Bahçecik, Turkey",usp00061vf
1993-10-12 09:20:07,2.6,10,40.645,29.403,"1 km NNE of K?l?ç, Turkey",usp00061up
1993-10-11 17:46:08,2.6,10,41.023,28.879,"1 km NNW of Merter Keresteciler, Turkey",usp00061u1
1993-10-11 16:18:04,2.6,10,41.101,28.882,"1 km ESE of Sultangazi, Turkey",usp00061tw
1993-10-11 15:59:54,2.7,10,41.107,28.462,"2 km WNW of Muratbey, Turkey",usp00061tv
1993-10-09 21:50:02,3.3,10,40.712,29.93,"2 km NNW of Kar??yaka, Turkey",usp00061qu
1993-10-09 15:01:47,2.7,10,41.125,28.76,"5 km NW of Ba?ak?ehir, Turkey",usp00061qe
1993-10-08 12:16:48,2.7,10,41.189,28.741,"0 km N of Arnavutköy, Turkey",usp00061nz
1993-10-07 10:06:56,2.7,10,40.948,29.723,"20 km NNW of Körfez, Turkey",usp00061m7
1993-10-06 16:48:53,3.1,10,40.663,29.903,"1 km WSW of Bahçecik, Turkey",usp00061k8
1993-10-04 15:16:43,2.8,10,41.118,28.508,"2 km NNE of Muratbey, Turkey",usp00061fv
1993-10-04 14:27:33,3,10,41.256,29.008,"2 km N of Ar?köy, Turkey",usp00061fp
1993-09-28 02:04:44,2.7,5,40.677,29.89,"2 km WNW of Bahçecik, Turkey",usp000615b
1993-09-28 00:07:42,3.6,7,40.628,29.797,"7 km SSW of ?hsaniye, Turkey",usp0006156
1993-09-27 15:14:50,2.8,10,41.028,28.433,"2 km SSE of Celâliye, Turkey",usp000614m
1993-09-27 14:15:19,2.7,5,41.108,28.517,"2 km ENE of Muratbey, Turkey",usp000614j
1993-09-25 14:17:22,2.7,10,41.155,28.471,"1 km NNE of Çatalca, Turkey",usp0006118
1993-09-25 14:10:26,2.7,10,40.821,28.678,"18 km S of Beylikdüzü, Turkey",usp0006117
1993-09-25 11:18:14,2.7,10,40.844,28.685,"15 km SSE of Beylikdüzü, Turkey",usp000610t
1993-09-24 22:37:08,3,10,40.838,28.121,"20 km SE of Marmara Ere?lisi, Turkey",usp00060zv
1993-09-23 06:33:44,2.8,10,40.836,28.343,"23 km SSW of Kumburgaz, Turkey",usp00060wy
1993-09-21 07:19:37,2.9,10,40.658,29.107,"2 km NW of Ç?narc?k, Turkey",usp00060rh
1993-09-19 01:57:11,2.7,10,40.743,29.27,"9 km N of Yalova, Turkey",usp00060kq
1993-09-17 10:57:16,2.8,10,41.39,29.358,"32 km NW of ?ile, Turkey",usp00060h7
1993-09-16 23:33:50,2.6,10,40.812,27.968,"17 km S of Marmara Ere?lisi, Turkey",usp00060g8
1993-09-16 21:27:25,3,10,40.859,29.867,"11 km NNW of ?zmit, Turkey",usp00060g5
1993-09-16 16:05:36,2.8,10,41.172,29.403,"17 km W of ?ile, Turkey",usp00060fw
1993-09-16 12:38:25,2.8,10,40.911,28.398,"14 km SSW of Kumburgaz, Turkey",usp00060fh
1993-09-14 09:51:59,2.8,5,41.137,28.496,"2 km ESE of Çatalca, Turkey",usp00060aw
1993-09-14 05:51:35,2.7,10,41.132,28.734,"5 km S of Arnavutköy, Turkey",usp00060af
1993-09-11 09:32:38,2.6,10,40.723,29.236,"8 km NNW of Yalova, Turkey",usp0006055
1993-09-11 09:02:46,2.6,10,40.668,29.196,"3 km ENE of Koruköy, Turkey",usp000604z
1993-09-08 12:16:25,2.8,10,41.25,29.328,"25 km WNW of ?ile, Turkey",usp0005zyh
1993-09-04 13:37:12,2.7,10,41.14,28.516,"4 km E of Çatalca, Turkey",usp0005zrb
1993-09-03 09:36:13,2.7,10,40.785,29.272,"7 km SSW of ?çmeler, Turkey",usp0005zp8
1993-08-31 15:18:35,3.2,10,40.601,28.971,"5 km WSW of Kocadere, Turkey",usp0005zhn
1993-08-31 12:22:37,2.8,10,40.682,29.819,"1 km SW of ?hsaniye, Turkey",usp0005zh7
1993-08-24 12:13:04,2.6,10,41.201,28.567,"8 km SW of Boyal?k, Turkey",usp0005z4f
1993-08-23 09:52:22,2.7,10,41.162,28.481,"2 km NE of Çatalca, Turkey",usp0005z1u
1993-08-21 09:44:36,2.4,10,40.625,29.459,"5 km E of K?l?ç, Turkey",usp0005yye
1993-08-20 13:45:38,2.8,10,41.101,28.48,"1 km WNW of Muratbey, Turkey",usp0005ywz
1993-08-19 21:35:57,2.7,10,41.049,29.277,"6 km NE of Sancaktepe, Turkey",usp0005yvm
1993-08-19 05:46:37,2.4,5,40.61,29.875,"7 km SSW of Bahçecik, Turkey",usp0005ytr
1993-08-19 04:46:27,2.5,5,40.662,29.882,"2 km WSW of Bahçecik, Turkey",usp0005ytp
1993-08-18 14:20:53,2.6,10,41.107,28.518,"2 km ENE of Muratbey, Turkey",usp0005ysq
1993-08-13 10:30:10,2.8,10,41.041,28.427,"1 km SSE of Celâliye, Turkey",usp0005yfx
1993-08-11 11:31:34,2.7,10,40.988,28.855,"1 km SSW of Bahçelievler, Turkey",usp0005ybw
1993-08-10 05:06:23,2.7,10,40.824,28.087,"19 km SE of Marmara Ere?lisi, Turkey",usp0005y7t
1993-08-10 05:01:53,3,10,40.814,28.073,"19 km SSE of Marmara Ere?lisi, Turkey",usp0005y7s
1993-08-10 03:13:34,3.1,10,40.792,28.121,"24 km SE of Marmara Ere?lisi, Turkey",usp0005y7n
1993-08-09 14:37:59,2.7,5,41.037,28.678,"1 km N of Esenyurt, Turkey",usp0005y6r
1993-07-29 09:37:02,2.7,10,41.094,28.734,"5 km W of Ba?ak?ehir, Turkey",usp0005xkq
1993-07-26 12:48:12,2.8,10,41.128,28.487,"2 km SE of Çatalca, Turkey",usp0005xeb
1993-07-26 11:37:06,2.6,10,40.754,29.286,"10 km S of ?çmeler, Turkey",usp0005xe7
1993-07-23 20:18:43,2.7,10,40.792,28.734,"22 km SSE of Yakuplu, Turkey",usp0005x8v
1993-07-23 09:39:59,2.8,10,41.113,28.72,"7 km WNW of Ba?ak?ehir, Turkey",usp0005x7n
1993-07-22 15:49:49,2.6,10,41.146,28.78,"5 km SE of Arnavutköy, Turkey",usp0005x69
1993-07-20 09:48:15,2.7,10,41.171,28.47,"3 km NNE of Çatalca, Turkey",usp0005x0z
1993-07-16 19:58:07,2.6,10,40.626,27.833,"23 km E of Marmara, Turkey",usp0005wj0
1993-07-13 09:14:37,2.7,10,41.159,28.465,"1 km N of Çatalca, Turkey",usp0005w4t
1993-07-12 08:10:14,2.7,10,41.233,28.401,"11 km NNW of Çatalca, Turkey",usp0005w09
1993-07-11 16:47:23,2.6,5,41.216,28.929,"6 km WSW of Ar?köy, Turkey",usp0005vz0
1993-07-03 03:36:55,3.4,10,40.723,28.978,"11 km NNW of Kocadere, Turkey",usp0005vhx
1993-07-02 08:16:27,2.7,10,40.912,28.423,"13 km SSW of Kumburgaz, Turkey",usp0005vgy
1993-07-01 15:08:37,2.7,10,41.007,29.999,"14 km WSW of Kand?ra, Turkey",usp0005vft
1993-06-16 18:10:48,3,10,40.779,28.071,"23 km SSE of Marmara Ere?lisi, Turkey",usp0005upq
1993-06-16 16:44:53,2.8,10,41.092,28.99,"3 km N of ?i?li, Turkey",usp0005upm
1993-06-16 10:15:23,2.8,10,41.451,29.221,"30 km NE of Ar?köy, Turkey",usp0005up5
1993-06-14 15:31:33,2.7,10,41.148,28.516,"4 km E of Çatalca, Turkey",usp0005uk3
1993-06-14 13:04:56,2.9,5,41.118,29.343,"15 km NE of Sancaktepe, Turkey",usp0005uk0
1993-06-11 10:39:52,2.8,10,41.479,29.233,"33 km NE of Ar?köy, Turkey",usp0005ucs
1993-06-11 09:25:12,2.7,5,41.14,28.511,"4 km E of Çatalca, Turkey",usp0005ucj
1993-06-08 09:44:45,2.6,10,40.657,29.021,"3 km NNW of Kocadere, Turkey",usp0005u6z
1993-05-27 15:11:05,2.7,10,41.116,28.46,"3 km S of Çatalca, Turkey",usp0005tk2
1993-05-26 16:58:57,2.7,10,41.209,29.223,"18 km E of Ar?köy, Turkey",usp0005th8
1993-05-25 10:16:22,2.8,33,40.846,28.726,"16 km SSE of Yakuplu, Turkey",usp0005tf3
1993-05-24 15:36:52,2.7,10,41.132,28.489,"2 km ESE of Çatalca, Turkey",usp0005tdt
1993-05-23 09:18:32,2.7,10,40.81,27.876,"18 km SSW of Marmara Ere?lisi, Turkey",usp0005tb4
1993-05-22 21:25:33,2.7,10,40.816,27.89,"17 km SSW of Marmara Ere?lisi, Turkey",usp0005t9z
1993-05-22 14:31:50,2.8,10,41.116,28.51,"2 km NE of Muratbey, Turkey",usp0005t9e
1993-05-19 08:16:35,2.8,10,40.859,28.037,"14 km SSE of Marmara Ere?lisi, Turkey",usp0005t3b
1993-05-14 12:35:33,2.7,10,41.197,28.76,"2 km NE of Arnavutköy, Turkey",usp0005ssa
1993-05-13 15:17:37,2.8,10,41.113,28.734,"6 km WNW of Ba?ak?ehir, Turkey",usp0005sqp
1993-05-13 13:48:19,2.7,10,41.08,29.004,"2 km NNE of ?i?li, Turkey",usp0005sqk
1993-05-12 16:08:55,2.7,10,41.131,28.488,"2 km ESE of Çatalca, Turkey",usp0005snq
1993-05-11 18:16:07,2.5,10,40.649,29.194,"2 km ESE of Koruköy, Turkey",usp0005sm3
1993-05-09 08:22:31,2.8,10,41.114,29.196,"12 km NNE of Umraniye, Turkey",usp0005sfm
1993-05-08 13:03:06,2.8,10,41.101,28.765,"3 km WNW of Ba?ak?ehir, Turkey",usp0005se5
1993-05-07 03:28:53,2.7,10,40.674,29.976,"1 km SSE of Yuvac?k, Turkey",usp0005sbr
1993-05-05 15:20:31,2.7,10,41.072,28.622,"6 km NNE of Büyükçekmece, Turkey",usp0005s8x
1993-05-03 14:51:05,2.8,10,41.162,28.751,"2 km SSE of Arnavutköy, Turkey",usp0005s5b
1993-05-01 07:39:21,2.7,5,41.151,28.473,"1 km NE of Çatalca, Turkey",usp0005s1k
1993-04-29 06:20:33,2.7,10,41.157,28.854,"5 km NNW of Sultangazi, Turkey",usp0005ry0
1993-04-27 14:43:09,2.8,10,41.556,28.415,"17 km N of Karacaköy, Turkey",usp0005rux
1993-04-26 13:56:14,2.8,10,41.106,28.472,"2 km WNW of Muratbey, Turkey",usp0005rtd
1993-04-20 18:06:48,2.5,10,40.823,29.036,Western Turkey,usp0005rgm
1993-04-19 13:38:12,2.7,10,41.148,28.784,"5 km SE of Arnavutköy, Turkey",usp0005re7
1993-04-19 01:01:40,2.7,10,40.86,28.195,"23 km ESE of Marmara Ere?lisi, Turkey",usp0005rd6
1993-04-18 06:21:46,2.6,10,41.252,28.691,"5 km ESE of Boyal?k, Turkey",usp0005rc7
1993-04-17 21:39:51,2.7,10,40.778,28.655,"22 km S of Beylikdüzü, Turkey",usp0005rbh
1993-04-16 12:27:05,2.8,10,41.094,29.18,"9 km NNE of Umraniye, Turkey",usp0005r99
1993-04-15 13:46:02,2.7,10,40.797,27.869,"20 km SSW of Marmara Ere?lisi, Turkey",usp0005r7n
1993-04-12 01:56:46,2.9,10,40.821,28.763,"20 km SSE of Yakuplu, Turkey",usp0005r1k
1993-04-10 09:35:44,2.8,10,41.089,28.751,"4 km W of Ba?ak?ehir, Turkey",usp0005qyy
1993-04-09 12:10:04,2.7,10,40.843,28.554,"17 km SSW of Beylikdüzü, Turkey",usp0005qx6
1993-04-07 11:10:20,2.8,10,41.143,28.469,"0 km E of Çatalca, Turkey",usp0005qtb
1993-04-06 14:51:52,2.8,10,41.107,28.735,"5 km WNW of Ba?ak?ehir, Turkey",usp0005qrp
1993-04-05 12:26:46,2.7,10,41.15,28.519,"4 km E of Çatalca, Turkey",usp0005qq0
1993-04-03 14:37:37,2.6,10,40.67,28.938,"8 km WNW of Kocadere, Turkey",usp0005qku
1993-03-13 13:38:04,2.8,5,41.151,28.473,"1 km NE of Çatalca, Turkey",usp0005pf1
1993-03-11 15:06:14,2.7,10,40.756,28.662,"25 km S of Beylikdüzü, Turkey",usp0005pb5
1993-02-24 09:28:01,2.9,10,41.489,29.28,"36 km NE of Ar?köy, Turkey",usp0005nkp
1993-02-24 09:27:13,2.8,10,41.455,29.328,"36 km NE of Ar?köy, Turkey",usp0005nkn
1993-02-24 09:23:50,2.6,10,41.54,29.401,"44 km NNW of ?ile, Turkey",usp0005nkm
1993-02-20 16:13:29,2.6,10,40.993,28.798,"5 km WSW of Bahçelievler, Turkey",usp0005nd9
1993-02-20 08:53:21,2.8,10,41.168,28.722,"2 km SW of Arnavutköy, Turkey",usp0005nch
1993-02-19 13:02:23,2.5,5,40.612,29.861,"7 km SW of Bahçecik, Turkey",usp0005nbb
1993-02-14 07:17:16,3.1,10,40.803,28.991,"11 km SW of Adalan, Turkey",usp0005n25
1993-02-11 12:51:12,2.7,10,40.993,28.578,"3 km W of Gürp?nar, Turkey",usp0005mxa
1993-02-02 18:56:20,2.5,10,40.815,27.954,"17 km S of Marmara Ere?lisi, Turkey",usp0005mhz
1993-02-01 15:26:56,2.7,10,41.157,29.046,"8 km SSE of Ar?köy, Turkey",usp0005mgz
1993-01-28 10:12:35,2.9,5,41.097,28.726,"6 km W of Ba?ak?ehir, Turkey",usp0005mbk
1993-01-23 15:32:44,3.6,7.5,40.795,28.771,"22 km SSE of Yakuplu, Turkey",usp0005m52
1992-12-29 11:20:18,2.9,10,41.121,28.702,"7 km SSW of Arnavutköy, Turkey",usp0005k0y
1992-12-21 13:02:34,2.7,10,41.108,28.438,"4 km SSW of Çatalca, Turkey",usp0005jku
1992-12-13 06:20:35,2.6,5,40.848,28.614,"15 km S of Beylikdüzü, Turkey",usp0005j7v
1992-12-11 21:43:30,3.1,5,40.693,29.91,"2 km W of Kar??yaka, Turkey",usp0005j4r
1992-12-04 02:12:16,2.6,10,40.608,28.91,"10 km WSW of Kocadere, Turkey",usp0005ht3
1992-11-30 12:13:50,2.7,10,41.31,29.1,"11 km NE of Ar?köy, Turkey",usp0005hnf
1992-11-25 09:25:15,2.8,10,41.649,29.694,"53 km N of ?ile, Turkey",usp0005hbs
1992-11-25 09:19:24,,10,41.414,29.278,"30 km NE of Ar?köy, Turkey",usp0005hbr
1992-11-21 09:09:58,2.6,10,41.117,28.721,"7 km WNW of Ba?ak?ehir, Turkey",usp0005h4w
1992-11-17 11:09:27,2.8,10,40.849,28.047,"15 km SSE of Marmara Ere?lisi, Turkey",usp0005gzj
1992-11-16 11:31:49,3.6,10,41.267,29.961,"16 km NNE of A?va, Turkey",usp0005gxx
1992-11-14 14:31:16,2.7,10,41.127,28.686,"7 km SW of Arnavutköy, Turkey",usp0005gut
1992-10-30 11:17:25,,10,41.272,28.619,"1 km NW of Boyal?k, Turkey",usp0005g2q
1992-10-27 13:52:01,,10,41.139,28.492,"2 km E of Çatalca, Turkey",usp0005fyg
1992-10-26 10:25:27,,10,41.113,28.73,"6 km WNW of Ba?ak?ehir, Turkey",usp0005fx0
1992-10-22 10:39:53,,10,41.086,28.736,"5 km W of Ba?ak?ehir, Turkey",usp0005fqg
1992-10-19 08:54:51,,10,41.046,28.739,Western Turkey,usp0005fk5
1992-10-15 14:13:45,,10,41.107,28.465,"2 km WNW of Muratbey, Turkey",usp0005fce
1992-10-08 00:06:47,,10,41.193,28.552,"9 km NE of Çatalca, Turkey",usp0005f2n
1992-10-07 11:43:41,,10,40.622,29.877,"6 km SSW of Bahçecik, Turkey",usp0005f1x
1992-10-06 02:57:46,,10,40.847,28.138,"20 km SE of Marmara Ere?lisi, Turkey",usp0005ezx
1992-10-05 10:29:19,,10,41.167,28.737,"1 km S of Arnavutköy, Turkey",usp0005ez5
1992-10-05 08:12:03,,10,40.839,28.144,"21 km SE of Marmara Ere?lisi, Turkey",usp0005eyz
1992-10-04 10:29:04,,10,40.665,29.673,"4 km SSW of Ula?l?, Turkey",usp0005exm
1992-10-04 08:55:44,,19,41.174,29.178,"15 km ESE of Ar?köy, Turkey",usp0005exg
1992-10-03 10:34:26,,10,41.14,28.729,"4 km S of Arnavutköy, Turkey",usp0005ewf
1992-09-29 15:00:24,,10,41.097,28.341,"0 km ENE of Kavakl?, Turkey",usp0005epw
1992-09-29 13:04:35,,13.7,40.707,29.641,"2 km NE of Karamürsel, Turkey",usp0005eps
1992-09-27 09:29:23,3,10,40.704,29.924,"1 km NW of Kar??yaka, Turkey",usp0005ek9
1992-09-25 05:49:19,3.2,10,40.712,29.937,"2 km N of Kar??yaka, Turkey",usp0005efs
1992-09-20 14:53:19,,10,40.817,28.057,"18 km SSE of Marmara Ere?lisi, Turkey",usp0005e8h
1992-09-18 14:16:38,,10,40.692,28.957,"9 km NW of Kocadere, Turkey",usp0005e62
1992-09-17 12:44:21,,10,41.108,28.482,"1 km NNW of Muratbey, Turkey",usp0005e4b
1992-09-16 09:34:05,,10,41.112,28.713,"7 km WNW of Ba?ak?ehir, Turkey",usp0005e2h
1992-09-14 09:46:49,,10,41.101,28.683,"8 km N of Esenyurt, Turkey",usp0005dz6
1992-09-12 16:47:28,,10,40.64,29.152,"1 km SSW of Koruköy, Turkey",usp0005dx7
1992-09-09 08:20:18,,10,41.465,29.316,"36 km NE of Ar?köy, Turkey",usp0005ds9
1992-09-04 10:32:39,,10,40.782,29.097,Western Turkey,usp0005djt
1992-09-01 16:18:12,,10,41.139,28.743,"4 km S of Arnavutköy, Turkey",usp0005dd5
1992-08-30 07:47:09,,10,40.759,29.136,"11 km N of Koruköy, Turkey",usp0005da9
1992-08-29 15:18:56,,10,41.149,28.736,"3 km S of Arnavutköy, Turkey",usp0005d97
1992-08-19 15:17:08,,10,41.12,28.749,"5 km NW of Ba?ak?ehir, Turkey",usp0005cr7
1992-08-17 15:14:24,,10,41.187,28.714,"2 km W of Arnavutköy, Turkey",usp0005cm2
1992-08-16 22:12:52,,10,40.933,28.036,"7 km ESE of Marmara Ere?lisi, Turkey",usp0005cjv
1992-08-11 19:23:35,,10,40.693,29.625,"0 km ENE of Karamürsel, Turkey",usp0005cah
1992-08-11 07:38:57,,10,41.091,29.02,"4 km NE of ?i?li, Turkey",usp0005c9r
1992-07-25 03:28:41,,5,40.766,29.864,"4 km ENE of Derince, Turkey",usp0005bem
1992-07-24 09:32:09,,10,41.15,28.781,"5 km SE of Arnavutköy, Turkey",usp0005bd3
1992-07-23 19:42:34,,21.1,40.792,27.813,"23 km SSW of Marmara Ere?lisi, Turkey",usp0005bb5
1992-07-20 21:33:18,2.8,10,40.879,29.389,"3 km WNW of Balç?k, Turkey",usp0005b6q
1992-07-20 15:12:28,,10,41.227,28.706,"5 km NNW of Arnavutköy, Turkey",usp0005b64
1992-07-16 11:50:55,,10,41.114,28.537,"4 km ENE of Muratbey, Turkey",usp0005ay1
1992-06-26 09:17:32,,10,41.071,28.716,"5 km NNE of Esenyurt, Turkey",usp00059pr
1992-06-24 15:25:16,,10,41.241,28.747,"6 km N of Arnavutköy, Turkey",usp00059kn
1992-06-24 09:26:07,,10,41.168,28.697,"4 km WSW of Arnavutköy, Turkey",usp00059k4
1992-06-19 11:34:19,,10,40.707,29.948,"1 km NNE of Kar??yaka, Turkey",usp00059an
1992-06-14 17:20:08,,10,40.629,29.079,"4 km E of Kocadere, Turkey",usp0005944
1992-06-06 06:46:13,,10,41.092,28.757,"3 km W of Ba?ak?ehir, Turkey",usp00058re
1992-06-05 14:09:37,,10,41.131,28.508,"4 km NNE of Muratbey, Turkey",usp00058qe
1992-06-03 09:27:16,,10,41.155,28.478,"1 km NE of Çatalca, Turkey",usp00058mh
1992-06-01 12:56:51,,10,40.662,29.019,"3 km NNW of Kocadere, Turkey",usp00058hd
1992-05-28 13:10:18,,10,41.3,29.267,"23 km ENE of Ar?köy, Turkey",usp000589a
1992-05-27 19:08:26,,10,40.738,29.537,"4 km SW of Tav?anc?l, Turkey",usp000586t
1992-05-25 08:55:53,,5,40.906,29.478,"5 km NE of Balç?k, Turkey",usp000581u
1992-05-25 08:51:15,3.6,9.6,40.76,29.648,"6 km E of Tav?anc?l, Turkey",usp000581t
1992-05-23 09:45:02,,10,41.166,28.724,"2 km SW of Arnavutköy, Turkey",usp00057yr
1992-05-23 09:38:53,,10,41.341,28.736,"6 km NE of Durusu, Turkey",usp00057yq
1992-05-22 09:59:45,,10,41.171,28.983,"6 km SSW of Ar?köy, Turkey",usp00057we
1992-05-22 09:57:29,,10,41.074,28.703,"5 km NNE of Esenyurt, Turkey",usp00057wd
1992-05-21 09:33:56,,10,41.142,28.699,"5 km SW of Arnavutköy, Turkey",usp00057tc
1992-05-19 11:17:03,3.2,10,40.651,29.899,"2 km SW of Bahçecik, Turkey",usp00057pq
1992-05-14 01:56:19,,10,40.619,29.051,"2 km SE of Kocadere, Turkey",usp00057ar
1992-05-10 14:37:30,,10,40.791,29.691,"8 km WNW of Körfez, Turkey",usp0005753
1992-05-08 14:44:51,,10,41.14,28.507,"3 km E of Çatalca, Turkey",usp000572u
1992-05-07 15:10:01,,10,41.125,28.748,"5 km NW of Ba?ak?ehir, Turkey",usp0005715
1992-05-06 19:08:55,,10,40.884,28.221,"21 km S of Silivri, Turkey",usp0005701
1992-05-04 09:41:03,,10,41.133,28.469,"1 km SSE of Çatalca, Turkey",usp00056wk
1992-04-21 11:15:59,,10,40.779,28.083,"23 km SSE of Marmara Ere?lisi, Turkey",usp0005637
1992-04-21 10:41:19,,10,41.178,28.464,"3 km N of Çatalca, Turkey",usp0005635
1992-04-21 08:58:01,,10,40.791,28.119,"24 km SE of Marmara Ere?lisi, Turkey",usp0005632
1992-04-21 08:53:34,,10,40.807,28.073,"20 km SSE of Marmara Ere?lisi, Turkey",usp0005631
1992-04-21 00:22:48,,10,40.767,28.089,"25 km SSE of Marmara Ere?lisi, Turkey",usp000562s
1992-04-20 21:24:58,,10,40.786,28.101,"23 km SSE of Marmara Ere?lisi, Turkey",usp000562j
1992-04-20 19:52:41,,10,40.794,28.131,"24 km SE of Marmara Ere?lisi, Turkey",usp000562g
1992-04-17 18:53:06,,10,40.632,29.057,"2 km E of Kocadere, Turkey",usp00055y1
1992-04-15 10:04:13,,10,41.117,28.741,"5 km WNW of Ba?ak?ehir, Turkey",usp00055um
1992-04-15 10:01:50,,10,41.053,28.702,"3 km NE of Esenyurt, Turkey",usp00055uk
1992-04-15 09:57:14,,10,41.256,28.444,"12 km N of Çatalca, Turkey",usp00055uj
1992-04-15 09:10:43,,10,40.734,29.136,"9 km NNW of Koruköy, Turkey",usp00055uf
1992-04-14 08:56:33,,10,41.048,28.378,"1 km SE of Selimpa?a, Turkey",usp00055sr
1992-04-09 04:01:03,,10,40.855,28.256,"24 km SSW of Selimpa?a, Turkey",usp00055h9
1992-04-07 11:29:14,,10,40.857,28.22,"24 km S of Silivri, Turkey",usp00055ff
1992-04-07 03:04:05,,10,40.814,28.121,"22 km SE of Marmara Ere?lisi, Turkey",usp00055f0
1992-04-05 01:25:35,,10,40.804,29.24,"7 km SW of ?çmeler, Turkey",usp00055bm
1992-04-05 00:48:02,4,25.9,40.854,27.903,"13 km SSW of Marmara Ere?lisi, Turkey",usp00055bk
1992-04-04 16:51:30,,10,40.773,29.217,"11 km SW of ?çmeler, Turkey",usp00055b2
1992-04-04 07:05:31,3.1,10,40.768,29.166,"11 km SSE of Adalar, Turkey",usp00055an
1992-04-04 07:05:13,,10,40.746,29.243,"10 km NNW of Yalova, Turkey",usp00055am
1992-04-02 13:09:24,,10,41.117,28.47,"2 km NW of Muratbey, Turkey",usp0005584
1992-04-02 11:38:04,,10,41.117,28.458,"2 km S of Çatalca, Turkey",usp0005581
1992-03-31 12:15:48,,10,40.817,28.161,"24 km SE of Marmara Ere?lisi, Turkey",usp0005548
1992-03-29 10:27:38,,10,41.125,28.494,"3 km N of Muratbey, Turkey",usp000550h
1992-03-29 04:27:33,,5,40.614,29.06,"3 km SE of Kocadere, Turkey",usp00054zw
1992-03-26 12:36:49,,24.9,40.637,29.159,"1 km S of Koruköy, Turkey",usp00054ve
1992-03-25 19:57:42,,13,40.805,29.192,"8 km SE of Adalar, Turkey",usp00054u8
1992-03-25 19:47:28,,10,40.769,29.186,"11 km SSE of Adalar, Turkey",usp00054u7
1992-03-25 08:45:16,,10,41.388,29.294,"29 km NE of Ar?köy, Turkey",usp00054td
1992-03-24 16:00:16,,10,40.822,29.649,"8 km NE of Tav?anc?l, Turkey",usp00054s8
1992-03-24 06:00:10,,10,40.708,29.11,"7 km N of Ç?narc?k, Turkey",usp00054rr
1992-03-21 13:22:53,,5,41.205,29.022,"3 km SSE of Ar?köy, Turkey",usp00054mc
1992-03-19 17:19:16,,10,40.833,28.29,"25 km SSW of Selimpa?a, Turkey",usp00054h1
1992-03-19 13:34:01,,10,41.064,28.99,"0 km NNE of ?i?li, Turkey",usp00054gr
1992-03-18 11:18:39,,10,41.114,28.502,"2 km NNE of Muratbey, Turkey",usp00054f3
1992-03-15 04:58:27,,10,40.858,28.317,"22 km S of Selimpa?a, Turkey",usp000549d
1992-03-14 10:00:04,,10,41.134,28.488,"2 km ESE of Çatalca, Turkey",usp000548j
1992-03-13 13:42:12,,10,40.771,27.888,"22 km SSW of Marmara Ere?lisi, Turkey",usp0005479
1992-03-11 13:56:01,,10,40.86,28.606,"13 km SSW of Beylikdüzü, Turkey",usp0005446
1992-03-09 22:51:26,,10,41.187,29.638,"2 km ENE of ?ile, Turkey",usp000542c
1992-03-06 04:44:32,,10,40.852,28.342,"22 km SSW of Kumburgaz, Turkey",usp00053xx
1992-03-05 14:55:21,,10,41.106,28.418,"3 km E of Ortaköy, Turkey",usp00053wy
1992-03-03 08:30:30,,10,40.636,28.893,"11 km W of Kocadere, Turkey",usp00053tk
1992-03-01 10:49:58,,10,41.147,28.502,"3 km E of Çatalca, Turkey",usp00053pe
1992-02-28 08:52:39,,10,40.888,28.715,"11 km SSE of Yakuplu, Turkey",usp00053kr
1992-02-26 14:36:04,,5,41.103,28.461,"2 km WNW of Muratbey, Turkey",usp00053hh
1992-02-25 06:31:02,,10,41.219,29.76,"12 km NW of A?va, Turkey",usp00053fv
1992-02-13 18:41:27,,10,40.699,29.024,"7 km N of Kocadere, Turkey",usp0005312
1992-02-13 08:41:47,,5,40.601,29.852,"9 km SW of Bahçecik, Turkey",usp000530a
1992-02-12 04:10:07,,10,40.708,29.976,"2 km SSW of Kullar, Turkey",usp00052yk
1992-02-04 10:19:31,,10,41.181,28.533,"7 km NE of Çatalca, Turkey",usp00052kv
1992-01-16 14:45:34,,10,40.754,29.59,"2 km SE of Tav?anc?l, Turkey",usp00051va
1992-01-15 05:12:39,,10,40.738,29.216,"10 km NNE of Koruköy, Turkey",usp00051tk
1992-01-06 12:51:00,,10,41.103,28.467,"2 km WNW of Muratbey, Turkey",usp00051f3
1991-12-22 00:49:13,,10,40.635,29.853,"6 km SW of Bahçecik, Turkey",usp00050s2
1991-12-15 20:56:46,,10,40.653,29.125,"0 km N of Ç?narc?k, Turkey",usp00050h2
1991-12-15 19:27:18,,10,40.651,29.061,"3 km NE of Kocadere, Turkey",usp00050gv
1991-12-12 20:24:00,,10,40.766,29.643,"6 km E of Tav?anc?l, Turkey",usp00050be
1991-12-03 12:44:18,,10,41.133,28.949,"7 km ENE of Sultangazi, Turkey",usp0004zza
1991-12-03 09:43:42,,10,40.815,27.84,"19 km SSW of Marmara Ere?lisi, Turkey",usp0004zz0
1991-11-25 10:37:54,,10,40.76,28.002,"23 km S of Marmara Ere?lisi, Turkey",usp0004zmr
1991-11-22 21:09:11,,10,40.683,29.01,"6 km NNW of Kocadere, Turkey",usp0004zg4
1991-11-12 14:49:16,,10,41.142,28.471,"0 km E of Çatalca, Turkey",usp0004z2h
1991-11-11 19:18:59,,10,40.634,29.032,"0 km NNE of Kocadere, Turkey",usp0004z21
1991-11-10 15:14:00,,10,40.644,28.991,"3 km WNW of Kocadere, Turkey",usp0004z0f
1991-11-10 01:50:21,,10,40.683,29.851,"1 km ESE of ?hsaniye, Turkey",usp0004yzv
1991-10-28 15:15:34,,10,41.585,29.066,"39 km N of Ar?köy, Turkey",usp0004yhg
1991-10-26 04:16:31,,10,40.677,29.887,"2 km WNW of Bahçecik, Turkey",usp0004ycz
1991-10-26 03:36:12,,10,40.681,29.91,"1 km NNW of Bahçecik, Turkey",usp0004ycx
1991-10-24 14:46:22,,10,41.117,28.462,"2 km S of Çatalca, Turkey",usp0004ya6
1991-10-23 14:07:57,,10,41.094,29.358,"14 km NE of Sancaktepe, Turkey",usp0004y7u
1991-10-23 06:38:13,,10,40.824,28.117,"21 km SE of Marmara Ere?lisi, Turkey",usp0004y78
1991-10-20 05:26:05,,10,40.815,28.073,"19 km SSE of Marmara Ere?lisi, Turkey",usp0004y2f
1991-10-19 22:19:52,,10,40.823,27.874,Western Turkey,usp0004y1s
1991-10-19 04:07:29,,10,40.806,28.071,"20 km SSE of Marmara Ere?lisi, Turkey",usp0004y0c
1991-10-19 04:05:46,,10,40.802,28.073,"21 km SSE of Marmara Ere?lisi, Turkey",usp0004y0b
1991-10-19 03:14:03,,10,40.837,28.052,"16 km SSE of Marmara Ere?lisi, Turkey",usp0004y09
1991-10-18 06:19:13,,10,41.135,28.681,"7 km SW of Arnavutköy, Turkey",usp0004xz1
1991-10-16 09:51:33,,10,41.141,28.479,"1 km E of Çatalca, Turkey",usp0004xw7
1991-10-10 02:05:11,,10,40.804,29.221,"8 km WSW of ?çmeler, Turkey",usp0004xkz
1991-09-28 00:34:09,,10,40.659,29.805,"4 km SW of ?hsaniye, Turkey",usp0004x4w
1991-09-27 15:40:41,,10,41.119,28.68,"8 km SW of Arnavutköy, Turkey",usp0004x48
1991-09-26 15:22:47,,5,41.013,28.414,"4 km S of Celâliye, Turkey",usp0004x30
1991-09-26 14:25:09,,5,41.151,28.536,"6 km E of Çatalca, Turkey",usp0004x2v
1991-09-26 14:23:35,,5,41.06,28.479,"4 km SSW of Muratbey, Turkey",usp0004x2u
1991-09-25 15:53:02,,10,40.639,29.773,"7 km SW of ?hsaniye, Turkey",usp0004x1c
1991-09-25 08:04:40,,10,41.352,29.376,"27 km NW of ?ile, Turkey",usp0004x0u
1991-09-25 08:03:48,,10,41.38,29.329,"31 km ENE of Ar?köy, Turkey",usp0004x0t
1991-09-22 13:43:08,,10,41.127,28.473,"2 km SSE of Çatalca, Turkey",usp0004wxm
1991-09-17 15:18:31,,10,41.104,28.491,"0 km N of Muratbey, Turkey",usp0004wr0
1991-09-15 09:34:00,,10,40.814,29.633,"7 km NE of Tav?anc?l, Turkey",usp0004wnr
1991-09-15 01:39:41,,10,40.723,29.779,"2 km ENE of Hal?dere, Turkey",usp0004wnc
1991-09-12 20:00:26,,10,40.715,29.817,"0 km W of Gölcük, Turkey",usp0004wjq
1991-09-10 14:12:52,,10,41.084,28.506,"1 km SE of Muratbey, Turkey",usp0004wg2
1991-09-05 08:41:00,,10,41.143,28.967,"9 km ENE of Sultangazi, Turkey",usp0004w93
1991-08-29 01:17:01,,10,40.715,29.178,"6 km N of Koruköy, Turkey",usp0004vzw
1991-08-28 15:03:38,,10,41.268,28.754,"7 km ESE of Durusu, Turkey",usp0004vz5
1991-08-28 11:52:27,,10,41.251,28.549,"7 km WSW of Boyal?k, Turkey",usp0004vz0
1991-08-28 09:16:06,,12.7,40.638,29.269,"2 km SSW of Yalova, Turkey",usp0004vyv
1991-08-27 09:42:11,,10,41.101,28.437,"4 km W of Muratbey, Turkey",usp0004vxk
1991-08-26 10:55:09,,10,40.924,28.354,"14 km S of Selimpa?a, Turkey",usp0004vw7
1991-08-23 10:32:46,,10,41.077,28.678,"5 km N of Esenyurt, Turkey",usp0004vra
1991-08-22 13:22:19,,10,40.791,27.987,"19 km S of Marmara Ere?lisi, Turkey",usp0004vqb
1991-08-21 15:06:23,,10,41.271,29.041,"5 km NE of Ar?köy, Turkey",usp0004vpa
1991-08-17 09:17:36,,10,41.17,28.494,"4 km NE of Çatalca, Turkey",usp0004vga
1991-08-15 13:07:27,,10,41.126,28.456,"1 km SSW of Çatalca, Turkey",usp0004vd7
1991-08-09 08:37:11,,10,40.648,29.179,"1 km ESE of Koruköy, Turkey",usp0004v54
1991-08-08 09:50:59,,10,41.129,28.694,"7 km SSW of Arnavutköy, Turkey",usp0004v3t
1991-08-01 11:20:31,,10,41.208,28.521,"8 km NE of Çatalca, Turkey",usp0004uvn
1991-07-28 22:47:24,2.4,10,40.748,29.222,"11 km NNW of Yalova, Turkey",usp0004ur1
1991-07-28 09:59:26,2.8,10,41.104,28.66,"8 km N of Esenyurt, Turkey",usp0004uqh
1991-07-27 23:50:15,2.9,10,40.764,29.856,"3 km ENE of Derince, Turkey",usp0004uq6
1991-07-26 09:47:37,2.6,10,40.838,29.502,"2 km NNW of Tav?anl?, Turkey",usp0004une
1991-07-23 13:33:39,2.7,10,40.923,29.578,"12 km NNE of Tav?anl?, Turkey",usp0004uhm
1991-07-22 13:44:13,,10,41.05,27.851,"12 km WNW of Sultanköy, Turkey",usp0004ug8
1991-07-21 17:51:22,2.5,10,41.086,29.37,"14 km NE of Sancaktepe, Turkey",usp0004uey
1991-07-18 01:16:25,2.5,10,40.659,29.883,"2 km WSW of Bahçecik, Turkey",usp0004ua3
1991-07-17 12:25:45,2.3,10,40.881,29.415,"1 km NW of Balç?k, Turkey",usp0004u98
1991-07-16 14:12:32,2.9,10,41.139,28.454,"0 km SW of Çatalca, Turkey",usp0004u8f
1991-07-13 13:58:10,2.7,10,40.806,29.566,"3 km N of Tav?anc?l, Turkey",usp0004u42
1991-07-12 16:23:11,2.9,10,41.123,28.681,"8 km SW of Arnavutköy, Turkey",usp0004u2b
1991-07-12 14:53:13,2.8,10,41.143,28.467,"0 km E of Çatalca, Turkey",usp0004u27
1991-07-11 14:55:49,2.6,10,41.15,28.489,"2 km ENE of Çatalca, Turkey",usp0004u0j
1991-07-11 14:36:24,2.6,10,41.205,28.54,"9 km NE of Çatalca, Turkey",usp0004u0h
1991-07-09 20:11:42,,10,40.653,29.809,"4 km SSW of ?hsaniye, Turkey",usp0004tya
1991-07-09 13:56:05,,10,41.092,28.497,"0 km SE of Muratbey, Turkey",usp0004txv
1991-07-09 11:38:10,,10,41.179,28.516,"6 km NE of Çatalca, Turkey",usp0004txp
1991-07-05 03:04:12,2.8,10,40.716,29.077,"8 km NNW of Ç?narc?k, Turkey",usp0004tt9
1991-07-04 14:39:08,2.8,10,41.158,28.479,"2 km NE of Çatalca, Turkey",usp0004tsr
1991-06-30 20:26:12,2.6,10,40.743,29.135,"10 km NNW of Koruköy, Turkey",usp0004tm7
1991-06-30 20:14:48,2.4,10,40.704,29.091,"7 km NNW of Ç?narc?k, Turkey",usp0004tm5
1991-06-30 20:12:23,2.4,10,40.738,29.131,"9 km NNW of Koruköy, Turkey",usp0004tm4
1991-06-29 23:21:44,3,10,40.634,29.145,"2 km SE of Ç?narc?k, Turkey",usp0004tjv
1991-06-28 08:09:52,3,10,41.479,29.303,"37 km NE of Ar?köy, Turkey",usp0004tgv
1991-06-28 08:05:54,2.9,10,41.345,29.279,"26 km ENE of Ar?köy, Turkey",usp0004tgu
1991-06-26 22:50:20,2.8,10,40.827,29.744,"7 km NNW of Körfez, Turkey",usp0004tf4
1991-06-25 18:33:34,2.7,10,40.701,28.109,"32 km SSE of Marmara Ere?lisi, Turkey",usp0004tdd
1991-06-25 18:03:57,2.7,10,40.726,27.906,"27 km S of Marmara Ere?lisi, Turkey",usp0004td9
1991-06-24 09:42:15,3.1,10,40.626,28.478,"41 km SSW of Beylikdüzü, Turkey",usp0004tbh
1991-06-21 16:50:12,2.9,10,41.208,28.285,"13 km NNW of Kavakl?, Turkey",usp0004t8m
1991-06-21 08:35:22,2.8,10,40.659,29.097,"2 km WNW of Ç?narc?k, Turkey",usp0004t88
1991-06-20 14:22:23,2.5,10,41.191,28.466,"5 km N of Çatalca, Turkey",usp0004t75
1991-06-19 03:42:42,2.7,10,40.804,29.142,"7 km S of Adalar, Turkey",usp0004t50
1991-06-18 15:33:01,2.7,10,41.135,28.498,"3 km ESE of Çatalca, Turkey",usp0004t43
1991-06-18 10:28:45,2.7,10,41.102,28.673,"8 km N of Esenyurt, Turkey",usp0004t3v
1991-06-18 08:14:02,3.1,10,40.978,29.062,"4 km W of Ata?ehir, Turkey",usp0004t3r
1991-06-17 07:46:03,2.7,10,40.789,28.092,"23 km SSE of Marmara Ere?lisi, Turkey",usp0004t2h
1991-06-17 03:50:09,2.6,10,40.77,29.976,"3 km E of ?zmit, Turkey",usp0004t23
1991-06-15 12:55:41,3,10,41.203,28.981,"3 km SSW of Ar?köy, Turkey",usp0004sz6
1991-06-06 17:35:35,2.9,10,40.788,29.998,Western Turkey,usp0004sm2
1991-06-05 12:37:41,2.9,10,40.643,29.928,"3 km SSE of Bahçecik, Turkey",usp0004sj4
1991-06-05 10:18:24,2.4,10,41.141,28.692,"6 km SW of Arnavutköy, Turkey",usp0004sj2
1991-06-03 14:35:29,2.3,10,41.179,28.802,"5 km E of Arnavutköy, Turkey",usp0004sf8
1991-06-03 11:02:51,3.2,10,40.733,29.995,"1 km NNE of Kullar, Turkey",usp0004sf2
1991-06-03 10:01:31,2.8,10,41.69,27.864,"15 km NNE of Vize, Turkey",usp0004sey
1991-06-02 08:56:18,2.5,10,41.161,28.525,"5 km ENE of Çatalca, Turkey",usp0004sdk
1991-06-01 16:09:09,2.5,10,41.229,28.958,"3 km W of Ar?köy, Turkey",usp0004scy
1991-06-01 13:02:02,2.5,10,40.767,29.678,"6 km NNW of Ula?l?, Turkey",usp0004scs
1991-05-29 13:22:12,2.6,10,41.129,28.472,"1 km SSE of Çatalca, Turkey",usp0004s80
1991-05-28 13:18:46,2.6,10,41.145,28.485,"1 km E of Çatalca, Turkey",usp0004s6n
1991-05-26 15:10:32,2.7,10,41.125,28.476,"2 km SSE of Çatalca, Turkey",usp0004s40
1991-05-24 12:54:57,2.8,10,40.705,29.179,"5 km NNE of Koruköy, Turkey",usp0004s1f
1991-05-23 23:29:18,2.6,10,40.642,29.005,"2 km WNW of Kocadere, Turkey",usp0004s0u
1991-05-22 13:04:46,2.5,10,41.121,29.01,"6 km NNE of ?i?li, Turkey",usp0004ryz
1991-05-21 13:45:16,2.6,10,41.148,28.543,"6 km E of Çatalca, Turkey",usp0004rxh
1991-05-20 12:32:30,3,10,41.339,29.86,"22 km N of A?va, Turkey",usp0004rvz
1991-05-18 14:58:16,,10,40.781,29.471,"4 km SE of Gebze, Turkey",usp0004rtp
1991-05-18 14:48:41,,10,41.18,29.027,"5 km SSE of Ar?köy, Turkey",usp0004rtn
1991-05-16 09:42:38,2.6,10,40.823,29.652,"8 km NE of Tav?anc?l, Turkey",usp0004rqn
1991-05-15 15:23:42,2.5,10,40.824,29.537,"2 km ENE of Tav?anl?, Turkey",usp0004rpq
1991-05-15 13:34:38,2.4,5,40.937,29.397,"7 km NNW of Balç?k, Turkey",usp0004rph
1991-05-14 13:35:40,3.1,10,40.732,29.712,"3 km NNE of Ula?l?, Turkey",usp0004rn2
1991-05-13 18:06:31,2.9,10,40.695,29.814,"1 km WNW of ?hsaniye, Turkey",usp0004rkx
1991-05-13 10:31:00,2.8,10,41.08,28.702,"6 km NNE of Esenyurt, Turkey",usp0004rkf
1991-05-12 13:02:15,2.6,10,41.136,28.468,"0 km SE of Çatalca, Turkey",usp0004rja
1991-05-11 14:25:46,2.4,10,41.138,28.478,"1 km ESE of Çatalca, Turkey",usp0004rgw
1991-05-11 02:42:02,2.3,10,41.311,28.894,"12 km NW of Ar?köy, Turkey",usp0004rg3
1991-05-09 15:26:25,2.7,10,41.103,28.472,"1 km WNW of Muratbey, Turkey",usp0004rer
1991-05-07 06:35:35,2.7,10,41.242,29.3,"24 km E of Ar?köy, Turkey",usp0004rbu
1991-05-05 12:13:45,2.7,10,40.666,29.793,"4 km SW of ?hsaniye, Turkey",usp0004r99
1991-05-04 15:38:00,2.9,10,41.158,28.535,"6 km ENE of Çatalca, Turkey",usp0004r7z
1991-05-03 15:22:35,3.1,10,41.291,29.048,"7 km NNE of Ar?köy, Turkey",usp0004r6a
1991-05-03 15:03:07,,12.8,40.846,27.897,"14 km SSW of Marmara Ere?lisi, Turkey",usp0004r68
1991-05-02 14:56:24,2.6,10,40.791,29.47,"3 km ESE of Gebze, Turkey",usp0004r58
1991-05-02 11:52:39,2.5,10,41.145,28.449,"1 km W of Çatalca, Turkey",usp0004r53
1991-05-01 13:17:53,2.7,10,40.752,29.216,"11 km NNE of Koruköy, Turkey",usp0004r3s
1991-05-01 12:51:04,2.6,10,40.741,29.232,Western Turkey,usp0004r3q
1991-05-01 11:44:47,2.8,10,40.763,29.211,"12 km SW of ?çmeler, Turkey",usp0004r3p
1991-05-01 11:36:37,3.2,10,40.768,29.205,"12 km SW of ?çmeler, Turkey",usp0004r3n
1991-05-01 09:30:22,2.9,10,40.621,29.088,"4 km SW of Ç?narc?k, Turkey",usp0004r3f
1991-05-01 09:11:14,2.8,10,41.44,29.289,"33 km NE of Ar?köy, Turkey",usp0004r3c
1991-05-01 09:09:40,2.6,10,41.444,29.324,Western Turkey,usp0004r3b
1991-04-30 23:38:19,3.4,9,40.753,29.186,"11 km N of Koruköy, Turkey",usp0004r2k
1991-04-30 15:33:48,2.8,10,40.686,29.921,"1 km WSW of Kar??yaka, Turkey",usp0004r23
1991-04-29 07:53:07,3.3,22.2,40.75,29.986,Western Turkey,usp0004qz9
1991-04-27 15:15:46,2.5,11.1,41.135,28.969,"8 km N of ?i?li, Turkey",usp0004qx5
1991-04-27 12:42:02,2.8,10,41.14,28.483,"1 km ESE of Çatalca, Turkey",usp0004qwy
1991-04-26 16:28:11,3,10,40.653,29.096,"2 km WNW of Ç?narc?k, Turkey",usp0004qvj
1991-04-26 09:19:28,2.5,6.9,40.815,29.591,"5 km NNE of Tav?anc?l, Turkey",usp0004qux
1991-04-26 07:47:37,,10,41.067,29.29,"8 km NE of Sancaktepe, Turkey",usp0004qup
1991-04-25 15:02:09,2.5,10,40.838,29.466,"4 km WNW of Tav?anl?, Turkey",usp0004qtj
1991-04-25 13:18:07,2.7,10,41.11,28.495,"1 km N of Muratbey, Turkey",usp0004qtg
1991-04-24 16:58:29,3,7.2,41.364,29.324,"30 km ENE of Ar?köy, Turkey",usp0004qsa
1991-04-24 10:24:12,2.7,10,40.636,29.099,"2 km WSW of Ç?narc?k, Turkey",usp0004qrx
1991-04-24 09:23:18,2.6,10,40.843,29.625,"9 km NNE of Tav?anc?l, Turkey",usp0004qru
1991-04-24 09:02:01,2.8,10,41.123,28.466,"2 km S of Çatalca, Turkey",usp0004qrr
1991-04-22 06:48:07,2.6,10,40.811,27.94,"17 km S of Marmara Ere?lisi, Turkey",usp0004qnq
1991-04-21 15:42:12,2.7,10,40.78,29.087,"10 km SSW of Adalar, Turkey",usp0004qmr
1991-04-21 13:46:02,2.6,10,41.078,29.333,"11 km NE of Sancaktepe, Turkey",usp0004qmp
1991-04-18 18:15:36,2.4,10,40.674,29.123,"3 km N of Ç?narc?k, Turkey",usp0004qgg
1991-04-16 17:54:52,2.4,10,40.646,29.905,"2 km SSW of Bahçecik, Turkey",usp0004qdw
1991-04-16 02:46:51,2.6,10,40.605,29.01,Western Turkey,usp0004qd7
1991-04-14 10:05:33,2.4,10,40.611,29.288,"4 km S of Yalova, Turkey",usp0004qb1
1991-04-14 09:24:32,2.6,10,40.785,29.619,"4 km ENE of Tav?anc?l, Turkey",usp0004qay
1991-04-13 15:41:54,2.7,10,40.742,29.936,"2 km SSE of ?zmit, Turkey",usp0004q9z
1991-04-13 11:33:06,2.7,10,41.112,28.468,"2 km NW of Muratbey, Turkey",usp0004q9k
1991-04-12 02:05:03,2.6,10,40.646,29.054,Western Turkey,usp0004q7p
1991-04-11 13:40:28,2.7,10,41.165,28.496,"3 km NE of Çatalca, Turkey",usp0004q6w
1991-04-11 11:58:38,2.5,10,40.735,29.205,"9 km NNE of Koruköy, Turkey",usp0004q6p
1991-04-11 00:34:12,2.5,10,40.635,29.018,"1 km WNW of Kocadere, Turkey",usp0004q5z
1991-04-09 12:47:15,2.8,10,40.797,27.893,"19 km SSW of Marmara Ere?lisi, Turkey",usp0004q4e
1991-04-08 09:10:52,2.6,10,40.816,29.638,"7 km NE of Tav?anc?l, Turkey",usp0004q2y
1991-04-08 08:54:37,2.7,10,40.821,28.015,"17 km SSE of Marmara Ere?lisi, Turkey",usp0004q2x
1991-03-31 14:44:37,,12.1,40.792,27.902,"20 km SSW of Marmara Ere?lisi, Turkey",usp0004pt0
1991-03-30 13:34:05,,10,41.045,29.295,"7 km NE of Sancaktepe, Turkey",usp0004prk
1991-03-27 23:06:21,,10,40.835,28.785,"19 km SSE of Yakuplu, Turkey",usp0004pn7
1991-03-27 20:44:18,,10,40.618,29.036,"1 km SSE of Kocadere, Turkey",usp0004pn1
1991-03-27 15:03:17,,5,41.136,28.459,"0 km SSW of Çatalca, Turkey",usp0004pmp
1991-03-27 13:25:38,,10,40.806,29.626,"6 km NE of Tav?anc?l, Turkey",usp0004pmm
1991-03-27 09:48:44,,10,40.777,29.34,"8 km SSE of ?çmeler, Turkey",usp0004pm8
1991-03-26 15:46:58,,10,41.169,28.545,"7 km ENE of Çatalca, Turkey",usp0004pk4
1991-03-26 15:08:25,,10,41.145,28.495,"2 km E of Çatalca, Turkey",usp0004pk3
1991-03-26 12:52:50,,10,41.14,28.494,"2 km E of Çatalca, Turkey",usp0004pjv
1991-03-26 11:03:22,,10,41.056,29.31,"8 km NE of Sancaktepe, Turkey",usp0004pjm
1991-03-25 10:03:44,,10,40.813,29.483,Western Turkey,usp0004pgp
1991-03-24 12:13:54,,10,41.107,28.497,"1 km NNE of Muratbey, Turkey",usp0004pfj
1991-03-23 13:05:20,,10,41.147,28.779,Western Turkey,usp0004pe1
1991-03-23 03:14:19,,10,40.753,29.192,Western Turkey,usp0004pdg
1991-03-22 03:29:06,,5,40.652,29.056,"3 km NE of Kocadere, Turkey",usp0004pc3
1991-03-21 16:34:29,,5,41.121,28.944,"6 km ENE of Sultangazi, Turkey",usp0004pbm
1991-03-21 00:33:33,,10,40.662,29.072,"4 km WNW of Ç?narc?k, Turkey",usp0004pas
1991-03-20 06:55:03,,10,40.626,29.287,"3 km SSE of Yalova, Turkey",usp0004p9v
1991-03-16 23:15:01,,10,40.828,27.89,"16 km SSW of Marmara Ere?lisi, Turkey",usp0004p53
1991-03-16 14:27:42,,10,40.758,28.933,"16 km NNW of Kocadere, Turkey",usp0004p4r
1991-03-16 01:26:55,,10,40.705,29.054,"8 km NNE of Kocadere, Turkey",usp0004p3x
1991-03-16 00:55:16,,10,40.829,27.967,Western Turkey,usp0004p3v
1991-03-16 00:44:24,,10,40.81,27.928,"17 km S of Marmara Ere?lisi, Turkey",usp0004p3u
1991-03-16 00:28:57,,10,40.716,29.071,Western Turkey,usp0004p3t
1991-03-16 00:07:59,,10,40.887,27.837,"13 km SW of Marmara Ere?lisi, Turkey",usp0004p3r
1991-03-15 20:37:03,,10,40.628,29.048,"1 km E of Kocadere, Turkey",usp0004p3k
1991-03-15 15:16:17,,10,41.147,28.442,"1 km WNW of Çatalca, Turkey",usp0004p3b
1991-03-15 13:55:07,,5,40.839,29.439,"3 km SSE of Balç?k, Turkey",usp0004p35
1991-03-15 12:48:54,,10,41.364,28.173,"16 km NNE of Büyükçavu?lu, Turkey",usp0004p32
1991-03-14 07:59:37,,10,40.687,29.812,"1 km WSW of ?hsaniye, Turkey",usp0004p1f
1991-03-13 18:30:48,,10,40.679,29.974,"1 km SSE of Yuvac?k, Turkey",usp0004p0q
1991-03-13 03:13:34,,10,40.614,29.086,"4 km SW of Ç?narc?k, Turkey",usp0004nzt
1991-03-12 16:36:31,,10,40.655,29.076,"4 km WNW of Ç?narc?k, Turkey",usp0004nz8
1991-03-10 00:15:39,,10,40.921,28.385,"13 km SW of Kumburgaz, Turkey",usp0004nvm
1991-03-08 09:23:13,4.5,11.3,40.828,27.892,"16 km SSW of Marmara Ere?lisi, Turkey",usp0004ntg
1991-03-08 02:16:03,,10,40.727,29.016,"10 km N of Kocadere, Turkey",usp0004nt1
1991-03-07 19:28:47,,10,40.683,29.891,"2 km NW of Bahçecik, Turkey",usp0004nsq
1991-03-07 18:52:40,,10,40.726,29.877,"5 km ENE of Gölcük, Turkey",usp0004nsn
1991-03-05 12:51:21,,10,40.605,29.063,"3 km SE of Kocadere, Turkey",usp0004nq9
1991-03-04 01:02:52,,10,40.645,29.114,"0 km W of Ç?narc?k, Turkey",usp0004nnq
1991-03-03 20:20:16,,10,40.634,28.978,"4 km W of Kocadere, Turkey",usp0004nnf
1991-03-03 17:10:06,,10,40.631,29.03,"0 km N of Kocadere, Turkey",usp0004nna
1991-03-03 15:28:18,,10,40.605,29.061,"3 km SE of Kocadere, Turkey",usp0004nn5
1991-03-03 14:38:22,,10,40.658,29.119,"1 km NNW of Ç?narc?k, Turkey",usp0004nn1
1991-03-03 12:52:08,,10,40.729,28.99,"11 km NNW of Kocadere, Turkey",usp0004nmw
1991-03-03 12:16:16,,10,40.602,28.994,"4 km SW of Kocadere, Turkey",usp0004nmv
1991-03-03 11:40:46,,10,40.623,29.051,"1 km ESE of Kocadere, Turkey",usp0004nmu
1991-03-03 10:56:00,,10,40.633,29.053,"1 km E of Kocadere, Turkey",usp0004nmt
1991-03-03 09:34:49,,10,40.661,28.994,"4 km NW of Kocadere, Turkey",usp0004nmm
1991-03-03 09:09:11,,10,40.643,29.002,"2 km WNW of Kocadere, Turkey",usp0004nmk
1991-03-03 08:52:10,,10,40.613,29.051,"2 km SE of Kocadere, Turkey",usp0004nmj
1991-03-03 08:44:07,,10,40.645,28.992,"3 km WNW of Kocadere, Turkey",usp0004nmg
1991-03-03 08:39:26,4.5,21,40.623,29.017,"1 km SW of Kocadere, Turkey",usp0004nme
1991-02-28 15:02:09,2.6,10,41.139,28.477,"1 km ESE of Çatalca, Turkey",usp0004nhd
1991-02-28 13:58:54,2.6,10,40.608,28.928,"8 km WSW of Kocadere, Turkey",usp0004nha
1991-02-28 10:21:49,,10,40.875,29.618,"10 km NE of Tav?anl?, Turkey",usp0004ngy
1991-02-27 11:38:19,2.4,10,40.819,29.255,"5 km SW of ?çmeler, Turkey",usp0004nft
1991-02-27 09:54:55,2.9,10,41.429,29.366,"34 km NW of ?ile, Turkey",usp0004nfp
1991-02-27 09:52:56,2.8,10,41.427,29.383,"33 km NW of ?ile, Turkey",usp0004nfn
1991-02-26 19:26:56,2.6,0,40.839,28.128,"20 km SE of Marmara Ere?lisi, Turkey",usp0004nf1
1991-02-22 13:03:51,2.8,10,41.104,28.691,"8 km N of Esenyurt, Turkey",usp0004n97
1991-02-22 11:26:14,2.4,10,41.095,28.489,"0 km WSW of Muratbey, Turkey",usp0004n94
1991-02-20 17:34:16,2.6,5,40.884,28.737,"12 km SSE of Yakuplu, Turkey",usp0004n6f
1991-02-20 16:43:15,2.9,5,40.851,28.709,"15 km S of Yakuplu, Turkey",usp0004n6e
1991-02-15 11:46:37,2.8,10,40.968,28.626,"1 km SW of Beylikdüzü, Turkey",usp0004myz
1991-02-13 11:40:49,2.9,10,40.641,29.1,"2 km WSW of Ç?narc?k, Turkey",usp0004mwe
1991-02-12 09:54:58,4.8,10,40.816,28.878,"18 km SW of K?nal?, Turkey",usp0004muy
1991-02-07 22:37:34,2.5,10,40.712,29.984,"1 km SSW of Kullar, Turkey",usp0004mpc
1991-02-07 09:50:47,3,10,40.864,27.856,"14 km SW of Marmara Ere?lisi, Turkey",usp0004mnt
1991-02-05 23:59:07,2.6,10,40.724,29.895,Western Turkey,usp0004mkw
1991-01-24 15:13:20,2.7,10,41.112,28.752,"4 km WNW of Ba?ak?ehir, Turkey",usp0004m3p
1991-01-24 14:06:43,3.1,10,40.674,28.348,"40 km SSW of Kumburgaz, Turkey",usp0004m3m
1991-01-20 22:19:11,2.4,10,40.622,28.977,"4 km W of Kocadere, Turkey",usp0004kyw
1991-01-12 18:00:40,2.7,10,40.699,28.625,"31 km S of Beylikdüzü, Turkey",usp0004kkb
1991-01-10 23:20:49,2.6,10,40.698,28.713,"27 km WNW of Kocadere, Turkey",usp0004kgm
1991-01-10 10:39:40,,10,40.845,29.589,"7 km ENE of Tav?anl?, Turkey",usp0004kft
1991-01-10 02:04:45,2.5,10,40.714,28.65,"29 km S of Beylikdüzü, Turkey",usp0004kf9
1991-01-09 05:27:42,2.6,10,40.722,28.627,"28 km S of Beylikdüzü, Turkey",usp0004ke4
1991-01-08 23:23:10,2.9,10,40.685,29.938,"1 km SSW of Kar??yaka, Turkey",usp0004kdy
1991-01-08 03:23:03,2.6,10,40.744,28.623,"26 km S of Beylikdüzü, Turkey",usp0004kcr
1991-01-08 02:59:28,2.7,10,40.713,28.641,"29 km S of Beylikdüzü, Turkey",usp0004kcq
1991-01-07 23:24:31,2.9,10,40.725,28.623,"28 km S of Beylikdüzü, Turkey",usp0004kck
1991-01-07 21:25:37,2.5,10,40.736,28.645,"27 km S of Beylikdüzü, Turkey",usp0004kcg
1991-01-07 21:20:56,2.6,10,40.716,28.612,"29 km S of Beylikdüzü, Turkey",usp0004kcf
1991-01-07 18:56:26,2.7,10,40.722,28.644,"28 km S of Beylikdüzü, Turkey",usp0004kce
1991-01-07 18:42:29,3.1,10,40.707,29.986,"1 km S of Kullar, Turkey",usp0004kcd
1991-01-07 17:26:11,2.6,10,40.708,28.666,"30 km S of Beylikdüzü, Turkey",usp0004kcb
1991-01-07 15:00:10,2.8,10,40.747,28.607,"26 km S of Beylikdüzü, Turkey",usp0004kc5
1991-01-07 12:49:14,2.7,10,40.723,28.651,"28 km S of Beylikdüzü, Turkey",usp0004kby
1991-01-07 12:43:31,2.8,10,40.71,28.632,"30 km S of Beylikdüzü, Turkey",usp0004kbw
1991-01-07 12:39:01,2.7,10,40.663,28.652,"32 km W of Kocadere, Turkey",usp0004kbv
1991-01-07 11:31:34,2.6,10,40.68,28.61,"33 km S of Beylikdüzü, Turkey",usp0004kbs
1991-01-07 09:24:22,2.6,14.5,40.742,28.615,"26 km S of Beylikdüzü, Turkey",usp0004kbk
1991-01-07 06:27:01,2.5,10,40.68,28.645,"33 km W of Kocadere, Turkey",usp0004kbc
1991-01-07 06:20:15,2.4,10,40.738,28.645,"27 km S of Beylikdüzü, Turkey",usp0004kba
1991-01-07 05:55:42,2.6,10,40.707,28.635,"30 km S of Beylikdüzü, Turkey",usp0004kb9
1991-01-07 05:54:08,2.8,10,40.777,28.639,"22 km S of Beylikdüzü, Turkey",usp0004kb8
1991-01-07 05:50:03,3.1,10,40.756,28.613,"25 km S of Beylikdüzü, Turkey",usp0004kb7
1991-01-07 05:49:03,2.5,10,40.665,28.669,"30 km W of Kocadere, Turkey",usp0004kb6
1991-01-07 05:46:25,2.5,10,40.745,28.621,"26 km S of Beylikdüzü, Turkey",usp0004kb5
1991-01-07 05:33:07,2.5,10,40.766,28.639,"23 km S of Beylikdüzü, Turkey",usp0004kb3
1991-01-07 05:26:03,2.6,10,40.829,28.637,"16 km S of Beylikdüzü, Turkey",usp0004kb2
1991-01-07 05:22:30,2.7,10,40.72,28.618,"29 km S of Beylikdüzü, Turkey",usp0004kb1
1991-01-07 05:15:15,4,19.1,40.687,28.556,"33 km SSW of Beylikdüzü, Turkey",usp0004kb0
1991-01-06 18:16:52,2.4,10,40.763,28.644,"24 km S of Beylikdüzü, Turkey",usp0004kaj
1991-01-06 16:19:37,3.3,10,40.763,28.623,"24 km S of Beylikdüzü, Turkey",usp0004kad
1991-01-06 15:37:14,2.7,10,40.774,28.668,"23 km S of Beylikdüzü, Turkey",usp0004ka8
1991-01-06 15:24:33,3.6,12.3,40.745,28.616,"26 km S of Beylikdüzü, Turkey",usp0004ka7
1991-01-06 11:45:05,2.5,10,40.722,28.655,"28 km S of Beylikdüzü, Turkey",usp0004k9v
1991-01-05 20:34:46,,10,40.716,28.639,"29 km S of Beylikdüzü, Turkey",usp0004k8z
1991-01-05 20:32:19,2.9,10,40.737,28.626,"27 km S of Beylikdüzü, Turkey",usp0004k8y
1991-01-05 18:17:43,2.6,10,40.823,28.604,"17 km S of Beylikdüzü, Turkey",usp0004k8t
1990-12-22 14:11:22,2.2,10,40.723,29.687,"2 km NNW of Ula?l?, Turkey",usp0004jka
1990-12-20 14:43:08,2.3,10,41.116,28.471,"2 km NW of Muratbey, Turkey",usp0004jd2
1990-12-18 14:58:19,2.1,10,40.816,29.573,"5 km N of Tav?anc?l, Turkey",usp0004ja5
1990-12-17 14:36:14,2.4,5,41.141,28.431,"2 km W of Çatalca, Turkey",usp0004j8x
1990-12-13 16:29:02,2.2,10,40.663,29.978,Western Turkey,usp0004j2x
1990-12-13 14:42:12,2.3,5,41.151,28.439,"2 km WNW of Çatalca, Turkey",usp0004j2t
1990-12-12 11:17:34,2.1,10,41.122,28.498,"2 km N of Muratbey, Turkey",usp0004j12
1990-12-11 20:04:19,2.2,10,40.679,29.659,"3 km ESE of Karamürsel, Turkey",usp0004hzv
1990-12-10 12:08:33,2.4,10,41.082,28.487,"1 km SSW of Muratbey, Turkey",usp0004hy3
1990-12-02 07:37:44,2,10,40.755,29.12,"11 km NNW of Koruköy, Turkey",usp0004hp1
1990-11-28 10:46:25,2.1,10,40.869,29.56,"6 km NE of Tav?anl?, Turkey",usp0004hh3
1990-11-26 11:21:54,2.5,10,41.087,28.459,"2 km WSW of Muratbey, Turkey",usp0004hdn
1990-11-26 09:51:27,2.2,10,41.268,28.986,"4 km NNW of Ar?köy, Turkey",usp0004hdd
1990-11-24 21:28:14,3.2,10,40.758,28.31,"32 km SSW of Kumburgaz, Turkey",usp0004hbz
1990-11-24 02:37:31,2.2,10,40.796,28.968,"13 km SW of Adalan, Turkey",usp0004haa
1990-11-23 19:10:45,2.6,10,40.831,27.957,"15 km S of Marmara Ere?lisi, Turkey",usp0004h9u
1990-11-21 11:12:24,2.4,10,41.074,28.554,"4 km N of Tepecik, Turkey",usp0004h62
1990-11-17 08:55:03,2.4,10,40.691,29.948,"0 km ESE of Kar??yaka, Turkey",usp0004h1b
1990-11-17 08:37:56,2.2,10,40.645,29.928,"2 km SSE of Bahçecik, Turkey",usp0004h1a
1990-11-15 14:43:57,1.8,10,41.109,28.697,"8 km WNW of Ba?ak?ehir, Turkey",usp0004gzj
1990-11-13 11:43:23,2.5,10,41.099,28.496,"0 km NE of Muratbey, Turkey",usp0004gvt
1990-11-12 08:52:14,2.6,10,41.149,28.477,"1 km ENE of Çatalca, Turkey",usp0004gtf
1990-11-03 23:39:20,2,10,41,28.612,Western Turkey,usp0004ggg
1990-11-03 14:15:52,2.2,10,41.187,28.802,"5 km E of Arnavutköy, Turkey",usp0004gg4
1990-11-03 11:43:12,,10,40.678,29.968,"1 km S of Yuvac?k, Turkey",usp0004gfy
1990-10-30 09:03:06,2.6,10,41.449,29.34,"37 km NE of Ar?köy, Turkey",usp0004gba
1990-10-30 09:02:04,2.6,10,41.421,29.347,"35 km NW of ?ile, Turkey",usp0004gb9
1990-10-29 19:57:47,2.6,10,40.645,29.101,"1 km W of Ç?narc?k, Turkey",usp0004gan
1990-10-29 10:57:19,2.1,10,40.653,29.182,"1 km E of Koruköy, Turkey",usp0004ga6
1990-10-28 14:53:28,2.3,10,41.162,28.509,"4 km ENE of Çatalca, Turkey",usp0004g8v
1990-10-25 22:45:39,2.1,10,41.397,29.442,"28 km NNW of ?ile, Turkey",usp0004g5u
1990-10-25 17:00:06,2.9,10,41.278,29.345,"25 km WNW of ?ile, Turkey",usp0004g5d
1990-10-25 10:14:36,2.6,10,40.849,28.32,"23 km S of Selimpa?a, Turkey",usp0004g50
1990-10-25 01:03:33,2.1,10,40.797,28.191,"27 km SE of Marmara Ere?lisi, Turkey",usp0004g4j
1990-10-24 11:50:54,2.1,5,40.836,28.13,"20 km SE of Marmara Ere?lisi, Turkey",usp0004g3q
1990-10-20 15:03:21,1.9,10,41.442,28.731,"16 km NNE of Durusu, Turkey",usp0004fze
1990-10-19 12:29:57,2.3,10,41.171,28.519,"5 km ENE of Çatalca, Turkey",usp0004fxt
1990-10-19 05:28:11,3.1,10,40.644,29.959,"4 km SE of Bahçecik, Turkey",usp0004fxe
1990-10-17 05:21:52,2.3,10,40.724,29.036,"10 km N of Kocadere, Turkey",usp0004fuq
1990-10-11 10:03:52,2.7,10,41.132,28.491,"2 km ESE of Çatalca, Turkey",usp0004fmn
1990-10-11 08:11:47,2.4,10,40.679,29.91,"1 km NNW of Bahçecik, Turkey",usp0004fmj
1990-10-09 10:28:31,2.1,10,40.802,29.578,Western Turkey,usp0004fj8
1990-10-08 21:55:41,2.5,10,40.668,29.966,"2 km S of Yuvac?k, Turkey",usp0004fh8
1990-10-07 14:25:53,2.6,10,41.173,28.489,"4 km NE of Çatalca, Turkey",usp0004ffn
1990-10-06 22:55:13,2.4,10,40.673,29.921,"0 km NE of Bahçecik, Turkey",usp0004fen
1990-10-05 15:11:24,2.6,10,40.678,29.951,"1 km SW of Yuvac?k, Turkey",usp0004fcz
1990-10-05 12:14:17,2.2,10,40.674,29.838,"1 km S of ?hsaniye, Turkey",usp0004fcx
1990-10-05 10:16:45,2.7,10,40.702,29.957,"1 km NE of Kar??yaka, Turkey",usp0004fcu
1990-10-03 10:33:17,2.7,10,41.389,29.22,"25 km NE of Ar?köy, Turkey",usp0004fat
1990-10-03 01:51:29,2.9,10,40.67,29.954,"2 km SSW of Yuvac?k, Turkey",usp0004fab
1990-10-02 11:03:27,2,10,41.083,29.353,Western Turkey,usp0004f9c
1990-09-06 19:36:22,,10,40.811,28.316,"27 km SSW of Kumburgaz, Turkey",usp0004ecv
1990-09-05 16:26:20,,10,40.723,28.538,"30 km SSW of Beylikdüzü, Turkey",usp0004ebk
1990-09-05 16:21:28,,68.8,40.994,28.65,"1 km NNE of Beylikdüzü, Turkey",usp0004ebj
1990-09-05 15:02:26,,10,41.199,28.196,"12 km ESE of Büyükçavu?lu, Turkey",usp0004ebg
1990-09-04 08:01:09,,10,41.133,28.473,"1 km SE of Çatalca, Turkey",usp0004ea0
1990-08-23 02:33:36,,10,40.675,29.96,"1 km SSW of Yuvac?k, Turkey",usp0004dt0
1990-08-22 13:02:35,,10,40.945,29.843,"20 km NNE of Körfez, Turkey",usp0004ds9
1990-08-20 15:23:21,,10,41.2,28.48,"6 km NNE of Çatalca, Turkey",usp0004dpj
1990-08-19 10:11:35,,10,41.121,28.67,"9 km SW of Arnavutköy, Turkey",usp0004dmt
1990-08-16 07:06:57,,10,40.932,28.722,"7 km SSE of Yakuplu, Turkey",usp0004dfk
1990-08-11 15:46:56,,10,41.223,29.313,"25 km NNE of Sancaktepe, Turkey",usp0004d8s
1990-07-27 12:54:25,,10,40.845,28.048,"15 km SSE of Marmara Ere?lisi, Turkey",usp0004cm7
1990-07-27 05:05:01,,10,40.815,28.166,"24 km SE of Marmara Ere?lisi, Turkey",usp0004cks
1990-07-26 15:10:45,,10,41.126,28.713,"6 km SSW of Arnavutköy, Turkey",usp0004cjq
1990-07-25 12:36:47,,10,40.848,28.057,"15 km SSE of Marmara Ere?lisi, Turkey",usp0004ch6
1990-07-24 14:38:24,,10,40.799,28.452,"24 km S of Kumburgaz, Turkey",usp0004cfm
1990-07-19 13:05:27,,10,41.114,28.459,"3 km S of Çatalca, Turkey",usp0004c7r
1990-07-17 09:03:38,,10,40.752,29.395,"6 km SSW of Gebze, Turkey",usp0004c25
1990-07-16 14:44:30,,5,40.885,29.444,"1 km NE of Balç?k, Turkey",usp0004bzu
1990-07-16 02:28:21,,10,41.306,29.359,"25 km NW of ?ile, Turkey",usp0004bxc
1990-07-15 02:51:10,,10,40.749,28.079,"26 km SSE of Marmara Ere?lisi, Turkey",usp0004bvx
1990-07-11 20:22:41,,10,40.658,29.973,"3 km S of Yuvac?k, Turkey",usp0004bq5
1990-07-10 01:54:25,,10,41.025,28.893,"1 km NNE of Merter Keresteciler, Turkey",usp0004bm2
1990-07-05 08:41:28,,10,40.658,29.143,"1 km WNW of Koruköy, Turkey",usp0004bdn
1990-07-01 12:35:27,,10,41.159,28.494,"3 km ENE of Çatalca, Turkey",usp0004b7v
1990-06-28 23:57:54,,10,41.58,28.134,Western Turkey,usp0004b3y
1990-06-26 18:46:44,,5,41.115,28.95,"6 km NNW of ?i?li, Turkey",usp0004b1e
1990-06-26 03:12:59,,11.6,41.269,29.364,"23 km WNW of ?ile, Turkey",usp0004b0t
1990-06-25 21:21:23,,10,40.663,29.772,"6 km SSE of Hal?dere, Turkey",usp0004b0e
1990-06-25 17:51:46,,10,41.254,29.345,"24 km WNW of ?ile, Turkey",usp0004b05
1990-06-25 07:39:10,,10,41.153,28.722,"3 km SSW of Arnavutköy, Turkey",usp0004azs
1990-06-23 20:52:58,,10,40.812,28.009,"18 km SSE of Marmara Ere?lisi, Turkey",usp0004ax8
1990-06-23 12:24:55,,10,40.806,27.923,"18 km S of Marmara Ere?lisi, Turkey",usp0004awg
1990-06-23 11:29:08,,10,40.755,27.946,"23 km S of Marmara Ere?lisi, Turkey",usp0004awf
1990-06-23 11:24:28,,13.5,40.786,27.941,"20 km S of Marmara Ere?lisi, Turkey",usp0004awe
1990-06-23 11:14:13,,10,40.767,27.993,"22 km S of Marmara Ere?lisi, Turkey",usp0004awd
1990-06-23 11:03:44,,10,40.836,27.934,"14 km S of Marmara Ere?lisi, Turkey",usp0004awc
1990-06-23 09:52:22,,10,40.794,27.928,"19 km S of Marmara Ere?lisi, Turkey",usp0004aw6
1990-06-23 07:30:49,,10,40.781,27.949,"20 km S of Marmara Ere?lisi, Turkey",usp0004aw2
1990-06-23 06:59:31,,10,40.779,27.976,"21 km S of Marmara Ere?lisi, Turkey",usp0004aw1
1990-06-23 06:57:49,,10,40.775,27.979,"21 km S of Marmara Ere?lisi, Turkey",usp0004aw0
1990-06-23 06:57:03,,10,40.813,27.909,"17 km SSW of Marmara Ere?lisi, Turkey",usp0004avz
1990-06-16 12:42:58,,10,41.156,28.523,Western Turkey,usp0004ake
1990-06-14 08:33:20,,10,41.188,29.27,"20 km N of Sancaktepe, Turkey",usp0004agb
1990-06-13 09:05:18,,10,41.103,29.536,"10 km SW of ?ile, Turkey",usp0004aey
1990-06-12 10:29:59,,10,41.293,29.346,"25 km WNW of ?ile, Turkey",usp0004adw
1990-06-10 11:36:45,3.9,17.8,41.252,29.328,"25 km WNW of ?ile, Turkey",usp0004abn
1990-06-07 23:28:30,,10,40.736,29.18,"9 km N of Koruköy, Turkey",usp0004a8a
1990-06-03 12:58:10,,10,41.153,28.494,"2 km ENE of Çatalca, Turkey",usp0004a3c
1990-05-18 13:07:06,,10,40.83,29.469,"3 km WNW of Tav?anl?, Turkey",usp00049fq
1990-05-17 08:36:55,,10,41.419,29.326,"34 km NE of Ar?köy, Turkey",usp00049dt
1990-05-17 08:36:14,,10,41.406,29.293,"31 km NE of Ar?köy, Turkey",usp00049ds
1990-05-17 08:35:31,,10,41.401,29.297,"30 km NE of Ar?köy, Turkey",usp00049dr
1990-05-06 22:09:13,,10,40.826,29.803,"6 km NNE of Körfez, Turkey",usp00048yk
1990-04-17 20:52:42,,10,40.764,29.09,"12 km SSW of Adalar, Turkey",usp000481v
1990-03-25 10:17:54,,10,41.162,28.992,"7 km S of Ar?köy, Turkey",usp000471r
1990-03-20 14:03:03,,10,41.155,28.685,"5 km SW of Arnavutköy, Turkey",usp00046v3
1990-03-06 13:00:18,3.4,10,40.822,28.1,Western Turkey,usp000468f
1990-03-03 14:30:43,,10,40.88,28.399,"17 km SSW of Kumburgaz, Turkey",usp000464q
1990-03-03 14:24:44,,10,41.124,28.464,"2 km S of Çatalca, Turkey",usp000464p
1990-02-25 13:41:33,,10,40.672,29.854,"2 km SE of ?hsaniye, Turkey",usp00045wx
1990-02-16 18:59:02,,10,40.711,29.88,"4 km ENE of ?hsaniye, Turkey",usp00045h5
1990-02-14 12:17:01,,10,40.773,29.153,"10 km S of Adalar, Turkey",usp00045et
1990-02-13 08:28:05,,10,40.812,28.328,"26 km SSW of Kumburgaz, Turkey",usp00045dg
1990-01-29 20:18:29,,10,40.831,28.066,"17 km SSE of Marmara Ere?lisi, Turkey",usp00044vt
1990-01-28 09:14:47,,10,41.132,28.649,"9 km SW of Arnavutköy, Turkey",usp00044tt
1990-01-26 14:51:42,,10,41.21,28.513,"8 km NNE of Çatalca, Turkey",usp00044rw
1990-01-26 08:54:26,,10,41.364,29.248,"25 km NE of Ar?köy, Turkey",usp00044rp
1990-01-24 14:17:03,,10,40.831,28.107,"19 km SE of Marmara Ere?lisi, Turkey",usp00044pj
1990-01-22 10:59:10,,10,40.695,29.149,"4 km NNW of Koruköy, Turkey",usp00044kq
1990-01-17 13:26:24,,10,41.137,28.46,"0 km S of Çatalca, Turkey",usp00044d3
1989-12-28 13:41:51,,10,40.961,29.086,"3 km SW of Ata?ehir, Turkey",usp00043p8
1989-12-22 11:32:06,,10,41.232,29,"0 km WNW of Ar?köy, Turkey",usp00043f1
1989-12-19 15:50:00,,10,41.136,28.514,"4 km E of Çatalca, Turkey",usp000439z
1989-12-15 15:15:52,,10,40.728,29.992,"0 km NNE of Kullar, Turkey",usp000433g
1989-12-05 08:52:08,,10,41.386,29.491,"25 km NNW of ?ile, Turkey",usp00042rk
1989-12-04 12:19:47,,10,41.141,28.462,"0 km S of Çatalca, Turkey",usp00042qr
1989-12-02 22:35:30,,10,40.791,29.141,"8 km S of Adalar, Turkey",usp00042p3
1989-12-01 12:33:51,,10,40.839,28.031,"15 km SSE of Marmara Ere?lisi, Turkey",usp00042me
1989-11-18 22:11:22,,10,40.836,28.148,"21 km SE of Marmara Ere?lisi, Turkey",usp0004269
1989-11-18 19:20:19,,10,40.818,28.169,"24 km SE of Marmara Ere?lisi, Turkey",usp0004262
1989-11-18 05:03:16,,10,40.67,29.203,"3 km ENE of Koruköy, Turkey",usp000425b
1989-11-08 15:08:07,,10,41.75,28.358,"38 km N of Karacaköy, Turkey",usp00041vb
1989-11-07 10:11:22,,10,40.727,29.867,"4 km ENE of Gölcük, Turkey",usp00041ua
1989-11-06 08:27:29,,10,41.422,29.619,"27 km N of ?ile, Turkey",usp00041t1
1989-10-27 12:22:36,,10,41.144,28.702,"5 km SW of Arnavutköy, Turkey",usp00041bs
1989-10-23 13:59:24,,10,40.933,29.129,"2 km W of Maltepe, Turkey",usp000415n
1989-10-20 14:08:22,,10,41.07,28.508,"3 km SSE of Muratbey, Turkey",usp0004114
1989-10-15 03:30:42,,10,40.661,29.989,"3 km SSE of Yuvac?k, Turkey",usp00040q8
1989-10-13 04:10:52,,10,40.62,29.824,"7 km S of ?hsaniye, Turkey",usp00040mf
1989-10-03 10:06:54,,10,41.133,28.474,"1 km SE of Çatalca, Turkey",usp000409m
1989-10-03 08:21:07,,10,41.366,29.266,"26 km NE of Ar?köy, Turkey",usp000409g
1989-10-02 15:24:10,,10,41.411,28.264,"9 km W of Karacaköy, Turkey",usp000408u
1989-09-29 13:37:49,,10,41.152,28.96,"9 km ENE of Sultangazi, Turkey",usp000405b
1989-09-29 08:30:51,,10,40.651,29.876,"3 km WSW of Bahçecik, Turkey",usp000404z
1989-08-28 07:56:20,,10,40.774,29.045,"11 km SSW of Adalan, Turkey",usp0003yzy
1989-08-17 12:46:01,,10,40.837,28.168,"23 km SE of Marmara Ere?lisi, Turkey",usp0003yjk
1989-07-26 12:41:26,,10,41.1,29.014,Western Turkey,usp0003xqe
1989-07-22 09:40:35,,10,41.152,28.529,"5 km E of Çatalca, Turkey",usp0003xjm
1989-07-19 20:25:04,,10,40.777,27.873,"22 km SSW of Marmara Ere?lisi, Turkey",usp0003xfx
1989-07-19 10:35:03,,10,40.77,29.07,"11 km S of Adalan, Turkey",usp0003xfq
1989-07-19 10:21:33,,10,40.758,29.1,"12 km SSW of Adalar, Turkey",usp0003xfp
1989-07-04 21:09:49,,10,40.827,28.107,"20 km SE of Marmara Ere?lisi, Turkey",usp0003wyv
1989-06-08 15:31:14,,10,41.084,29.207,"9 km NNW of Sancaktepe, Turkey",usp0003w3a
1989-05-29 08:27:05,,10,41.387,29.236,"26 km NE of Ar?köy, Turkey",usp0003vs5
1989-05-26 22:31:20,,10,40.664,29.091,"3 km NW of Ç?narc?k, Turkey",usp0003vpe
1989-05-04 02:24:13,,10,40.84,27.85,"16 km SSW of Marmara Ere?lisi, Turkey",usp0003uvj
1989-05-02 14:11:49,,10,40.791,28.039,"21 km SSE of Marmara Ere?lisi, Turkey",usp0003usx
1989-04-24 13:24:19,,10,41.223,28.984,"1 km WSW of Ar?köy, Turkey",usp0003uau
1989-04-15 03:02:17,,10,40.803,27.955,"18 km S of Marmara Ere?lisi, Turkey",usp0003tzg
1989-04-14 12:33:43,,10,40.663,29.99,"3 km SE of Yuvac?k, Turkey",usp0003tyt
1989-04-13 07:45:13,,10,40.829,27.913,"15 km SSW of Marmara Ere?lisi, Turkey",usp0003tx5
1989-04-11 22:02:26,,10,40.727,29.739,"1 km NW of Hal?dere, Turkey",usp0003tvc
1989-04-10 14:47:36,,10,41.15,28.494,"2 km ENE of Çatalca, Turkey",usp0003tu1
1989-04-06 10:46:30,,10,41.154,28.892,"5 km NNE of Sultangazi, Turkey",usp0003tnj
1989-03-30 06:44:42,,10,40.68,29.887,"2 km WNW of Bahçecik, Turkey",usp0003teu
1989-03-28 07:48:39,,10,41.088,28.494,"0 km S of Muratbey, Turkey",usp0003tcs
1989-03-27 02:44:02,,10,40.651,29.901,"2 km SSW of Bahçecik, Turkey",usp0003tbk
1989-03-26 11:21:03,,10,40.614,29.897,"6 km SSW of Bahçecik, Turkey",usp0003tas
1989-03-22 01:35:09,,10,40.67,29.913,"0 km NW of Bahçecik, Turkey",usp0003t68
1989-03-21 06:15:55,,11.7,40.678,29.881,"3 km WNW of Bahçecik, Turkey",usp0003t55
1989-03-17 17:10:44,,10,41.214,28.925,"6 km WSW of Ar?köy, Turkey",usp0003t0g
1989-03-09 18:57:38,,10,40.787,27.895,"20 km SSW of Marmara Ere?lisi, Turkey",usp0003sst
1989-03-09 17:44:55,,10,40.728,29.949,"3 km W of Kullar, Turkey",usp0003ssq
1989-03-05 14:21:04,,10,41.114,28.875,"0 km NNE of Sultangazi, Turkey",usp0003smk
1989-03-04 10:24:35,,10,40.809,28.167,"25 km SE of Marmara Ere?lisi, Turkey",usp0003skd
1989-02-26 00:09:30,,10,40.869,28.174,"21 km ESE of Marmara Ere?lisi, Turkey",usp0003sbs
1989-02-24 20:46:42,,10,40.813,27.971,Western Turkey,usp0003sa1
1989-02-23 10:01:10,,10,41.11,28.482,"1 km NNW of Muratbey, Turkey",usp0003s7g
1989-02-21 09:00:02,,10,41.37,29.24,"25 km NE of Ar?köy, Turkey",usp0003s4q
1989-02-21 08:56:49,,10,41.39,29.309,"31 km NE of Ar?köy, Turkey",usp0003s4p
1989-02-21 08:55:26,,10,41.372,29.289,"28 km ENE of Ar?köy, Turkey",usp0003s4n
1989-02-20 13:45:12,,10,41.07,28.529,"4 km SE of Muratbey, Turkey",usp0003s3s
1989-02-20 10:02:16,,10,41.168,28.859,"6 km N of Sultangazi, Turkey",usp0003s3k
1989-02-19 21:40:35,3.2,10,40.999,27.9,"5 km NW of Marmara Ere?lisi, Turkey",usp0003s33
1989-02-18 10:47:41,,10,41.135,28.469,"1 km SE of Çatalca, Turkey",usp0003s14
1989-02-17 12:31:36,,10,41.073,28.461,"3 km SW of Muratbey, Turkey",usp0003s04
1989-02-15 12:14:24,,10,40.674,29.888,"2 km WNW of Bahçecik, Turkey",usp0003ry2
1989-02-15 02:15:38,,10,40.809,28.038,"19 km SSE of Marmara Ere?lisi, Turkey",usp0003rxm
1989-02-08 07:28:40,,10,41.13,29.233,"14 km N of Sancaktepe, Turkey",usp0003rnp
1989-02-07 19:52:59,,10,40.671,29.691,"3 km S of Ula?l?, Turkey",usp0003rnd
1989-02-06 14:01:08,,10,41.075,28.561,"5 km N of Tepecik, Turkey",usp0003rme
1989-01-14 20:59:45,,10,40.801,27.883,"19 km SSW of Marmara Ere?lisi, Turkey",usp0003qvs
1989-01-11 13:09:55,,10,40.979,29.124,"0 km SE of Ata?ehir, Turkey",usp0003qs8
1989-01-05 20:44:50,,10,40.615,29.979,"8 km SE of Bahçecik, Turkey",usp0003qjc
1989-01-04 12:45:18,,10,40.847,29.465,"4 km SE of Balç?k, Turkey",usp0003qgu
1989-01-03 17:21:09,,10,40.799,27.953,"18 km S of Marmara Ere?lisi, Turkey",usp0003qfq
1989-01-02 01:40:56,,10,40.751,29.654,"6 km NW of Ula?l?, Turkey",usp0003qdw
1988-12-31 09:00:36,,10,40.68,29.733,"4 km SE of Ula?l?, Turkey",usp0003qc6
1988-12-27 10:58:29,,10,40.678,29.858,"2 km SE of ?hsaniye, Turkey",usp0003q7t
1988-12-20 14:07:25,,12.1,40.964,28.143,"13 km SSE of Çanta, Turkey",usp0003q0f
1988-12-20 10:38:41,,10,40.877,28.096,"15 km SE of Marmara Ere?lisi, Turkey",usp0003q0a
1988-12-20 10:09:31,,10,40.934,28.059,"9 km ESE of Marmara Ere?lisi, Turkey",usp0003q08
1988-12-20 09:45:30,,10,40.937,28.079,"11 km ESE of Marmara Ere?lisi, Turkey",usp0003q06
1988-12-19 05:53:51,,10,40.811,28.339,"26 km SSW of Kumburgaz, Turkey",usp0003pyu
1988-12-08 19:25:59,,10,40.622,29.554,"1 km NNW of Yalakdere, Turkey",usp0003pps
1988-12-04 14:52:09,,10,41.17,29.013,"6 km S of Ar?köy, Turkey",usp0003ph9
1988-11-30 10:12:20,,10,41.138,28.446,"1 km WSW of Çatalca, Turkey",usp0003pcu
1988-11-28 13:00:37,,10,40.933,29.908,"18 km N of ?zmit, Turkey",usp0003pa5
1988-10-25 10:52:26,,10,40.64,29.067,"3 km ENE of Kocadere, Turkey",usp0003n6e
1988-10-24 00:23:15,,10,40.872,28.347,"20 km SW of Kumburgaz, Turkey",usp0003n4x
1988-10-17 18:02:01,,10,40.604,29.961,"8 km SSE of Bahçecik, Turkey",usp0003mx3
1988-10-14 14:12:01,,10,41.104,28.91,"3 km E of Sultangazi, Turkey",usp0003mtm
1988-10-14 01:25:57,,10,40.741,29.96,"3 km NW of Kullar, Turkey",usp0003mta
1988-10-11 15:52:53,,10,41.219,28.951,"4 km WSW of Ar?köy, Turkey",usp0003mr2
1988-10-07 18:37:25,,10,41.195,28.734,"1 km NNW of Arnavutköy, Turkey",usp0003mm8
1988-10-06 11:18:32,,10,41.129,28.479,"2 km SE of Çatalca, Turkey",usp0003mju
1988-10-02 12:55:21,,10,41.476,28.238,"14 km NW of Karacaköy, Turkey",usp0003mf8
1988-09-22 06:11:04,,10,40.73,29.627,"4 km NNE of Karamürsel, Turkey",usp0003m5x
1988-09-21 17:04:56,,10,41.175,28.455,"3 km N of Çatalca, Turkey",usp0003m5d
1988-09-18 20:32:02,,10,40.665,29.902,"1 km WSW of Bahçecik, Turkey",usp0003m2t
1988-09-08 17:07:42,,10,40.698,29.977,"1 km NE of Yuvac?k, Turkey",usp0003kta
1988-09-08 08:08:11,,10,40.712,29.66,"3 km WNW of Ula?l?, Turkey",usp0003ksv
1988-09-08 02:13:38,,10,40.718,29.674,"2 km NW of Ula?l?, Turkey",usp0003ksm
1988-09-06 20:50:31,,10,40.602,29.91,"7 km S of Bahçecik, Turkey",usp0003krf
1988-09-06 19:48:38,,10,40.701,29.37,"3 km NNW of Ta?köprü, Turkey",usp0003kre
1988-09-06 15:34:42,,10,40.651,29.931,"2 km SE of Bahçecik, Turkey",usp0003kr2
1988-09-06 15:16:01,,10,40.602,29.888,"7 km SSW of Bahçecik, Turkey",usp0003kr1
1988-09-06 15:04:09,3.9,22.4,40.686,29.896,Western Turkey,usp0003kqz
1988-09-05 11:19:55,,10,40.821,28.308,"26 km S of Selimpa?a, Turkey",usp0003kps
1988-08-29 11:32:57,,10,41.081,28.926,"5 km ESE of Sultangazi, Turkey",usp0003kg8
1988-08-28 08:35:11,,10,40.653,29.85,"4 km SSE of ?hsaniye, Turkey",usp0003kfd
1988-08-28 07:34:56,,10,40.701,29.99,"2 km NE of Yuvac?k, Turkey",usp0003kfc
1988-08-21 10:19:55,,10,40.659,29.906,"1 km SW of Bahçecik, Turkey",usp0003k7g
1988-08-20 17:44:23,,10,40.642,29.927,"3 km SSE of Bahçecik, Turkey",usp0003k6h
1988-08-03 17:21:37,,10,40.732,29.91,"4 km SSW of ?zmit, Turkey",usp0003jky
1988-07-26 22:43:24,,10,40.649,29.758,"7 km S of Hal?dere, Turkey",usp0003j8w
1988-07-25 09:33:54,,10,40.692,29.686,"1 km SSW of Ula?l?, Turkey",usp0003j6w
1988-07-25 03:26:04,,10,40.641,29.758,"8 km S of Hal?dere, Turkey",usp0003j6m
1988-07-24 09:38:31,,10,40.625,29.824,"7 km S of ?hsaniye, Turkey",usp0003j5x
1988-07-23 04:00:07,,10,40.853,28.508,"17 km SSW of Gürp?nar, Turkey",usp0003j46
1988-07-22 15:46:52,,10,40.6,27.858,"22 km NNE of Erdek, Turkey",usp0003j3k
1988-07-18 12:24:54,,10,40.793,29.992,"5 km N of Köseköy, Turkey",usp0003hyu
1988-07-17 09:23:20,,10,40.647,29.929,"2 km SSE of Bahçecik, Turkey",usp0003hxt
1988-07-14 01:22:22,,10,40.777,28.334,"29 km SSW of Kumburgaz, Turkey",usp0003huq
1988-06-30 10:56:18,,10,40.658,28.979,"5 km NW of Kocadere, Turkey",usp0003hfk
1988-06-27 06:28:55,,10,40.823,27.863,"17 km SSW of Marmara Ere?lisi, Turkey",usp0003hc8
1988-06-24 14:44:40,,10,41.157,28.852,"5 km NNW of Sultangazi, Turkey",usp0003h8n
1988-06-23 14:03:54,,10,41.165,28.504,"4 km NE of Çatalca, Turkey",usp0003h7e
1988-06-20 06:47:21,,10,40.847,28.19,"23 km SE of Marmara Ere?lisi, Turkey",usp0003h4j
1988-06-19 10:56:24,,10,40.849,28.335,"22 km SSW of Kumburgaz, Turkey",usp0003h3u
1988-06-19 10:50:27,,33,40.948,28.452,"8 km SSW of Kumburgaz, Turkey",usp0003h3t
1988-06-17 09:35:10,,10,40.671,29.899,"1 km WNW of Bahçecik, Turkey",usp0003h1q
1988-06-14 07:54:27,,10,41.372,29.17,"20 km NE of Ar?köy, Turkey",usp0003gze
1988-06-11 15:34:20,,10,40.672,29.901,"1 km WNW of Bahçecik, Turkey",usp0003gwn
1988-06-11 10:07:24,,10,41.109,28.943,"6 km E of Sultangazi, Turkey",usp0003gwa
1988-06-03 01:26:11,,10,40.843,27.807,"18 km SW of Marmara Ere?lisi, Turkey",usp0003gnk
1988-06-03 01:02:33,,10,40.827,27.88,"16 km SSW of Marmara Ere?lisi, Turkey",usp0003gnh
1988-05-23 15:44:33,,10,41.092,28.492,"0 km S of Muratbey, Turkey",usp0003ga2
1988-05-22 07:18:59,,10,40.689,29.02,"6 km N of Kocadere, Turkey",usp0003g7w
1988-05-15 13:49:16,,10,40.754,29.069,"12 km NNW of Ç?narc?k, Turkey",usp0003fza
1988-05-12 22:37:27,,10,40.817,27.923,"17 km S of Marmara Ere?lisi, Turkey",usp0003fx1
1988-05-10 18:02:05,,10,40.818,28.334,"25 km SSW of Kumburgaz, Turkey",usp0003fum
1988-05-07 17:11:32,,10,40.691,29.927,"1 km WSW of Kar??yaka, Turkey",usp0003frj
1988-05-06 07:53:22,,10,41.378,29.365,"30 km NW of ?ile, Turkey",usp0003fpx
1988-05-06 05:25:08,,10,40.866,28.294,"21 km SSW of Selimpa?a, Turkey",usp0003fpv
1988-05-03 09:12:13,,10,41.097,28.946,Western Turkey,usp0003fmg
1988-05-02 12:44:40,,10,40.832,28.309,"25 km S of Selimpa?a, Turkey",usp0003fkt
1988-04-29 20:59:11,,10,40.829,28.277,"26 km SSW of Selimpa?a, Turkey",usp0003fha
1988-04-29 13:00:20,,10,41.184,28.958,"6 km SW of Ar?köy, Turkey",usp0003fgy
1988-04-28 23:51:48,,10,40.815,28.294,"27 km SSW of Selimpa?a, Turkey",usp0003fga
1988-04-28 11:22:27,,10,40.643,29.433,"3 km ENE of K?l?ç, Turkey",usp0003ffw
1988-04-27 14:59:14,,10,41.106,28.883,"1 km E of Sultangazi, Turkey",usp0003ff0
1988-04-26 18:36:57,,10,40.843,28.248,"25 km SSW of Selimpa?a, Turkey",usp0003fdv
1988-04-26 13:57:35,,10,40.842,28.019,"15 km SSE of Marmara Ere?lisi, Turkey",usp0003fdm
1988-04-26 00:46:17,,10,40.823,28.056,"18 km SSE of Marmara Ere?lisi, Turkey",usp0003fcg
1988-04-25 18:37:22,,10,40.817,28.299,"26 km SSW of Selimpa?a, Turkey",usp0003fc6
1988-04-25 18:28:14,,10,40.822,28.292,"26 km SSW of Selimpa?a, Turkey",usp0003fc5
1988-04-25 12:15:13,,10,40.817,28.334,"25 km SSW of Kumburgaz, Turkey",usp0003fbs
1988-04-25 01:20:10,,10,40.836,28.293,"25 km SSW of Selimpa?a, Turkey",usp0003fb7
1988-04-24 20:49:33,5.3,15.6,40.857,28.227,"24 km S of Silivri, Turkey",usp0003fax
1988-04-24 11:00:55,,10,40.719,29.761,"0 km ENE of Hal?dere, Turkey",usp0003fae
1988-04-21 02:41:32,,10,40.798,28.302,"28 km SSW of Kumburgaz, Turkey",usp0003f76
1988-04-18 15:50:11,,10,40.778,29.154,"10 km S of Adalar, Turkey",usp0003f4w
1988-04-15 15:26:28,,10,41.139,29.208,"15 km N of Sancaktepe, Turkey",usp0003f20
1988-04-14 14:07:20,,10,41.101,28.503,"1 km ENE of Muratbey, Turkey",usp0003f1d
1988-04-10 17:25:23,,10,40.856,28.322,"22 km S of Selimpa?a, Turkey",usp0003ewr
1988-04-06 07:13:37,,10,40.706,29.427,"4 km NE of Ta?köprü, Turkey",usp0003eqy
1988-03-30 07:31:39,,10,41.129,28.68,"7 km SW of Arnavutköy, Turkey",usp0003efe
1988-03-28 10:17:43,,10,40.8,28.43,"24 km S of Kumburgaz, Turkey",usp0003edn
1988-03-28 05:58:01,,10,40.845,28.456,"19 km S of Kumburgaz, Turkey",usp0003edd
1988-03-14 11:54:00,,10,41.272,29.006,"4 km N of Ar?köy, Turkey",usp0003dyj
1988-03-09 08:48:26,,10,41.479,29.325,"38 km NE of Ar?köy, Turkey",usp0003drj
1988-03-08 17:43:30,,5,40.78,29.137,"9 km S of Adalar, Turkey",usp0003dqt
1988-03-06 07:09:08,,10,40.83,27.988,"15 km S of Marmara Ere?lisi, Turkey",usp0003dmv
1988-03-05 21:27:53,,10,40.831,28.27,"26 km SSW of Selimpa?a, Turkey",usp0003dmd
1988-03-03 11:35:56,,10,40.757,29.07,"13 km NNW of Ç?narc?k, Turkey",usp0003dj8
1988-02-15 14:14:36,,10,41.135,28.87,"3 km N of Sultangazi, Turkey",usp0003d1k
1988-02-07 21:43:21,,10,40.69,29.692,"1 km S of Ula?l?, Turkey",usp0003cun
1988-02-07 20:54:22,,10,40.701,29.807,"1 km SSW of Gölcük, Turkey",usp0003cum
1988-02-07 16:02:09,,11.8,40.731,29.732,"2 km NW of Hal?dere, Turkey",usp0003cud
1988-01-21 15:45:18,,10,41.14,28.866,"3 km N of Sultangazi, Turkey",usp0003c8m
1988-01-18 12:47:47,,10,40.841,28.101,"18 km SE of Marmara Ere?lisi, Turkey",usp0003c5h
1988-01-09 10:58:23,,10,40.723,29.197,"8 km NNE of Koruköy, Turkey",usp0003bxe
1988-01-02 10:03:10,,10,40.703,29.06,"8 km NW of Ç?narc?k, Turkey",usp0003br6
1987-12-17 19:09:43,,10,40.602,29.894,"7 km SSW of Bahçecik, Turkey",usp0003bc4
1987-12-16 10:47:46,,10,40.677,29.233,"4 km WNW of Yalova, Turkey",usp0003bb5
1987-12-16 03:11:35,,10,40.674,29.95,"2 km SW of Yuvac?k, Turkey",usp0003baq
1987-12-14 14:50:51,,10,40.709,29.979,"1 km SSW of Kullar, Turkey",usp0003b9c
1987-12-14 01:18:18,,10,40.656,29.201,"3 km E of Koruköy, Turkey",usp0003b94
1987-12-14 01:08:35,,10,40.689,29.941,"0 km S of Kar??yaka, Turkey",usp0003b93
1987-12-14 01:00:30,,10,40.655,29.837,"3 km S of ?hsaniye, Turkey",usp0003b92
1987-12-07 23:22:34,,10,40.69,29.047,Western Turkey,usp0003b2b
1987-11-25 09:22:42,,10,41.557,29.396,"46 km NNW of ?ile, Turkey",usp0003aht
1987-11-12 03:02:23,,10,40.732,29.07,"10 km NNW of Ç?narc?k, Turkey",usp0003a2r
1987-11-10 22:14:02,,10,40.68,29.834,"1 km S of ?hsaniye, Turkey",usp0003a1k
1987-11-09 17:28:05,,10,40.691,29.238,"5 km NW of Yalova, Turkey",usp0003a0j
1987-11-08 04:18:30,,10,40.642,29.833,"5 km S of ?hsaniye, Turkey",usp00039z3
1987-11-07 22:27:14,,10,40.813,27.979,"17 km S of Marmara Ere?lisi, Turkey",usp00039yw
1987-11-07 05:17:17,,10,40.822,28.045,"18 km SSE of Marmara Ere?lisi, Turkey",usp00039y5
1987-11-06 21:40:15,,18.6,40.822,27.983,"16 km S of Marmara Ere?lisi, Turkey",usp00039xu
1987-11-06 18:42:05,,10,40.876,29.702,"13 km NNW of Körfez, Turkey",usp00039xk
1987-11-05 13:22:57,,10,40.718,29.897,"4 km NW of Kar??yaka, Turkey",usp00039wn
1987-10-28 00:56:34,,10,40.718,29.74,"1 km WNW of Hal?dere, Turkey",usp00039p9
1987-10-15 16:37:57,,10,40.712,29.053,"9 km NNE of Kocadere, Turkey",usp000399s
1987-10-15 15:46:34,,10,40.738,29.077,"11 km NNW of Ç?narc?k, Turkey",usp000399q
1987-10-13 18:05:07,,10,40.726,29.021,"10 km N of Kocadere, Turkey",usp0003984
1987-10-13 04:58:43,,10,40.719,29.067,"9 km NNW of Ç?narc?k, Turkey",usp000397g
1987-10-13 04:25:32,,10,40.714,29.043,"9 km N of Kocadere, Turkey",usp000397f
1987-10-12 11:16:54,,10,40.784,29.057,"10 km SSW of Adalan, Turkey",usp000396n
1987-10-12 00:37:26,,10,40.725,29.067,"10 km NNW of Ç?narc?k, Turkey",usp0003968
1987-10-11 09:08:01,,13.2,40.739,29.056,"11 km NNW of Ç?narc?k, Turkey",usp000395u
1987-10-11 03:09:48,,10,40.701,29.018,"7 km N of Kocadere, Turkey",usp000395h
1987-10-01 21:33:34,,10,40.682,29.678,"3 km SSW of Ula?l?, Turkey",usp00038wm
1987-09-27 07:36:35,,10,40.835,28.325,"24 km SSW of Kumburgaz, Turkey",usp00038rw
1987-09-23 13:05:09,,10,41.136,28.521,"5 km NNE of Muratbey, Turkey",usp00038n1
1987-09-17 09:12:48,,10,40.737,29.946,Western Turkey,usp00038fk
1987-09-14 10:09:50,,10,40.69,29.796,"3 km W of ?hsaniye, Turkey",usp00038d1
1987-09-13 16:52:04,,10,40.639,29.786,"7 km SW of ?hsaniye, Turkey",usp00038c8
1987-09-13 12:27:05,,10,40.709,29.729,"2 km WSW of Hal?dere, Turkey",usp00038c2
1987-09-11 00:45:07,,10,40.878,28.344,"19 km SW of Kumburgaz, Turkey",usp00038a7
1987-09-08 12:34:31,,10,40.663,29.834,"3 km S of ?hsaniye, Turkey",usp000387a
1987-09-08 12:13:59,,9.5,40.69,29.646,"2 km E of Karamürsel, Turkey",usp0003879
1987-09-07 15:48:25,,10,40.741,29.942,"2 km SSE of ?zmit, Turkey",usp000386a
1987-09-07 15:45:54,,10,40.762,29.98,"3 km NW of Köseköy, Turkey",usp0003869
1987-08-31 14:49:20,,10,41.147,29.016,"9 km S of Ar?köy, Turkey",usp00037yz
1987-08-19 09:15:53,,10,41.076,27.805,"9 km S of Çorlu, Turkey",usp00037my
1987-08-08 09:43:22,,10,40.611,28.692,"28 km W of Kocadere, Turkey",usp00037bw
1987-08-07 10:33:13,,10,40.844,29.247,"5 km W of ?çmeler, Turkey",usp00037ax
1987-07-29 15:59:32,,10,40.882,28.46,"15 km S of Kumburgaz, Turkey",usp000371g
1987-07-20 02:36:14,,10,40.755,28.016,"24 km SSE of Marmara Ere?lisi, Turkey",usp00036sn
1987-07-18 19:09:18,,10,40.859,28.048,"14 km SSE of Marmara Ere?lisi, Turkey",usp00036rt
1987-07-05 00:17:47,,10,40.678,29.226,"5 km WNW of Yalova, Turkey",usp00036ba
1987-06-26 23:31:47,,10,41.017,27.863,"9 km NW of Marmara Ere?lisi, Turkey",usp000363w
1987-06-25 00:00:38,,10,40.675,29.987,"2 km SE of Yuvac?k, Turkey",usp0003628
1987-06-23 16:02:51,,10,41.25,29.03,"3 km NE of Ar?köy, Turkey",usp000360s
1987-06-21 04:52:30,,10,40.696,29.739,"2 km SSW of Hal?dere, Turkey",usp00035yk
1987-06-19 22:51:54,,10,40.715,29.927,"2 km NNW of Kar??yaka, Turkey",usp00035x7
1987-06-17 10:36:12,,10,41.129,29.566,"6 km SW of ?ile, Turkey",usp00035v3
1987-06-07 23:05:52,,10,40.737,29.804,"2 km SSW of Derince, Turkey",usp00035mg
1987-06-07 03:18:08,,10,40.684,29.192,"4 km NE of Koruköy, Turkey",usp00035km
1987-06-02 17:05:32,,10,41.14,29.241,"15 km N of Sancaktepe, Turkey",usp00035fs
1987-05-20 03:06:46,,10,40.623,29.099,"3 km SW of Ç?narc?k, Turkey",usp000354c
1987-05-06 02:32:14,,10,40.721,29.941,"3 km N of Kar??yaka, Turkey",usp00034rs
1987-05-05 09:41:32,,10,41.379,29.195,"22 km NE of Ar?köy, Turkey",usp00034r6
1987-05-05 09:37:18,,10,41.362,29.203,"22 km NE of Ar?köy, Turkey",usp00034r5
1987-05-05 03:33:44,,10,40.701,29.875,"3 km ENE of ?hsaniye, Turkey",usp00034qt
1987-05-03 09:34:02,,10,40.898,29.655,"14 km NE of Tav?anl?, Turkey",usp00034p6
1987-04-30 10:29:53,,10,41.13,28.478,"2 km SE of Çatalca, Turkey",usp00034kq
1987-04-18 11:02:46,,10,40.66,29.406,"1 km SE of Ta?köprü, Turkey",usp000348r
1987-04-05 07:31:58,,10,40.706,29.626,"1 km NNE of Karamürsel, Turkey",usp00033xr
1987-04-04 05:42:19,,10,40.807,28.087,"21 km SSE of Marmara Ere?lisi, Turkey",usp00033wq
1987-04-02 14:21:31,,10,40.642,27.87,"27 km ENE of Marmara, Turkey",usp00033v2
1987-04-01 19:54:40,,10,40.637,27.806,"21 km ENE of Marmara, Turkey",usp00033ua
1987-04-01 19:33:15,,10,41.597,28.431,"21 km N of Karacaköy, Turkey",usp00033u9
1987-03-28 10:48:12,,10,41.204,28.967,"4 km SW of Ar?köy, Turkey",usp00033q9
1987-03-22 01:43:49,,10,40.626,29.863,"6 km SW of Bahçecik, Turkey",usp00033h7
1987-03-21 14:17:10,,10,40.694,29.912,"2 km W of Kar??yaka, Turkey",usp00033gr
1987-02-18 05:24:31,,10,40.615,27.804,"21 km E of Marmara, Turkey",usp00032k9
1987-02-16 20:41:00,,10,40.837,28.174,"23 km SE of Marmara Ere?lisi, Turkey",usp00032j3
1987-02-09 02:24:28,,10,40.61,29.057,"3 km SE of Kocadere, Turkey",usp00032a6
1987-02-02 01:32:56,,10,40.662,29.893,"1 km WSW of Bahçecik, Turkey",usp000323z
1987-01-05 18:32:43,,10,40.832,28.248,"26 km SSW of Selimpa?a, Turkey",usp00031e2
1986-12-29 18:07:35,,10,40.646,29.865,"4 km WSW of Bahçecik, Turkey",usp000318v
1986-12-24 12:18:50,,12.7,40.603,27.819,"22 km E of Marmara, Turkey",usp0003140
1986-11-27 23:04:34,,15.3,40.829,29.084,"5 km S of Adalan, Turkey",usp00030f2
1986-11-25 10:52:28,,10,41.469,29.142,"28 km NNE of Ar?köy, Turkey",usp00030cs
1986-11-25 10:51:20,,10,41.415,29.154,Western Turkey,usp00030cr
1986-11-25 10:50:23,,10,41.424,29.181,"26 km NE of Ar?köy, Turkey",usp00030cq
1986-11-21 08:08:42,,10,40.904,28.669,"9 km SSE of Beylikdüzü, Turkey",usp000307w
1986-11-14 20:55:03,,10,40.633,29.925,"3 km SSE of Bahçecik, Turkey",usp0003006
1986-11-14 17:07:50,,10,40.622,29.932,"5 km SSE of Bahçecik, Turkey",usp0002zzz
1986-11-14 17:02:04,,10,40.666,29.953,"2 km SSW of Yuvac?k, Turkey",usp0002zzy
1986-11-12 20:32:20,,10,40.695,29.989,"1 km ENE of Yuvac?k, Turkey",usp0002zxx
1986-11-12 04:24:52,,10,40.821,28.268,"27 km SSW of Selimpa?a, Turkey",usp0002zx7
1986-11-12 02:21:57,,10,40.662,29.851,"3 km SSE of ?hsaniye, Turkey",usp0002zx5
1986-11-01 03:04:27,,10,40.862,28.208,"23 km S of Silivri, Turkey",usp0002zja
1986-10-26 04:49:31,4.1,31.5,40.751,28.994,"13 km NNW of Kocadere, Turkey",usp0002zc5
1986-10-20 17:29:26,,10,40.706,29.794,"2 km WSW of Gölcük, Turkey",usp0002z50
1986-10-15 15:01:57,,10,40.701,29.727,"2 km ESE of Ula?l?, Turkey",usp0002yz9
1986-10-14 01:45:11,,10,40.7,29.839,"1 km NNE of ?hsaniye, Turkey",usp0002yxm
1986-09-12 09:02:33,,10,40.682,29.06,"6 km NNE of Kocadere, Turkey",usp0002y0j
1986-08-28 23:55:09,,10,40.634,29.707,"8 km S of Ula?l?, Turkey",usp0002xmp
1986-08-27 22:23:37,,10,40.813,28.152,"23 km SE of Marmara Ere?lisi, Turkey",usp0002xkv
1986-08-25 05:41:34,,10,40.768,29.129,"11 km S of Adalar, Turkey",usp0002xh8
1986-08-24 22:55:49,,10,40.828,28.47,"21 km S of Kumburgaz, Turkey",usp0002xgw
1986-08-17 22:07:30,,10,40.665,29.957,"2 km SSW of Yuvac?k, Turkey",usp0002x8x
1986-08-08 01:51:16,,10,40.699,29.863,"2 km ENE of ?hsaniye, Turkey",usp0002wyv
1986-08-07 10:32:02,,10,40.664,29.653,"4 km SE of Karamürsel, Turkey",usp0002wy8
1986-07-27 20:17:55,,10,40.905,28.344,"16 km S of Selimpa?a, Turkey",usp0002wkt
1986-07-23 12:11:42,,10,40.71,29.826,"0 km SE of Gölcük, Turkey",usp0002we2
1986-07-21 13:47:08,,10,40.626,29.191,"2 km WNW of Kad?köy, Turkey",usp0002w9h
1986-07-09 18:41:38,,10,40.837,28.313,"24 km S of Selimpa?a, Turkey",usp0002vvt
1986-07-08 11:44:10,,10,40.864,28.312,"21 km SSW of Selimpa?a, Turkey",usp0002vu8
1986-07-08 00:06:02,,10,40.83,28.337,"24 km SSW of Kumburgaz, Turkey",usp0002vt8
1986-07-07 23:53:20,,10,40.859,28.366,"20 km SSW of Kumburgaz, Turkey",usp0002vt7
1986-07-06 20:15:19,,10,40.891,28.327,"18 km S of Selimpa?a, Turkey",usp0002vrs
1986-07-06 09:29:02,,5,40.803,28.426,"24 km S of Kumburgaz, Turkey",usp0002vrh
1986-07-04 11:28:22,,10,41.076,28.55,"5 km N of Tepecik, Turkey",usp0002vq0
1986-07-04 07:24:10,,10,40.691,29.917,"2 km W of Kar??yaka, Turkey",usp0002vpv
1986-06-30 23:32:32,,10,40.869,28.256,"22 km SSW of Selimpa?a, Turkey",usp0002vm0
1986-06-30 11:03:38,,10,40.829,28.214,"26 km SE of Marmara Ere?lisi, Turkey",usp0002vkf
1986-06-30 02:48:31,,10,40.888,28.363,"17 km SSW of Kumburgaz, Turkey",usp0002vjx
1986-06-30 00:54:31,,10,40.865,28.289,"22 km SSW of Selimpa?a, Turkey",usp0002vjr
1986-06-29 01:53:30,,10,40.636,29.9,"3 km SSW of Bahçecik, Turkey",usp0002vh8
1986-06-28 10:29:25,,10,40.87,28.289,"21 km SSW of Selimpa?a, Turkey",usp0002vgm
1986-06-28 09:11:12,,10,40.877,28.285,"20 km SSW of Selimpa?a, Turkey",usp0002vgf
1986-06-28 00:34:49,,10,40.857,28.295,"22 km SSW of Selimpa?a, Turkey",usp0002vg1
1986-06-28 00:20:10,,10,40.931,28.376,"13 km SW of Kumburgaz, Turkey",usp0002vg0
1986-06-27 21:10:44,,10,40.867,28.29,"21 km SSW of Selimpa?a, Turkey",usp0002vft
1986-06-27 18:33:37,4.1,9.6,40.889,28.285,"19 km SSW of Selimpa?a, Turkey",usp0002vfp
1986-06-19 19:46:20,,10,41.112,27.912,"10 km ESE of Çorlu, Turkey",usp0002v77
1986-06-19 09:13:35,,10,41.459,29.335,"37 km NE of Ar?köy, Turkey",usp0002v6s
1986-06-19 08:12:40,,10,41.434,29.271,"31 km NE of Ar?köy, Turkey",usp0002v6p
1986-06-01 21:14:02,,10,40.729,29.873,"4 km ENE of Gölcük, Turkey",usp0002up7
1986-05-17 14:23:01,,10,41.061,28.563,"3 km NNE of Tepecik, Turkey",usp0002u3s
1986-05-16 12:14:36,,10,40.702,29.849,"1 km NE of ?hsaniye, Turkey",usp0002u2k
1986-05-05 10:15:45,,10,40.701,29.132,"5 km NNW of Koruköy, Turkey",usp0002tj4
1986-04-29 23:51:10,,10,40.847,27.927,"13 km S of Marmara Ere?lisi, Turkey",usp0002tbw
1986-04-29 23:17:56,,10,40.804,27.876,"19 km SSW of Marmara Ere?lisi, Turkey",usp0002tbu
1986-04-28 11:23:13,,10,40.88,28.721,"12 km SSE of Yakuplu, Turkey",usp0002t9w
1986-04-27 11:23:13,,10,40.882,28.724,"12 km SSE of Yakuplu, Turkey",usp0002t8h
1986-04-27 10:21:19,,10,40.88,28.724,"12 km SSE of Yakuplu, Turkey",usp0002t8e
1986-04-25 10:02:07,,10,40.89,28.728,"11 km SSE of Yakuplu, Turkey",usp0002t66
1986-03-24 09:28:06,,10,40.824,28.007,"16 km SSE of Marmara Ere?lisi, Turkey",usp0002s73
1986-03-22 14:53:59,,10,40.827,27.852,"18 km SSW of Marmara Ere?lisi, Turkey",usp0002s3e
1986-03-12 22:27:49,,10,40.818,27.984,"16 km S of Marmara Ere?lisi, Turkey",usp0002rta
1986-03-07 09:47:24,,10,40.71,29.815,"0 km SSW of Gölcük, Turkey",usp0002rmd
1986-03-05 13:49:35,,5,40.821,27.917,"16 km S of Marmara Ere?lisi, Turkey",usp0002rje
1986-03-03 08:35:26,,10,40.644,29.1,"2 km W of Ç?narc?k, Turkey",usp0002rg0
1986-03-02 13:23:59,,5,40.847,28.014,"14 km SSE of Marmara Ere?lisi, Turkey",usp0002rf7
1986-03-02 12:58:48,,10,40.832,27.917,"15 km SSW of Marmara Ere?lisi, Turkey",usp0002rf4
1986-03-02 10:39:17,,10,40.821,27.889,"17 km SSW of Marmara Ere?lisi, Turkey",usp0002rew
1986-02-23 19:18:50,,10,40.619,29.166,"3 km S of Koruköy, Turkey",usp0002r8b
1986-02-23 03:58:33,,11.6,40.796,27.837,"21 km SSW of Marmara Ere?lisi, Turkey",usp0002r80
1986-02-21 13:06:23,,10,41.637,28.592,"31 km NE of Karacaköy, Turkey",usp0002r6c
1986-02-17 19:52:26,,10,40.645,29.106,"1 km W of Ç?narc?k, Turkey",usp0002r2y
1986-02-11 20:21:32,,10,40.781,27.968,"20 km S of Marmara Ere?lisi, Turkey",usp0002qxb
1986-02-08 18:33:08,,10,40.655,29.915,"1 km S of Bahçecik, Turkey",usp0002qug
1986-01-22 15:41:00,,10,40.812,27.926,"17 km S of Marmara Ere?lisi, Turkey",usp0002qb3
1986-01-19 21:26:04,,10,40.85,28.687,"15 km SSE of Beylikdüzü, Turkey",usp0002q7t
1985-12-31 18:19:54,,11.4,40.629,29.998,"7 km SSE of Yuvac?k, Turkey",usp0002pmz
1985-12-24 18:21:46,,10,40.615,29.985,"8 km S of Yuvac?k, Turkey",usp0002pca
1985-12-24 07:18:38,,10,40.831,28.182,"24 km SE of Marmara Ere?lisi, Turkey",usp0002pbq
1985-12-13 11:33:42,,10,40.694,29.904,"3 km NNW of Bahçecik, Turkey",usp0002ntx
1985-11-09 18:45:20,,10,40.658,29.841,"3 km S of ?hsaniye, Turkey",usp0002mkv
1985-11-03 09:43:11,,10,40.779,29.799,"1 km NE of Körfez, Turkey",usp0002me7
1985-10-23 11:47:12,,10,40.745,28.701,"26 km S of Beylikdüzü, Turkey",usp0002m25
1985-10-23 09:39:18,,10,41.119,28.453,"2 km SSW of Çatalca, Turkey",usp0002m20
1985-10-22 12:56:15,,10,41.452,29.487,"32 km NNW of ?ile, Turkey",usp0002m0v
1985-10-06 10:01:20,,10,41.098,28.587,"7 km E of Muratbey, Turkey",usp0002khn
1985-09-26 12:41:12,,10,40.638,29.182,"2 km SE of Koruköy, Turkey",usp0002k59
1985-09-23 23:13:02,,10,41.162,28.963,"8 km SSW of Ar?köy, Turkey",usp0002k21
1985-09-21 22:59:10,,10,40.635,29.046,"1 km ENE of Kocadere, Turkey",usp0002jzk
1985-09-20 01:00:19,,10,40.868,27.878,"12 km SSW of Marmara Ere?lisi, Turkey",usp0002jxb
1985-09-14 15:23:09,4.7,11.1,40.752,29.163,"10 km N of Koruköy, Turkey",usp0002jrz
1985-09-08 12:26:17,,10,41.062,28.566,"3 km NNE of Tepecik, Turkey",usp0002jhk
1985-08-30 06:52:53,,10,40.951,29.292,"2 km ESE of Sultanbeyli, Turkey",usp0002j8y
1985-08-22 08:58:21,,10,40.996,28.546,"2 km SSW of Mimarsinan, Turkey",usp0002j0e
1985-07-21 13:33:29,,10,41.189,28.515,"6 km NE of Çatalca, Turkey",usp0002gz7
1985-07-19 09:00:53,,10,40.8,28.136,"24 km SE of Marmara Ere?lisi, Turkey",usp0002gwu
1985-07-15 20:05:54,,10,40.813,28.025,"18 km SSE of Marmara Ere?lisi, Turkey",usp0002gtj
1985-07-12 01:09:55,,10,40.899,28.155,"18 km ESE of Marmara Ere?lisi, Turkey",usp0002gq7
1985-07-11 23:25:07,,10,40.763,28.696,"24 km S of Beylikdüzü, Turkey",usp0002gq4
1985-07-11 21:31:10,,10,40.753,28.694,"25 km S of Beylikdüzü, Turkey",usp0002gq0
1985-07-05 11:42:40,,10,40.869,29.253,"5 km WNW of ?çmeler, Turkey",usp0002gf5
1985-07-05 11:07:29,,10,41.162,28.452,"2 km NNW of Çatalca, Turkey",usp0002gf2
1985-07-03 14:17:38,,10,41.082,28.535,"3 km ESE of Muratbey, Turkey",usp0002gcw
1985-06-10 03:03:02,,10,40.633,29.196,"2 km WNW of Kad?köy, Turkey",usp0002fq6
1985-06-04 18:52:15,,10,40.814,27.933,"17 km S of Marmara Ere?lisi, Turkey",usp0002fhh
1985-06-04 17:12:45,,10,40.784,28.001,"20 km S of Marmara Ere?lisi, Turkey",usp0002fhf
1985-06-04 04:49:23,,10,40.798,27.955,"18 km S of Marmara Ere?lisi, Turkey",usp0002fgu
1985-06-04 01:05:59,,10,40.809,27.941,"17 km S of Marmara Ere?lisi, Turkey",usp0002fgm
1985-06-03 22:14:11,,10,40.783,28.017,"21 km SSE of Marmara Ere?lisi, Turkey",usp0002fgd
1985-05-30 22:48:59,,10,40.807,28.079,"20 km SSE of Marmara Ere?lisi, Turkey",usp0002fbv
1985-05-11 10:02:21,,10,41.019,28.569,"0 km ENE of Mimarsinan, Turkey",usp0002epk
1985-05-10 19:18:29,,10,40.798,29.14,"7 km S of Adalar, Turkey",usp0002ene
1985-05-09 14:00:36,,10,40.769,29.369,"6 km SW of Gebze, Turkey",usp0002ekr
1985-05-04 07:53:55,,10,40.846,29.221,"7 km W of ?çmeler, Turkey",usp0002ef6
1985-05-03 17:13:03,,10,41.038,28.525,"2 km WNW of Tepecik, Turkey",usp0002eec
1985-04-15 11:49:42,,10,41.148,28.475,"1 km ENE of Çatalca, Turkey",usp0002du8
1985-04-15 07:35:17,,10,40.787,28.946,"15 km SW of Adalan, Turkey",usp0002dtz
1985-04-14 20:01:39,,10,40.71,29.164,"6 km N of Koruköy, Turkey",usp0002dtc
1985-04-14 10:33:57,,10,40.722,29.2,"8 km NNE of Koruköy, Turkey",usp0002dt1
1985-04-11 13:11:46,4.3,10,40.688,28.874,"14 km WNW of Kocadere, Turkey",usp0002dq4
1985-04-04 19:05:54,,10,40.664,28.507,Western Turkey,usp0002dfk
1985-03-13 00:16:51,,10,40.664,29.067,"4 km NE of Kocadere, Turkey",usp0002ct4
1985-02-16 16:28:26,,5,40.701,29.126,"6 km NNW of Koruköy, Turkey",usp0002byq
1985-02-04 03:35:12,,10,40.821,27.87,"17 km SSW of Marmara Ere?lisi, Turkey",usp0002bm8
1985-01-25 16:52:39,,10,40.778,29.974,"4 km ENE of ?zmit, Turkey",usp0002bc6
1985-01-24 04:47:21,,10,41.138,28.703,"5 km SSW of Arnavutköy, Turkey",usp0002bat
1985-01-03 20:10:05,,10,40.655,28.839,"16 km W of Kocadere, Turkey",usp0002apy
1985-01-03 19:44:30,,10,40.655,28.892,Western Turkey,usp0002apx
1985-01-02 05:47:58,,10,40.821,27.93,"16 km S of Marmara Ere?lisi, Turkey",usp0002an4
1984-12-04 07:48:13,,10,41.687,28.021,"24 km ENE of Vize, Turkey",usp00029sb
1984-11-25 21:31:58,,10,40.827,27.9,"16 km SSW of Marmara Ere?lisi, Turkey",usp00029fa
1984-09-10 18:04:26,,10,40.881,29.336,"4 km NNE of ?çmeler, Turkey",usp0002796
1984-08-27 09:06:16,,10,40.721,29.935,"3 km N of Kar??yaka, Turkey",usp00026se
1984-08-21 21:55:08,,10,40.609,29.163,"5 km S of Koruköy, Turkey",usp00026kk
1984-08-20 09:56:16,,10,41.075,28.593,"6 km N of Büyükçekmece, Turkey",usp00026jh
1984-08-19 16:13:29,,10,40.745,29.069,"12 km NNW of Ç?narc?k, Turkey",usp00026hz
1984-07-06 06:48:19,,10,40.805,27.896,"18 km SSW of Marmara Ere?lisi, Turkey",usp00025h1
1984-06-28 20:32:16,,10,40.706,29.929,"1 km NW of Kar??yaka, Turkey",usp00025cd
1984-06-27 12:12:31,,10,40.793,29.226,"9 km SW of ?çmeler, Turkey",usp00025ax
1984-06-26 16:51:07,,10,41.146,28.451,"0 km WNW of Çatalca, Turkey",usp00025a2
1984-06-24 12:38:02,,10,41.066,28.854,"3 km N of Ba?c?lar, Turkey",usp000257z
1984-06-21 07:01:36,,10,40.696,29.131,"5 km NNW of Koruköy, Turkey",usp0002558
1984-06-15 06:16:50,,10,40.679,28.933,"9 km WNW of Kocadere, Turkey",usp000251h
1984-06-03 14:54:26,,10,40.646,29.957,"4 km SE of Bahçecik, Turkey",usp00024u1
1984-05-29 08:01:06,,10,41.214,29.44,"15 km WNW of ?ile, Turkey",usp00024pv
1984-05-18 00:58:06,,10,40.604,29.234,"1 km SSE of Kad?köy, Turkey",usp00024f8
1984-05-15 21:16:00,,10,40.824,27.994,"16 km SSE of Marmara Ere?lisi, Turkey",usp00024dm
1984-04-28 09:48:39,,10,40.893,29.298,"5 km N of ?çmeler, Turkey",usp00023yu
1984-04-27 01:24:08,,10,41.463,29.084,"26 km NNE of Ar?köy, Turkey",usp00023xn
1984-04-22 07:04:26,,10,40.672,28.318,"41 km SSW of Kumburgaz, Turkey",usp00023se
1984-03-10 05:50:13,,10,40.857,27.991,"12 km SSE of Marmara Ere?lisi, Turkey",usp00022j2
1984-02-29 18:54:14,,10,40.806,28.01,"18 km SSE of Marmara Ere?lisi, Turkey",usp00022c4
1984-02-19 22:06:03,,10,40.906,28.697,"9 km S of Yakuplu, Turkey",usp000223x
1984-02-03 03:01:38,,10,40.667,29.923,"0 km E of Bahçecik, Turkey",usp00021rf
1984-01-25 14:06:11,,10,40.656,29.189,"2 km E of Koruköy, Turkey",usp00021j9
1984-01-18 05:27:14,,10,40.733,29.11,"9 km N of Ç?narc?k, Turkey",usp00021bk
1984-01-17 22:51:18,,10,40.752,29.112,"11 km NNW of Koruköy, Turkey",usp00021bb
1984-01-17 18:14:14,,10,40.746,29.092,"11 km NNW of Ç?narc?k, Turkey",usp00021b3
1983-12-28 11:43:25,,10,40.846,27.941,"13 km S of Marmara Ere?lisi, Turkey",usp00020vh
1983-12-26 16:52:09,,10,40.796,28.025,"20 km SSE of Marmara Ere?lisi, Turkey",usp00020u0
1983-12-23 06:44:19,,10,40.82,27.99,"16 km S of Marmara Ere?lisi, Turkey",usp00020r4
1983-12-18 08:45:36,,10,40.76,27.815,"26 km SSW of Marmara Ere?lisi, Turkey",usp00020kt
1983-12-14 11:49:26,,10,40.834,28.422,"21 km SSW of Kumburgaz, Turkey",usp00020fz
1983-12-13 19:42:25,,10,41.059,28.293,"4 km ESE of Silivri, Turkey",usp00020fh
1983-11-26 02:57:48,,10,40.836,28.379,"22 km SSW of Kumburgaz, Turkey",usp000202m
1983-11-05 08:01:12,,10,40.741,29.931,"2 km S of ?zmit, Turkey",usp0001zju
1983-10-17 10:14:56,,10,40.631,29.892,"4 km SSW of Bahçecik, Turkey",usp0001z1z
1983-10-06 22:37:50,,10,40.963,27.816,"11 km W of Marmara Ere?lisi, Turkey",usp0001yuh
1983-10-06 22:31:06,,10,40.953,27.83,"10 km W of Marmara Ere?lisi, Turkey",usp0001yug
1983-09-19 10:50:21,,10,40.641,29.897,"3 km SSW of Bahçecik, Turkey",usp0001yg2
1983-07-17 09:48:48,,10,40.835,28.055,"17 km SSE of Marmara Ere?lisi, Turkey",usp0001wv9
1983-07-07 03:09:47,,10,40.798,27.943,"19 km S of Marmara Ere?lisi, Turkey",usp0001wmr
1983-06-29 04:09:06,,10,40.86,28.317,"22 km S of Selimpa?a, Turkey",usp0001wf6
1983-06-26 13:33:06,,10,40.82,28.107,"20 km SE of Marmara Ere?lisi, Turkey",usp0001wdk
1983-06-06 22:54:32,,10,40.823,28.7,"18 km SSE of Beylikdüzü, Turkey",usp0001vyb
1983-05-31 07:44:31,,10,40.782,28.023,"21 km SSE of Marmara Ere?lisi, Turkey",usp0001vtw
1983-04-16 09:42:53,,10,41.096,28.544,"4 km E of Muratbey, Turkey",usp0001ugr
1983-04-14 19:54:33,,10,40.811,27.98,"17 km S of Marmara Ere?lisi, Turkey",usp0001ufc
1983-04-12 09:47:11,,10,41.103,28.529,"3 km ENE of Muratbey, Turkey",usp0001ucn
1983-04-09 15:30:09,,10,40.827,27.89,"16 km SSW of Marmara Ere?lisi, Turkey",usp0001ua7
1982-12-30 18:41:03,,10,40.855,28.702,"15 km S of Yakuplu, Turkey",usp0001rwh
1982-12-20 16:56:33,,10,40.684,29.144,"3 km NNW of Koruköy, Turkey",usp0001rkj
1982-12-13 14:58:12,,10,40.707,28.96,"10 km NW of Kocadere, Turkey",usp0001reg
1982-10-20 03:02:23,,10,40.818,27.865,"18 km SSW of Marmara Ere?lisi, Turkey",usp0001qcd
1982-09-20 08:55:01,,10,41.248,29.598,"8 km N of ?ile, Turkey",usp0001pq9
1982-07-21 09:48:19,,10,41.67,28.124,"31 km ENE of Vize, Turkey",usp0001nhk
1982-06-03 18:43:08,,10,40.777,28.012,"21 km SSE of Marmara Ere?lisi, Turkey",usp0001mp0
1982-06-01 10:27:09,,10,41.367,29.528,"22 km NNW of ?ile, Turkey",usp0001mmq
1982-04-17 01:58:50,,10,40.824,29.692,"9 km NW of Körfez, Turkey",usp0001ks7
1982-04-09 03:02:28,,10,40.859,27.96,Western Turkey,usp0001kkv
1982-03-13 01:00:01,,10,40.69,28.915,"11 km NW of Kocadere, Turkey",usp0001k3k
1982-03-09 19:13:00,,10,40.842,28.134,"20 km SE of Marmara Ere?lisi, Turkey",usp0001k1n
1981-12-22 13:15:31,,10,40.878,28.657,"11 km S of Beylikdüzü, Turkey",usp0001hkh
1981-11-05 12:02:09,,16,40.904,29.03,"2 km W of K?nal?, Turkey",usp0001gtm
1981-10-08 02:52:30,,10,40.757,28.865,"19 km NW of Kocadere, Turkey",usp0001gbk
1981-10-08 00:32:22,,10,40.774,28.854,"21 km NW of Kocadere, Turkey",usp0001gbe
1981-10-07 12:50:27,,10,40.826,28.031,"17 km SSE of Marmara Ere?lisi, Turkey",usp0001gb1
1981-09-18 01:58:20,,10,40.618,28.777,"21 km W of Kocadere, Turkey",usp0001fyb
1981-09-17 02:07:38,,10,40.862,28.084,"16 km SE of Marmara Ere?lisi, Turkey",usp0001fxg
1981-09-11 06:44:09,,10,40.848,28.151,"21 km SE of Marmara Ere?lisi, Turkey",usp0001ft1
1981-08-09 13:01:05,,10,40.865,28.118,"17 km SE of Marmara Ere?lisi, Turkey",usp0001f6h
1981-08-08 20:52:48,,10,40.832,28.123,"20 km SE of Marmara Ere?lisi, Turkey",usp0001f61
1981-08-08 15:10:58,,10,40.796,28.149,"25 km SE of Marmara Ere?lisi, Turkey",usp0001f5z
1981-05-14 20:40:17,,7.8,40.794,29.085,"9 km S of Adalan, Turkey",usp0001dp9
1981-05-05 03:41:40,,10,40.849,28.1,"18 km SE of Marmara Ere?lisi, Turkey",usp0001dhk
1981-05-03 22:08:09,,10,40.837,28.149,"21 km SE of Marmara Ere?lisi, Turkey",usp0001dh1
1981-05-03 20:41:10,4.2,23.7,40.799,28.142,"24 km SE of Marmara Ere?lisi, Turkey",usp0001dgz
1981-04-19 08:56:55,,10,40.818,28.114,Western Turkey,usp0001d7q
1981-03-12 04:05:59,5,10,40.801,28.109,"22 km SE of Marmara Ere?lisi, Turkey",usp0001cnj
1980-03-19 08:57:14,,10,40.817,29.173,"6 km SSE of Adalar, Turkey",usp0001639
1979-09-26 16:01:23,3,10,40.694,29.862,"2 km E of ?hsaniye, Turkey",usp000134y
1979-08-09 09:28:32,,24,40.891,29.963,"14 km NNE of ?zmit, Turkey",usp00012ad
1979-05-20 10:19:01,,10,40.683,29.829,"0 km SSW of ?hsaniye, Turkey",usp00010rp
1979-04-18 23:11:27,,10,40.818,28.051,"18 km SSE of Marmara Ere?lisi, Turkey",usp000104p
1979-04-18 23:04:00,,10,40.845,28.011,"14 km SSE of Marmara Ere?lisi, Turkey",usp000104n
1979-04-18 16:32:31,,10,40.836,28.05,"16 km SSE of Marmara Ere?lisi, Turkey",usp000104c
1979-04-18 05:52:11,,10,40.833,28.01,"15 km SSE of Marmara Ere?lisi, Turkey",usp000103y
1979-04-07 06:57:49,,10,40.733,29.112,"9 km NNW of Koruköy, Turkey",usp0000zvq
1979-03-20 06:44:44,,10,40.718,29.203,"7 km NNE of Koruköy, Turkey",usp0000zha
1978-11-14 22:38:10,,10,40.766,28.923,"17 km NNW of Kocadere, Turkey",usp0000xez
1978-08-20 20:21:12,,10,40.695,29.066,"7 km NW of Ç?narc?k, Turkey",usp0000w4u
1978-07-08 11:26:07,,10,40.71,29.949,"1 km NNE of Kar??yaka, Turkey",usp0000vfp
1978-06-22 17:54:28,,10,40.835,27.928,"15 km S of Marmara Ere?lisi, Turkey",usp0000v84
1977-11-03 21:59:54,,33,40.688,29.044,"6 km N of Kocadere, Turkey",usp0000rc2
1977-08-24 09:16:25,,10,40.651,29.118,"0 km NW of Ç?narc?k, Turkey",usp0000qa1
1976-09-18 02:44:14,,4,40.828,28.093,"19 km SE of Marmara Ere?lisi, Turkey",usp0000jfs
1976-09-17 17:08:17,,10,40.818,28.125,"22 km SE of Marmara Ere?lisi, Turkey",usp0000jfk
1976-09-17 11:36:04,,23,40.79,28.133,"24 km SE of Marmara Ere?lisi, Turkey",usp0000jfg
1976-09-17 00:29:50,,10,40.805,28.139,"23 km SE of Marmara Ere?lisi, Turkey",usp0000jf6
1976-02-10 19:44:25,,33,40.742,27.854,"26 km SSW of Marmara Ere?lisi, Turkey",usp0000f0f
1975-12-19 08:05:52,,33,41.295,28.114,"7 km NE of Büyükçavu?lu, Turkey",usp0000dz4
1975-11-03 11:23:16,,4,40.63,29.942,"4 km SSE of Bahçecik, Turkey",usp0000de2
1975-09-23 20:53:45,,33,40.936,27.843,"10 km WSW of Marmara Ere?lisi, Turkey",usp0000cx4
1974-09-13 12:10:02,3.6,15,40.791,28.174,"27 km SE of Marmara Ere?lisi, Turkey",usp0000810
1971-05-01 13:45:28,5.33,15,40.843,27.98,"14 km S of Marmara Ereğlisi, Turkey",iscgemsup783989
1963-09-18 16:58:14,6.14,30,40.698,29.159,"4 km N of Koruköy, Turkey",iscgem873085
1952-03-13 06:30:00,5.42,15,40.811,28.06,"19 km SSE of Marmara Ere?lisi, Turkey",iscgemsup892627
1905-10-22 03:54:31,5.78,15,40.761,28.183,"30 km SE of Marmara Ereğlisi, Turkey",iscgemsup610548615
