tip,ad,lat,lon,ilce,kaynak
polis,,41.0238,29.02697,USKUDAR,OSM
hastane,Hospital Türk,41.025962,29.021812,USKUDAR,OSM
polis,,40.98873,28.836839,BAKIRKOY,OSM
polis,Esenyurt İlçe Polis Karakolu,41.03832,28.678989,ESENYURT,OSM
polis,Şehremini Polis Merkezi,41.017589,28.929695,FATIH,OSM
polis,Adli Tıp Kurumu,40.993473,28.83153,BAHCELIEVLER,OSM
polis,Kocasinan Polis Merkezi,41.012633,28.847693,BAHCELIEVLER,OSM
polis,Çevik Kuvvet Şube Müdürlüğü,41.032748,28.91129,BAYRAMPASA,OSM
hastane,,41.03365,28.964145,BEYOGLU,OSM
hastane,,41.011108,29.019047,USKUDAR,OSM
hastane,Vera Tıp Merkezi,41.006025,28.796849,KUCUKCEKMECE,OSM
hastane,Baltalimanı Hastanesi,41.096409,29.053561,SARIYER,OSM
polis,,41.004978,28.964269,FATIH,OSM
hastane,Florence Nightingale,41.063206,29.004239,BESIKTAS,OSM
hastane,Özel Küplüce Tıp Merkez,41.039678,29.052218,USKUDAR,OSM
hastane,Özel Remedy Hospital,40.878777,29.236875,PENDIK,OSM
hastane,Özel Bağcılar Tekden Hastanesi,41.047967,28.844994,BAGCILAR,OSM
hastane,Acıbadem Hospital,40.977664,28.873059,BAKIRKOY,OSM
polis,Fatih Mahallesi Polis Merkezi,40.955699,29.278529,SULTANBEYLI,OSM
polis,Sarıyer Polis Merkezi,41.167773,29.056371,SARIYER,OSM
hastane,Gebze Şifa Tıp Merkezi,40.793368,29.433387,,OSM
polis,Çekmeköy Emniyet Müdürlüğü,41.021517,29.192283,CEKMEKOY,OSM
hastane,Çevre Hastanesi,41.067221,29.001323,SISLI,OSM
hastane,Aksoy Hastanesi,41.067351,29.001366,SISLI,OSM
hastane,Birinci Göz Hastanesi Beylikdüzü,41.011228,28.642805,BEYLIKDUZU,OSM
hastane,Dünya Göz Hastanesi Beykent,41.019077,28.627485,BUYUKCEKMECE,OSM
hastane,Amerikan Hastanesi,41.053381,28.995295,SISLI,OSM
hastane,Belde Tıp Merkezi,41.057449,28.915829,GAZIOSMANPASA,OSM
hastane,Alataş Polikliniği,41.034715,28.680697,ESENYURT,OSM
polis,Bostancı Şehit Semih Balaban Polis Merkezi Amirliği,40.955963,29.090468,KADIKOY,OSM
polis,,41.022868,29.059066,USKUDAR,OSM
hastane,Özel Avcılar Anadolu Hastanesi,41.005446,28.706116,AVCILAR,OSM
hastane,Özel Avcılar Hospital,40.994782,28.709593,AVCILAR,OSM
hastane,Özel Medicana Hastanesi,40.981275,28.721148,AVCILAR,OSM
hastane,İstanbul Tüpbebek,41.055468,28.998397,SISLI,OSM
polis,Beyoğlu police station,41.034058,28.980753,BEYOGLU,OSM
polis,Güngören İlçe Emniyet Müdürlüğü,41.017725,28.876123,GUNGOREN,OSM
polis,Tarabya polis karakolu,41.137692,29.053313,SARIYER,OSM
hastane,Kasım Paşa Asker Hastanesi,41.032784,28.964016,BEYOGLU,OSM
polis,Süslü Karakol,41.05001,29.004805,BESIKTAS,OSM
polis,,41.013169,28.956926,FATIH,OSM
hastane,Alibey Hastanesi,41.078999,28.927065,EYUPSULTAN,OSM
polis,,40.876739,29.101025,ADALAR,OSM
hastane,Koç Üniversitesi Hastanesi,41.024141,28.91665,ZEYTINBURNU,OSM
hastane,Özel Mediplus Tıp Merkezi,41.017808,28.660899,ESENYURT,OSM
hastane,Bakırköy Dr. Sadi Konuk Eğitim ve Araştırma Hastanesi Bahçelievler Polikliniği,40.997076,28.85606,BAHCELIEVLER,OSM
polis,Zabıta Kontrol Noktası,41.287841,27.998929,,OSM
polis,Yeşilköy Polis Karakolu,40.956607,28.830931,BAKIRKOY,OSM
hastane,Pazarcık Aile Sağlığı Merkezi,41.449486,27.932099,,OSM
hastane,Beyoğlu Göz Hastanesi,41.024574,28.974201,BEYOGLU,OSM
hastane,Özel Akgün Tem Hastanesi,41.061416,28.801625,KUCUKCEKMECE,OSM
hastane,Beyoglu,41.031455,28.974911,BEYOGLU,OSM
hastane,,41.01135,28.645133,BEYLIKDUZU,OSM
toplanma_alani,Geçici Toplanma Alanı,41.452877,27.927509,,OSM
toplanma_alani,Geçici Toplanma Alanı,41.44984,27.932629,,OSM
toplanma_alani,Geçici Toplanma Alanı,41.448328,27.930733,,OSM
toplanma_alani,Geçici Toplanma Alanı,41.450501,27.927074,,OSM
toplanma_alani,Geçici Toplanma Alanı,41.447574,27.924808,,OSM
toplanma_alani,Geçici Toplanma Alanı,41.445907,27.926431,,OSM
toplanma_alani,Geçici Toplanma Alanı,41.446776,27.91524,,OSM
toplanma_alani,Geçici Toplanma Alanı,41.444918,27.905831,,OSM
toplanma_alani,Geçici Toplanma Alanı,41.441367,27.9081,,OSM
toplanma_alani,Geçici Toplanma Alanı,41.444608,27.910879,,OSM
toplanma_alani,Geçici Toplanma Alanı,41.441906,27.919924,,OSM
toplanma_alani,Geçici Toplanma Alanı,41.435926,27.920707,,OSM
toplanma_alani,Geçici Toplanma Alanı,41.43701,27.916375,,OSM
toplanma_alani,Geçici Toplanma Alanı,41.433982,27.912566,,OSM
toplanma_alani,Geçici Toplanma Alanı,41.377432,27.925964,,OSM
toplanma_alani,Geçici Toplanma Alanı,41.373892,27.93054,,OSM
toplanma_alani,Afet ve Acil Durum Toplanma Alanı,41.338081,27.980756,,OSM
toplanma_alani,Geçici Toplanma Alanı,41.33757,27.982781,,OSM
toplanma_alani,Geçici Toplanma Alanı,41.335324,27.981193,,OSM
toplanma_alani,Geçici Toplanma Alanı,41.329808,27.990058,,OSM
toplanma_alani,Geçici Toplanma Alanı,41.334903,27.969899,,OSM
toplanma_alani,Geçici Toplanma Alanı,41.331784,27.971517,,OSM
toplanma_alani,Geçici Toplanma Alanı,41.330674,27.975923,,OSM
toplanma_alani,Geçici Toplanma Alanı,41.33038,27.973498,,OSM
toplanma_alani,Geçici Toplanma Alanı,41.329929,27.984774,,OSM
toplanma_alani,Afet ve Acil Durum Toplanma Alanı,41.328535,27.979841,,OSM
toplanma_alani,Geçici Toplanma Alanı,41.322194,27.983792,,OSM
toplanma_alani,Geçici Toplanma Alanı,41.32254,27.971336,,OSM
toplanma_alani,Geçici Toplanma Alanı,41.321942,27.973238,,OSM
toplanma_alani,Geçici Toplanma Alanı,41.320594,27.97397,,OSM
toplanma_alani,Geçici Toplanma Alanı,41.301801,28.012084,,OSM
toplanma_alani,Geçici Toplanma Alanı,41.30216,28.010057,,OSM
toplanma_alani,Geçici Toplanma Alanı,41.301785,28.00768,,OSM
toplanma_alani,Geçici Toplanma Alanı,41.297634,28.015839,,OSM
toplanma_alani,Geçici Toplanma Alanı,41.281475,27.982416,,OSM
toplanma_alani,Geçici Toplanma Alanı,41.281429,27.983638,,OSM
toplanma_alani,Afet ve Acil Durum Toplanma Alanı-14,41.292684,27.995315,,OSM
toplanma_alani,Geçici Toplanma Alanı,41.291185,27.995782,,OSM
toplanma_alani,Geçici Toplanma Alanı,41.290311,27.99708,,OSM
toplanma_alani,Geçici Toplanma Alanı,41.287888,27.989747,,OSM
toplanma_alani,Geçici Toplanma Alanı,41.289263,27.993588,,OSM
toplanma_alani,Geçici Toplanma Alanı,41.288247,27.995739,,OSM
toplanma_alani,Geçici Toplanma Alanı,41.285688,27.997053,,OSM
toplanma_alani,Geçici Toplanma Alanı,41.284067,27.984484,,OSM
toplanma_alani,Afet ve Acil Durum Toplanma Alanı,41.284725,27.987264,,OSM
toplanma_alani,Geçici Toplanma Alanı,41.283806,27.987311,,OSM
toplanma_alani,Geçici Toplanma Alanı,41.282241,27.987526,,OSM
toplanma_alani,Geçici Toplanma Alanı,41.282987,27.990047,,OSM
toplanma_alani,Afet ve Acil Durum Toplanma Alanı,41.283161,27.995688,,OSM
toplanma_alani,Geçici Toplanma Alanı - 17,41.292271,27.999398,,OSM
toplanma_alani,Geçici Toplanma Alanı,41.291693,28.003126,,OSM
toplanma_alani,Geçici Toplanma Alanı,41.288904,28.002455,,OSM
toplanma_alani,Geçici Toplanma Alanı,41.288521,28.010234,,OSM
toplanma_alani,Geçici Toplanma Alanı,41.28626,28.007675,,OSM
toplanma_alani,Geçici Toplanma Alanı,41.286212,28.011317,,OSM
toplanma_alani,Geçici Toplanma Alanı,41.282914,28.007089,,OSM
toplanma_alani,Geçici Toplanma Alanı,41.28258,28.010298,,OSM
toplanma_alani,Geçici Toplanma Alanı,41.266231,28.024659,,OSM
toplanma_alani,Geçici Toplanma Alanı,41.276823,28.019053,,OSM
toplanma_alani,Geçici Toplanma Alanı,41.277508,28.014633,,OSM
toplanma_alani,Geçici Toplanma Alanı,41.277879,28.011489,,OSM
toplanma_alani,Geçici Toplanma Alanı,41.274418,28.010963,,OSM
toplanma_alani,Geçici Toplanma Alanı,41.275,28.009292,,OSM
toplanma_alani,Geçici Toplanma Alanı,41.275662,28.005609,,OSM
toplanma_alani,Geçici Toplanma Alanı,41.27725,28.002166,,OSM
toplanma_alani,Geçici Toplanma Alanı,41.271207,27.969298,,OSM
toplanma_alani,Geçici Toplanma Alanı,41.261316,27.969115,,OSM
toplanma_alani,Geçici Toplanma Alanı,41.266884,27.974415,,OSM
toplanma_alani,Geçici Toplanma Alanı,41.262534,27.973005,,OSM
toplanma_alani,Geçici Toplanma Alanı,41.263743,27.971293,,OSM
toplanma_alani,Geçici Toplanma Alanı,41.268076,27.969174,,OSM
toplanma_alani,Geçici Toplanma Alanı,41.264778,27.9662,,OSM
toplanma_alani,Geçici Toplanma Alanı,41.267225,27.965634,,OSM
toplanma_alani,Geçici Toplanma Alanı,41.268562,27.962957,,OSM
toplanma_alani,Geçici Toplanma Alanı,41.266019,27.963354,,OSM
toplanma_alani,Geçici Toplanma Alanı,41.267894,27.960162,,OSM
toplanma_alani,Geçici Toplanma Alanı,41.256839,27.939853,,OSM
toplanma_alani,Geçici Toplanma Alanı,41.261552,27.941942,,OSM
toplanma_alani,Geçici Toplanma Alanı,41.258481,27.935558,,OSM
toplanma_alani,Geçici Toplanma Alanı,40.986811,27.974748,,OSM
toplanma_alani,Geçici Toplanma Alanı,40.983745,27.973549,,OSM
toplanma_alani,Geçici Toplanma Alanı,40.986914,27.963526,,OSM
toplanma_alani,Geçici Toplanma Alanı,40.973973,27.950023,,OSM
toplanma_alani,Geçici Toplanma Alanı,40.968521,27.952502,,OSM
toplanma_alani,Geçici Toplanma Alanı,40.969396,27.946419,,OSM
toplanma_alani,Geçici Toplanma Alanı,40.968193,27.942513,,OSM
polis,"T.C. Ulaştırma, Denizcilik ve Haberleşme Bakanlığı Yol Kenarı Denetim İstasyonu",41.071117,28.115513,SILIVRI,OSM
hastane,Güney Hastanesi,41.043727,28.879674,ESENLER,OSM
polis,Yedikule Ilce Emniyet Mudurlugu Asayis Buro Amirlig,40.993652,28.924155,FATIH,OSM
hastane,Medipol Üniversitesi Fındıkzade Hastanesi,41.012532,28.940027,FATIH,OSM
hastane,Özel Fatih Hastanesi,41.015677,28.950772,FATIH,OSM
hastane,İstanbul Cerrahi Hastanesi,41.055572,28.998003,SISLI,OSM
itfaiye,İtfaiye Daire Başkanlığı Bölge Amirliği,41.016866,28.953298,FATIH,OSM
polis,Sirkeci Polis Merkezi,41.014743,28.979264,FATIH,OSM
polis,Fatih belediyesi zabıta müdürlüğü,41.016072,28.972299,FATIH,OSM
polis,Beyazıt Polis Merkezi Amirliği,41.010495,28.96208,FATIH,OSM
polis,Aksaray polis merkezi,41.007752,28.95324,FATIH,OSM
polis,Fatih ilçe emniyet müdürlüğü çocuk polisi,41.028778,28.934391,FATIH,OSM
polis,Fatih ilce emniyet müdürlüğü polis merkezi,41.022164,28.945298,FATIH,OSM
hastane,istanbul Eğitim ve Araştırma Hastanesi Poliklinikleri,41.009246,28.945797,FATIH,OSM
hastane,İstanbul Üniversitesi Kardiyoloji enistitusu,41.009154,28.943244,FATIH,OSM
polis,Zabıta Amirliği,41.009648,28.966226,FATIH,OSM
polis,Zabıta Müdürlüğü A Bölgesi Ekipler Amirliği,41.009498,28.934349,FATIH,OSM
hastane,Surp Pırgiç Ermeni Hastanesi,40.993932,28.914694,ZEYTINBURNU,OSM
hastane,Bağcılar Eğitim ve Araştırma Hastanesi,41.030132,28.87124,BAGCILAR,OSM
polis,Darıca İlçe Emniyeti,40.757613,29.385973,,OSM
hastane,Özel İstanbul Şafak Hastahanesi,41.065609,28.899975,GAZIOSMANPASA,OSM
hastane,Özel gop Yaşam Diyaliz Merkezi,41.104908,28.864533,SULTANGAZI,OSM
hastane,İstanbulum Tıp Merkezi,41.103419,28.861677,SULTANGAZI,OSM
hastane,HOSPİTAL PARK,40.79213,29.3673,,OSM
itfaiye,İtfaiye,40.775372,29.378526,,OSM
hastane,Dora Hospital,41.058982,29.001001,SISLI,OSM
polis,Sultanbeyli İlçe Emniyet Müdürlüğü,40.990032,29.266591,SULTANBEYLI,OSM
polis,,40.967871,29.265122,SULTANBEYLI,OSM
toplanma_alani,,41.336637,27.976456,,OSM
polis,Kıyıköy Jandarma Karakol Komutanlığı,41.632918,28.088806,,OSM
polis,Saray İlçe Emniyet Müdürlüğü,41.443372,27.925375,,OSM
hastane,Özel Marmara Ereğlisi Polikliniği,40.973124,27.949181,,OSM
hastane,Saygı Hastanesi Ayak Sağlığı Birimi,40.969457,29.257738,SULTANBEYLI,OSM
hastane,Saygı Hastanesi,40.969757,29.258171,SULTANBEYLI,OSM
hastane,Sultanbeyli Dünyagöz Hastanesi,40.968502,29.253425,SULTANBEYLI,OSM
polis,Sultanbeyli İlçe Emniyet Müdürlüğü,40.965879,29.276149,SULTANBEYLI,OSM
hastane,Neolife,41.070401,29.02009,BESIKTAS,OSM
itfaiye,Hallaçlı Mahallesi Gönüllü İtfaiye İstasyonu,41.31998,28.099513,CATALCA,OSM
hastane,T.C. Sağlık Bakanlığı İstanbul Tacirler Eğitim Vakfı Sultanbeyli İlçe Devlet Hastanesi Merkez Polikliniği,40.963683,29.265783,SULTANBEYLI,OSM
hastane,Ersoy Hastanesi,40.966572,29.269404,SULTANBEYLI,OSM
hastane,İstanbul Tacirler Eğitim Vakfı T.E.V. Sultanbeyli İlçe Devlet Hastanesi,40.965177,29.265979,SULTANBEYLI,OSM
hastane,Sultanbeyli Avrupa Göz Hastanesi,40.967064,29.261234,SULTANBEYLI,OSM
polis,Trafik Denetleme Ekipler amirliği,41.006024,28.900166,ZEYTINBURNU,OSM
hastane,balıklı rum hastanesi vakfı,40.999604,28.91754,ZEYTINBURNU,OSM
hastane,Yedikule Göğüş Hastalıkları Hastanesi,41.002104,28.915237,ZEYTINBURNU,OSM
hastane,Yedikule Surp PIRGIÇ ERMENI Hastanesi,40.993869,28.915252,ZEYTINBURNU,OSM
polis,Güven Timleri Zeytinburnu Devriye Ekip Amirliği,40.990784,28.914013,ZEYTINBURNU,OSM
hastane,SÜLEYMANİYE KADIN DOĞUM VE ÇOCUK HASTANESİ,40.995616,28.914828,ZEYTINBURNU,OSM
hastane,MEDILIFE HASTANESİ,41.048796,28.859508,BAGCILAR,OSM
hastane,Aksa,41.031485,28.826181,BAGCILAR,OSM
polis,100. Yıl Kemalpaşa Polis Merkezi,41.043853,28.845506,BAGCILAR,OSM
hastane,Özel Hospitalist Hastanesi,41.034583,28.855088,BAGCILAR,OSM
polis,Bağcılar İlçe Emniyet Müdürlüğü,41.034878,28.859669,BAGCILAR,OSM
hastane,İstanbul Eğitim ve Araştırma Hastanesi Osmaniye Semt Poliklinği,40.99202,28.881361,BAKIRKOY,OSM
toplanma_alani,Geçici Toplanma Alanı,41.334029,27.985105,,OSM
hastane,Gaziosmanpaşa Özel Başarı Hastanesi,41.079753,28.906681,GAZIOSMANPASA,OSM
polis,Orhanlı Polis Merkez Amirliği,40.880787,29.348938,TUZLA,OSM
polis,Örnek Şehit Hayrettin Yıldırım Polis Merkezi,40.993865,29.100647,ATASEHIR,OSM
hastane,Dayıoğlu Tıp Merkezi,41.063322,28.746725,BASAKSEHIR,OSM
hastane,Haydarpaşa Numune Eğitim ve Araştırma Hastanesi Tıbbiye Binası,41.004346,29.025751,USKUDAR,OSM
polis,Çınardere Karakolu,40.893911,29.241362,PENDIK,OSM
hastane,,41.073211,28.903253,GAZIOSMANPASA,OSM
polis,Kocaeli Bölge Trafik Denetleme Şube Müdürlüğü,40.768685,29.835772,,OSM
hastane,Özel Pendik Şifa Hastanesi,40.88302,29.236191,PENDIK,OSM
hastane,Dűnyagöz,41.082461,29.037093,BESIKTAS,OSM
itfaiye,ARFF 1,41.275162,28.732059,ARNAVUTKOY,OSM
polis,Çerkezköy İlçe Emniyet Müdürlüğü,41.278507,28.013836,,OSM
hastane,Dünya Göz Hastanesi,40.878879,29.236241,PENDIK,OSM
polis,Burgazada Polis Merkezi Amirliği,40.880472,29.069167,ADALAR,OSM
hastane,Haydarpaşa Numune Hastanesi,41.004448,29.022759,USKUDAR,OSM
polis,,41.019071,29.011478,USKUDAR,OSM
itfaiye,Poyraz Orman Yangın Harekat Merkezi,41.188448,29.144547,BEYKOZ,OSM
hastane,İstanbullu OSGB,41.080051,28.805901,BASAKSEHIR,OSM
polis,Güngören İlçe Emniyet Müdürlüğü Asayiş Büro Amirliği,41.017588,28.897151,GUNGOREN,OSM
polis,Güngören İlçe Emniyet Müdürlüğü Çocuk Büro Amirliği,41.017588,28.897232,GUNGOREN,OSM
polis,Merkez Efendi Polis Merkezi,41.019946,28.907227,ZEYTINBURNU,OSM
hastane,Yanıkağıl Aile Sağlığı Merkezi,41.292401,27.906967,,OSM
hastane,Özel Üsküdar Anadolu Hastanesi,41.02143,29.015895,USKUDAR,OSM
hastane,Doktor Levent Polikliniği,41.062445,28.986413,SISLI,OSM
polis,Avcılar Karakolu,40.984373,28.721325,AVCILAR,OSM
polis,,40.795356,29.459342,,OSM
hastane,Küçükyoncalı Köyü Aile Sağlığı Merkezi,41.407773,27.970619,,OSM
hastane,Özel 2000 Tıp Merkezi,41.020583,28.580972,BUYUKCEKMECE,OSM
hastane,Özel Elitium,41.060366,28.676048,ESENYURT,OSM
hastane,İstanbul Tema Hastanesi,41.060085,28.773943,KUCUKCEKMECE,OSM
hastane,Bayrampaşa 1 Nolu Yabancı Uyruklular Polikliniği,41.030325,28.907079,BAYRAMPASA,OSM
hastane,Bağcılar 28 Nolu Aile Sağlığı Merkezi,41.043128,28.820161,BAGCILAR,OSM
hastane,Acil Tıp Kliniği,41.002851,28.937076,FATIH,OSM
hastane,Alpha Hair Central,41.061326,28.992022,SISLI,OSM
hastane,Bezmialem Vakıf Üniversitesi Tıp Fakültesi Acil Tıp,41.019992,28.934855,FATIH,OSM
hastane,Şişli Hamidiye Etfal Eğitim ve Araştırma Hastanesi Gümüşsuyu Binası,41.037595,28.990045,BEYOGLU,OSM
hastane,Hasanpaşa Aile Sağlığı Merkezi,40.997398,29.042857,KADIKOY,OSM
hastane,Bakırköy 4 Nolu Aile Sağlığı Merkezi,40.978509,28.871864,BAKIRKOY,OSM
polis,Güngören İlçe Emniyet Müdürlüğü,41.0165,28.882581,GUNGOREN,OSM
polis,Sarıyer İlçe Emniyet Müdürlüğü Çocuk Büro Amirliği,41.088625,29.056361,SARIYER,OSM
hastane,Kartal Dr. Lütfi Kırdar Eğitim ve Araştırma Hastanesi KADİR REZZAN HAS ADATEPE POLİKLİNİĞİ,40.933272,29.123963,MALTEPE,OSM
hastane,fsm tıp merkezi,41.022967,29.218531,CEKMEKOY,OSM
hastane,Medient,40.982651,29.092752,KADIKOY,OSM
hastane,Büyükçekmece Aile Sağlığı Merkezi,41.020331,28.578618,BUYUKCEKMECE,OSM
polis,Ataşehir Kaymakamlığı İlçe Emniyet Müdürlüğü Devriye Ekipler Amirliği,40.980161,29.113853,ATASEHIR,OSM
hastane,Sağlık Ocağı,41.01681,28.604195,BUYUKCEKMECE,OSM
hastane,Bahceci,41.022128,29.041889,USKUDAR,OSM
toplanma_alani,3429-014-01,41.049745,28.989612,SISLI,OSM
hastane,İstanbul Üniversitesi Tıp Fakültesi Hastanesi,41.016863,28.93396,FATIH,OSM
hastane,Özel Avusturya Sen Jorj Hastanesi,41.024292,28.974314,BEYOGLU,OSM
hastane,Vize 3 No'lu Acil Sağlık Hizmetleri İstasyonu,41.633815,28.090858,,OSM
polis,T.C. Kapaklı İlçe Emniyet Müdürlüğü,41.333593,27.989113,,OSM
hastane,Medihaus,41.013342,28.656874,ESENYURT,OSM
hastane,Maltepe 4 Nolu Aile Hekimliği,40.941058,29.116763,MALTEPE,OSM
hastane,ARES Psikolojik Danışmanlık Merkezi,40.922688,29.133878,MALTEPE,OSM
polis,Eyüpsultan Polis Merkezi,41.046686,28.930987,EYUPSULTAN,OSM
polis,TCK 1. Bölge Müdürlüğü Selimpaşa İstasyonu,41.061947,28.376366,SILIVRI,OSM
polis,TCK 1. Bölge Müdürlüğü Silivri İstasyonu,41.107904,28.259922,SILIVRI,OSM
polis,Büyükçekmece İlçe Emniyet Müdürlüğü,41.018169,28.593106,BUYUKCEKMECE,OSM
polis,,41.096489,28.511226,CATALCA,OSM
polis,Gaziosmanpaşa Çocuk Büro Amirliği,41.059735,28.928103,GAZIOSMANPASA,OSM
polis,Kriminal Polis Laboratuvarı,41.057063,28.779772,KUCUKCEKMECE,OSM
polis,Gümüşyaka Jandarma Karakol Komutanlığı,41.044983,28.037385,SILIVRI,OSM
polis,Zabıta Noktası,41.325463,27.977204,,OSM
polis,Zabıta Noktası,41.330669,27.981088,,OSM
hastane,Özel Asya Hastanesi,41.073873,28.903824,GAZIOSMANPASA,OSM
hastane,Özel Bilge Hastanesi,41.069542,28.907384,GAZIOSMANPASA,OSM
hastane,Avrupa Özel Şafak Hastanesi,41.059697,28.912384,GAZIOSMANPASA,OSM
polis,Esentepe Polis Merkezi,41.107913,28.877595,SULTANGAZI,OSM
hastane,Küçükbakkalköy Aile Sağlığı Merkezi,40.980494,29.125571,ATASEHIR,OSM
polis,Alibeyköy Polis Merkezi,41.076341,28.944337,EYUPSULTAN,OSM
toplanma_alani,Beyoğlu Kapalı Geçici Barınma Alanı,41.025489,28.976726,BEYOGLU,OSM
toplanma_alani,Beyoğlu Kapalı Geçici Barınma Alanı,41.025593,28.976986,BEYOGLU,OSM
toplanma_alani,Beyoğlu Kapalı Geçici Barınma Alanı,41.025272,28.975805,BEYOGLU,OSM
itfaiye,Resneli İtfaiye Eğitim Tesisi,41.083064,28.74093,BASAKSEHIR,OSM
itfaiye,Fatih Ormanı İtfaiye İlk Müdahale Ekibi,41.131978,29.019816,SARIYER,OSM
polis,Sultangazi Zabıta Müdürlğü,41.115215,28.862694,SULTANGAZI,OSM
hastane,NGY Med Dental Clinic,41.002574,28.626179,BEYLIKDUZU,OSM
polis,Tuzla Şehit,40.835996,29.361071,TUZLA,OSM
toplanma_alani,Acil Toplanma Alanı 5911-0001-01,41.330168,27.974131,,OSM
itfaiye,Kocaeli Büyükşehir Belediyesi İtfaiye Dairesi Başkanlığı,40.752701,29.948619,,OSM
polis,Polis Kontrol Noktası,41.348749,27.95862,,OSM
itfaiye,Kanlıca Orman İşletme Müdürlüğü İlk Müdahale Ekip Binası,41.0636,29.106089,BEYKOZ,OSM
toplanma_alani,Acil Toplanma Noktası,41.318977,27.979617,,OSM
polis,Polis,41.266951,28.030097,,OSM
polis,Yabancılar şubesi,40.910989,29.307986,PENDIK,OSM
toplanma_alani,,40.999564,29.126778,UMRANIYE,OSM
toplanma_alani,,41.001171,29.123857,UMRANIYE,OSM
hastane,Gaziosmanpaşa Sile Sağlığı Merkezi,41.286052,27.996734,,OSM
toplanma_alani,,41.140647,29.096983,BEYKOZ,OSM
toplanma_alani,Afet ve Acil Durum Toplanma Alanı,41.091554,29.051996,SARIYER,OSM
polis,Polis,40.911998,29.313504,PENDIK,OSM
toplanma_alani,,41.141953,29.101432,BEYKOZ,OSM
toplanma_alani,,41.140441,29.10289,BEYKOZ,OSM
toplanma_alani,,41.144308,29.101575,BEYKOZ,OSM
toplanma_alani,,41.147864,29.09941,BEYKOZ,OSM
toplanma_alani,3436-002-17,40.990744,29.127833,ATASEHIR,OSM
toplanma_alani,,40.987383,29.152598,ATASEHIR,OSM
toplanma_alani,,41.143678,29.100117,BEYKOZ,OSM
hastane,Üsküdar Üniversitesi Diş Hastanesi,41.027614,29.1157,UMRANIYE,OSM
hastane,Estepalace Clinic,41.064592,28.978247,SISLI,OSM
toplanma_alani,Afet ve Acil Durum Toplanma Alanı İstanbul Kartal,40.899741,29.211366,KARTAL,OSM
hastane,Özel Medipoint Tıp Merkezi,40.982388,29.071332,KADIKOY,OSM
toplanma_alani,,40.769445,29.886405,,OSM
toplanma_alani,,40.763837,29.88641,,OSM
toplanma_alani,,40.766399,29.901395,,OSM
toplanma_alani,,40.774582,29.765615,,OSM
toplanma_alani,,40.773583,29.774407,,OSM
toplanma_alani,Acl Durum Toplanma Noktası,41.335572,27.970072,,OSM
toplanma_alani,Acil Durum Toplanma Noktası,41.297141,28.000929,,OSM
toplanma_alani,Afet ve Acil Durum Toplanma Alanı,41.067575,28.988537,SISLI,OSM
polis,Tourism Police,41.037437,28.98602,BEYOGLU,OSM
toplanma_alani,,40.981167,28.709721,AVCILAR,OSM
toplanma_alani,,40.986197,28.707967,AVCILAR,OSM
polis,Trafik Kontrol Noktası,41.043565,28.894735,BAYRAMPASA,OSM
polis,Trafik Polisi Kontrol Noktası,40.795907,29.460712,,OSM
polis,Kapaklı Belediyesi Zabıta Noktası,41.336111,27.971136,,OSM
toplanma_alani,Acil Durum Toplanma Alanı,41.023461,28.575661,BUYUKCEKMECE,OSM
toplanma_alani,Acil Toplanma Alanı,41.329789,27.973992,,OSM
toplanma_alani,,41.015826,29.065644,USKUDAR,OSM
toplanma_alani,Acil Toplanma Alanı,41.282751,28.013447,,OSM
hastane,Acıbadem,41.17975,28.886023,EYUPSULTAN,OSM
toplanma_alani,Acil Toplanma Alanı,41.313777,27.97631,,OSM
toplanma_alani,2. Noku Acil Toplanma Bölgesi,41.296277,27.985352,,OSM
toplanma_alani,,41.048381,28.920218,EYUPSULTAN,OSM
hastane,Gebze Fatih Devlet Hastahanesi,40.790319,29.420333,,OSM
hastane,Özel Baydent Ağız ve Diş Sağlığı Polikliniği,40.882933,29.236753,PENDIK,OSM
toplanma_alani,Acil Toplanma Yeri,41.045497,28.895772,BAYRAMPASA,OSM
hastane,Bayındır Levent Tıp Merkezi,41.073041,29.017969,BESIKTAS,OSM
hastane,Özel Etiler Hastanesi,41.072611,29.018382,BESIKTAS,OSM
polis,Sultangazi İlçe Emniyet Müdürlüğü,41.108083,28.877957,SULTANGAZI,OSM
toplanma_alani,Afet ve Acil Durum Toplanma Alanı,41.289093,27.996075,,OSM
toplanma_alani,,41.117282,28.972314,SARIYER,OSM
toplanma_alani,Acil Durum Toplanma Alanı,41.111677,28.973079,SARIYER,OSM
toplanma_alani,,41.291268,27.995682,,OSM
toplanma_alani,Afet ve Acil Durum Toplanma Alanı,41.285278,27.990247,,OSM
toplanma_alani,Teverpan Acil Durum Toplanma Bölgesi,41.313135,27.979347,,OSM
toplanma_alani,Acil Toplanma Alanı,41.255497,28.036614,SILIVRI,OSM
toplanma_alani,Acil Durum Toplanma Alanı,41.276882,27.996116,,OSM
toplanma_alani,Acil Durum Toplanma Bölgesi,41.077459,29.012989,SISLI,OSM
toplanma_alani,Acil Toplanma Alanı,41.040801,28.894273,BAYRAMPASA,OSM
toplanma_alani,Acil Durum Toplanma Alanı,41.050886,28.883525,ESENLER,OSM
toplanma_alani,Acil Toplanma Bölgesi,41.044704,28.89539,BAYRAMPASA,OSM
toplanma_alani,,41.085585,28.079973,SILIVRI,OSM
toplanma_alani,Toplanma Noktası,41.06891,28.868035,ESENLER,OSM
toplanma_alani,Afet ve Acil Durum Toplanma Alanı,41.07299,28.750797,BASAKSEHIR,OSM
hastane,Patológia,41.003674,28.938335,FATIH,OSM
polis,Silivri Başsavcılığı Denetimli Serbestlik Müdürlüğü,41.075707,28.249247,SILIVRI,OSM
hastane,Aktif International Hospital,41.023016,29.017422,USKUDAR,OSM
toplanma_alani,Acil Durum Toplanma Bölgesi,41.022329,29.016823,USKUDAR,OSM
hastane,Marmara Tıp Merkezi,40.984077,29.058455,KADIKOY,OSM
hastane,Sebahat Mehmet Perver Aile Sağlığı Merkezi,41.444013,27.915519,,OSM
itfaiye,,41.306858,28.24342,SILIVRI,OSM
hastane,Selimpaşa Aile Sağlığı Merkezi,41.055426,28.367117,SILIVRI,OSM
toplanma_alani,Acil Durum Toplanma Noktası,41.096485,28.025702,SILIVRI,OSM
toplanma_alani,Trakya Dent Acil Durum Toplanma Bölgesi,41.285076,28.000733,,OSM
toplanma_alani,Acil Durum Toplanma Noktası,41.002648,29.072046,USKUDAR,OSM
hastane,Medicana Zincirlikuyu Hastanesi,41.071452,29.015177,SISLI,OSM
toplanma_alani,ACİL Toplanma Alanı,40.763822,29.844421,,OSM
toplanma_alani,,40.76187,29.850233,,OSM
toplanma_alani,,40.760344,29.846867,,OSM
toplanma_alani,,40.770087,29.848061,,OSM
toplanma_alani,,40.769257,29.85524,,OSM
toplanma_alani,,40.772544,29.843765,,OSM
toplanma_alani,,40.770781,29.836721,,OSM
hastane,Erdem Hastanesi,41.021568,29.119876,UMRANIYE,OSM
hastane,Merkez Hastanesi,40.801021,29.431734,,OSM
hastane,Eyüp Kemerburgaz Aile Sağlığı Merkezi,41.159064,28.91162,EYUPSULTAN,OSM
hastane,Bağcılar İşitme Engelli Rehabilitasyon Merkezi,41.025423,28.848752,BAGCILAR,OSM
polis,,41.070336,29.006548,SISLI,OSM
hastane,Çekmeköy Devlet Hastanesi,41.037338,29.235232,CEKMEKOY,OSM
hastane,Şehit Prof. İlhan Varank Eğitim ve Araştırma Hastanesi - Çekmeköy Ek Hizmet Binası,41.037807,29.23519,CEKMEKOY,OSM
toplanma_alani,Acil Toplanma Alanı,41.007801,28.785825,KUCUKCEKMECE,OSM
toplanma_alani,Acil Toplanma Alanı,41.039383,28.894812,BAYRAMPASA,OSM
toplanma_alani,Acil Toplanma Alanı,41.039488,28.894081,BAYRAMPASA,OSM
hastane,Özel Belde Tıp Merkezi,41.056701,28.915342,GAZIOSMANPASA,OSM
polis,Büyükada Polis Merkezi Amirliği,40.873149,29.127586,ADALAR,OSM
toplanma_alani,ACİL Toplanma Alanı,40.764261,29.850835,,OSM
toplanma_alani,Erdal Yulalı Parkı,40.976429,28.729277,AVCILAR,OSM
toplanma_alani,Acil Durum Toplanma Bölgesi,41.438576,27.930134,,OSM
hastane,Özel Okmeydanı hastanesi,41.052505,28.959974,BEYOGLU,OSM
hastane,ENT Clinic-Dr. Selcuk Guney,41.055066,28.985262,SISLI,OSM
toplanma_alani,Acil Durum Toplanma Noktası (T2),41.03447,29.257138,CEKMEKOY,OSM
toplanma_alani,Acil Durum Toplanma Noktası (T3),41.033415,29.256257,CEKMEKOY,OSM
toplanma_alani,Acil Durum Toplanma Noktası (T16),41.032973,29.257355,CEKMEKOY,OSM
toplanma_alani,Acil Durum Toplanma Noktası (T4),41.031419,29.257914,CEKMEKOY,OSM
toplanma_alani,Acil Durum Toplanma Noktası (T17),41.028703,29.258164,CEKMEKOY,OSM
toplanma_alani,Acil Durum Deprem Toplanma Noktası (T5),41.031441,29.258807,CEKMEKOY,OSM
toplanma_alani,Acil Durum Toplanma Noktası (T6),41.032513,29.259043,CEKMEKOY,OSM
toplanma_alani,Acil Durum Toplanma Noktası (T7),41.032144,29.259246,CEKMEKOY,OSM
toplanma_alani,Acil Durum Toplanma Noktası (T8),41.031223,29.259831,CEKMEKOY,OSM
toplanma_alani,Acil Durum Toplanma Noktası (T9),41.030265,29.259361,CEKMEKOY,OSM
toplanma_alani,Acil Durum Toplanma Noktası (T10),41.029848,29.259191,CEKMEKOY,OSM
toplanma_alani,Acil Durum Toplanma Noktası (T11),41.033076,29.258698,CEKMEKOY,OSM
toplanma_alani,Acil Durum Toplanma Noktası (T12),41.033267,29.260592,CEKMEKOY,OSM
toplanma_alani,Acil Durum Toplanma Noktası (T13),41.033777,29.261715,CEKMEKOY,OSM
toplanma_alani,Acil Durum Toplanma Noktası (T14),41.032085,29.261724,CEKMEKOY,OSM
toplanma_alani,Acil Durum Toplanma Noktası (T15),41.031188,29.261743,CEKMEKOY,OSM
toplanma_alani,Acil Durum Toplanma Noktası (T18),41.034686,29.259762,CEKMEKOY,OSM
toplanma_alani,Acil Durum Toplanma Noktası (T19),41.035868,29.260694,CEKMEKOY,OSM
toplanma_alani,Acil Durum Toplanma Noktası (T20),41.035814,29.259992,CEKMEKOY,OSM
toplanma_alani,Acil Durum Toplanma Noktası (T21),41.030889,29.258316,CEKMEKOY,OSM
polis,Halıcıoğlu Askeri Şubesi,41.046871,28.942197,BEYOGLU,OSM
polis,Eyüp Asker Şube,41.046916,28.942277,BEYOGLU,OSM
polis,,41.026823,28.983719,BEYOGLU,OSM
hastane,Gültepe Aile Sağlığı Merkezi,41.272324,27.975786,,OSM
toplanma_alani,,40.905913,29.156966,KARTAL,OSM
toplanma_alani,,40.906871,29.158632,KARTAL,OSM
toplanma_alani,,40.905088,29.155742,KARTAL,OSM
polis,Şehit Altuğ Verdi Polis Merkezi,41.019216,29.070222,USKUDAR,OSM
toplanma_alani,,41.241155,27.918343,,OSM
itfaiye,Beyoğlu İtfaiye İstasyonu,41.048448,28.990316,SISLI,OSM
itfaiye,K9 Köpekli Arama Kurtarma Eğitim Merkezi,41.083331,28.740951,BASAKSEHIR,OSM
polis,T.C. Avcılar Kaymakamlığı İlçe Emniyet Müdürlüğü,40.98742,28.710591,AVCILAR,OSM
toplanma_alani,Acil Toplanma Alanı,41.090791,28.964628,EYUPSULTAN,OSM
hastane,İstinye Üniversite Hastanesi,41.056234,28.671977,ESENYURT,OSM
hastane,Özel Lilyum Tıp Merkezi,41.157716,28.62734,ARNAVUTKOY,OSM
polis,Yunus Mahallesi Polis Karakolu,40.89044,29.209958,KARTAL,OSM
hastane,Sevgi Aile Sağlığı Merkezi,41.290959,27.995119,,OSM
toplanma_alani,Afet ve Acil Durum Toplanma Alanı,41.06136,28.32156,SILIVRI,OSM
hastane,,41.03157,28.975578,BEYOGLU,OSM
polis,Cumhuriyet Polis Merkezi,40.797034,29.438748,,OSM
hastane,Mazhar Buyruk Aile Sağlığı Merkezi,41.267834,28.030166,,OSM
hastane,,41.028695,28.668366,ESENYURT,OSM
toplanma_alani,,41.102095,29.024463,SARIYER,OSM
toplanma_alani,,41.143131,29.09985,BEYKOZ,OSM
toplanma_alani,,41.142769,29.099682,BEYKOZ,OSM
toplanma_alani,,41.141751,29.100342,BEYKOZ,OSM
toplanma_alani,,41.140616,29.101448,BEYKOZ,OSM
toplanma_alani,,41.139864,29.101693,BEYKOZ,OSM
toplanma_alani,,41.140099,29.103589,BEYKOZ,OSM
toplanma_alani,,41.146708,29.099885,BEYKOZ,OSM
toplanma_alani,,41.146814,29.100769,BEYKOZ,OSM
toplanma_alani,,40.834729,29.365897,TUZLA,OSM
hastane,Özel Medivia Hastanesi,41.052346,29.076136,USKUDAR,OSM
polis,Turizm Polisi,41.007423,28.98154,FATIH,OSM
toplanma_alani,,41.045286,28.965801,BEYOGLU,OSM
toplanma_alani,,41.040239,28.972128,BEYOGLU,OSM
toplanma_alani,,41.040281,28.971945,BEYOGLU,OSM
toplanma_alani,,41.073862,28.9615,KAGITHANE,OSM
toplanma_alani,,41.072659,28.958415,KAGITHANE,OSM
toplanma_alani,,41.073259,28.958361,KAGITHANE,OSM
toplanma_alani,,41.072157,28.958902,KAGITHANE,OSM
toplanma_alani,,41.078947,28.970358,KAGITHANE,OSM
toplanma_alani,,41.075172,28.965061,KAGITHANE,OSM
toplanma_alani,,41.079024,28.963169,KAGITHANE,OSM
toplanma_alani,,41.079945,28.973332,KAGITHANE,OSM
toplanma_alani,,41.080325,28.973768,KAGITHANE,OSM
toplanma_alani,,41.061967,28.975681,SISLI,OSM
toplanma_alani,,41.059966,28.972823,SISLI,OSM
toplanma_alani,Afet ve Acil Durum Toplanma Alanı,41.075933,29.008393,SISLI,OSM
toplanma_alani,,41.246472,29.0374,SARIYER,OSM
toplanma_alani,,41.24471,29.032858,SARIYER,OSM
toplanma_alani,,41.216868,29.035119,SARIYER,OSM
toplanma_alani,,41.176843,29.046842,SARIYER,OSM
toplanma_alani,,41.182428,29.042689,SARIYER,OSM
toplanma_alani,Afet ve Acil Durum Toplanma Alanı,41.007144,28.635071,BEYLIKDUZU,OSM
toplanma_alani,Afet ve Acil Durum Toplanma Alanı,40.975118,28.644892,BEYLIKDUZU,OSM
toplanma_alani,Afet ve Acil Durum Toplanma Alanı,40.9674,28.638006,BEYLIKDUZU,OSM
toplanma_alani,Afet ve Acil Durum Toplanma Alanı,41.000183,28.639167,BEYLIKDUZU,OSM
toplanma_alani,Afet ve Acil Durum Toplanma Alanı,40.965724,28.635861,BEYLIKDUZU,OSM
toplanma_alani,Afet ve Acil Durum Toplanma Alanı,40.968269,28.639088,BEYLIKDUZU,OSM
polis,Saray Belediyesi Zabıta Müdürlüğü,41.439285,27.926384,,OSM
hastane,Bağcılar Meydan TRSM,41.035501,28.859777,BAGCILAR,OSM
toplanma_alani,,41.104945,29.023611,SARIYER,OSM
toplanma_alani,,41.102854,29.025537,SARIYER,OSM
toplanma_alani,,41.102221,29.024937,SARIYER,OSM
toplanma_alani,,41.104069,29.023627,SARIYER,OSM
toplanma_alani,,41.170202,28.990876,SARIYER,OSM
polis,Ümraniye İlçe Emniyet Müdürlüğü,41.023793,29.100686,UMRANIYE,OSM
polis,Ümraniye Şehit Numan Şeref Datlı Polis Merkezi,41.019689,29.107198,UMRANIYE,OSM
toplanma_alani,,41.104464,29.020059,SARIYER,OSM
toplanma_alani,,41.102091,29.025654,SARIYER,OSM
toplanma_alani,,41.106738,29.022549,SARIYER,OSM
polis,Turizm Polisi,41.005102,28.974975,FATIH,OSM
hastane,Özel Sondurak Ümran Tıp Merkezi,41.024552,29.099987,UMRANIYE,OSM
hastane,Ayazpaşa Aile Sağlığı Merkezi,41.442783,27.920044,,OSM
toplanma_alani,,41.103729,29.022653,SARIYER,OSM
toplanma_alani,,41.103866,29.023225,SARIYER,OSM
toplanma_alani,,41.10476,29.023722,SARIYER,OSM
toplanma_alani,,41.102712,29.021743,SARIYER,OSM
hastane,Psikiyatri Acil,40.98758,28.862376,BAKIRKOY,OSM
hastane,"ATÜ Erişkin Psikiyatri Poliklinikleri, Hasta Hakları, Sosyal İnceleme",40.987513,28.862067,BAKIRKOY,OSM
polis,,41.007225,28.954073,FATIH,OSM
toplanma_alani,Afet ve Acil Durum Toplanma Alanı,40.976344,28.709327,AVCILAR,OSM
hastane,ttt,40.99382,28.916439,ZEYTINBURNU,OSM
itfaiye,İtfaiye,40.877759,29.059846,ADALAR,OSM
hastane,Acıl Girişi,40.84473,29.303637,TUZLA,OSM
polis,Fatih Belediyesi Zabıta Müdürlüğü Laleli Ekip Amirliği,41.010551,28.956816,FATIH,OSM
hastane,Özel Veni Vidi Göz Merkezi Pendik,40.879951,29.260909,PENDIK,OSM
hastane,MASHAR OSMAN PSİKİYATRİ,40.990901,28.860766,BAKIRKOY,OSM
hastane,Hürriyet Aile Sağlığı Merkezi,41.334734,27.980725,,OSM
hastane,Arnavutköy Devlet Hastanesi,41.177622,28.746945,ARNAVUTKOY,OSM
hastane,Gümüşpınar Mahallesi Sağlık Ocağı,41.313353,28.285449,CATALCA,OSM
hastane,Seyyit Savaş Sağlık Ocağı,40.783752,29.370199,,OSM
hastane,Darıca Yeni Ağız ve Diş Hastanesi,40.790783,29.359665,,OSM
hastane,Şişli Hamidiye Etfal Eğitim ve Araştırma Hastanesi,41.037595,28.990061,BEYOGLU,OSM
itfaiye,Pendik İtfaiye İstasyonu,40.88658,29.236732,PENDIK,OSM
hastane,Özel Çapa Hastanesi,41.013322,28.934176,FATIH,OSM
hastane,İstanbul Bezmialem Vakıf Üniversitesi Valide Sultan Gureba Hastanesi,41.018564,28.935984,FATIH,OSM
hastane,Medilife Çapa Hastanesi,41.01483,28.933462,FATIH,OSM
hastane,İstanbul Esnaf Hastanesi,41.014011,28.962191,FATIH,OSM
hastane,İstanbul Eğitim ve Araştırma Hastanesi,41.003248,28.93804,FATIH,OSM
hastane,SBÜ Sultan Abdülhamid Han Eğitim ve Araştırma Hastanesi,41.001102,29.020715,USKUDAR,OSM
hastane,Şişli Etfal Eğitim ve Araştırma Hastanesi,41.057891,28.990688,SISLI,OSM
hastane,Haydarpaşa Numune Eğitim ve Araştırma Hastanesi,41.004774,29.02296,USKUDAR,OSM
hastane,Dr. Lütfi Kırdar Kartal Eğitim ve Araştırma Hastanesi,40.915143,29.173911,KARTAL,OSM
hastane,Okmeydanı Profesör Doktor Cemil Taşçıoğlu Şehir Hastanesi,41.064511,28.974983,SISLI,OSM
hastane,Göztepe Prof. Dr. Süleyman Yalçın Şehir Hastanesi,40.986722,29.057097,KADIKOY,OSM
hastane,Maltepe Üniversitesi Hastanesi,40.925514,29.135113,MALTEPE,OSM
hastane,,41.084095,29.053221,BESIKTAS,OSM
hastane,Acıbadem International Hospital,40.958922,28.835542,BAKIRKOY,OSM
hastane,Fransız Lape Hastanesi,41.06191,28.990584,SISLI,OSM
polis,T. C. K. 1. Bölge Müdürlüğü Ispartakule İstasyonu,41.05879,28.710034,AVCILAR,OSM
hastane,Erenköy Polikliniği,40.972152,29.076394,KADIKOY,OSM
hastane,Fatih Sultan Mehmet Eğitim ve Araştırma Hastanesi,40.971063,29.104884,ATASEHIR,OSM
hastane,Yeditepe Üniversitesi Kozyatağı Hastanesi,40.968911,29.103692,ATASEHIR,OSM
polis,Maltepe Emniyet Müdürlüğü,40.924437,29.131242,MALTEPE,OSM
hastane,Avicenna Hastanesi,40.979303,29.108622,ATASEHIR,OSM
itfaiye,Kadıköy İtfaiye İstasyonu,40.991252,29.033354,KADIKOY,OSM
hastane,,40.971287,29.107633,ATASEHIR,OSM
itfaiye,Çengelköy İtfaiyesi,41.045059,29.076219,USKUDAR,OSM
hastane,Kolan Hospital-Beylikdüzü,41.006688,28.629635,BEYLIKDUZU,OSM
polis,Kadıköy İskele Polis Merkez Amirliği,40.990523,29.019942,KADIKOY,OSM
hastane,Erenköy Ruh ve Sinir Hastalıkları Eğitim ve Araştırma Hastanesi,40.975014,29.088757,KADIKOY,OSM
polis,Topkapı Sarayı Karakolu,41.012789,28.985608,FATIH,OSM
hastane,Emsey Hastanesi,40.92379,29.288872,PENDIK,OSM
hastane,Haydarpaşa Numune Hastanesi Yeldeğirmeni Semt Polikliniği,40.993071,29.029009,KADIKOY,OSM
hastane,Fatih Medical Park Hastanesi,41.014801,28.952261,FATIH,OSM
hastane,Esenyurt Necmi Kadıoğlu Devlet Hastanesi,41.028691,28.668361,ESENYURT,OSM
itfaiye,ÇOSB. İtfaiye,41.314837,27.979746,,OSM
hastane,Büyükçekmece Devlet Hastanesi Gürpınar Poliklinikleri,40.99647,28.607593,BUYUKCEKMECE,OSM
hastane,İstanbul Tıp Merkezi,41.071065,28.999195,SISLI,OSM
polis,Gazi Karakolu,41.108748,28.894125,SULTANGAZI,OSM
polis,Beylerbeyi Sabancı Polis Evi,41.043652,29.043267,USKUDAR,OSM
hastane,Karakoy Sahil Saglik Denetleme Merkezi,41.022036,28.976632,BEYOGLU,OSM
toplanma_alani,Athletic Center,41.034088,29.257874,CEKMEKOY,OSM
toplanma_alani,Acil Durum Toplanma Noktası (T1),41.033571,29.258605,CEKMEKOY,OSM
hastane,Kocaeli Derince Eğitim ve Araştırma Hastanesi,40.76133,29.812227,,OSM
hastane,Körfez Ağız Ve Diş Sağlığı Merkezi,40.766371,29.775939,,OSM
polis,Güneşli Polis Merkez Amirliği,41.035852,28.823297,BAGCILAR,OSM
polis,,41.059344,28.678168,ESENYURT,OSM
hastane,Kocaeli Devlet Hastanesi,40.767268,29.938919,,OSM
hastane,Anadolu Sağlık Merkezi,40.81803,29.352876,,OSM
hastane,Özel Gazi Hastanesi,41.101003,28.898581,SULTANGAZI,OSM
hastane,Seka Devlet Hastanesi,40.763831,29.900096,,OSM
hastane,Dilovası Devlet Hastanesi,40.788352,29.55662,,OSM
hastane,Kocaeli Üniversitesi Tıp Fakültesi Hastanesi,40.824759,29.918997,,OSM
itfaiye,Sultangazi İtfaiye İstasyonu,41.104211,28.889505,SULTANGAZI,OSM
hastane,Florence Nightingale Hastanesi,40.981628,29.041714,KADIKOY,OSM
polis,Kadıköy İlçe Milli Emniyet Müdürlüğü Çocuk Büro Amirliği,40.987667,29.033684,KADIKOY,OSM
hastane,Dünyagöz,40.976843,29.048003,KADIKOY,OSM
hastane,Esenyurt Devlet Hastanesi (Ek Binası),41.032503,28.683015,ESENYURT,OSM
polis,Kadıköy İskele Zabıta,40.991052,29.021287,KADIKOY,OSM
hastane,Tepe Özel Kliniği,41.036528,29.061565,USKUDAR,OSM
hastane,Erenköy Fizik Tedavi ve Rehabilitasyon Hastanesi,40.974839,29.083684,KADIKOY,OSM
polis,Kadıköy İlçe Emniyet Müdürlüğü,40.980873,29.076384,KADIKOY,OSM
hastane,Dr. Siyami Ersek Göğüs Kalp ve Damar Cerrahisi Eğitim ve Araştırma Hastanesi,41.00399,29.024312,USKUDAR,OSM
hastane,Erenköy Fizik Tedavi ve Reahabilitasyon Hastanesi,40.986065,29.065647,KADIKOY,OSM
hastane,Acıbadem Kadıköy Hastanesi,41.007213,29.043035,KADIKOY,OSM
hastane,Medipol,41.004895,29.034072,KADIKOY,OSM
hastane,Özel Intermed Çiftehavuzlar Polikliniği,40.969291,29.053565,KADIKOY,OSM
hastane,İtalyan Hastanesi - Giovanni Alberto Agnelli,41.028438,28.98111,BEYOGLU,OSM
itfaiye,Binkılıç İtfaiye İstasyonu,41.412649,28.181203,CATALCA,OSM
hastane,Sağlık Merkezi,41.203567,29.070135,SARIYER,OSM
hastane,Beylikdüzü Devlet Hastanesi,41.014722,28.624441,BUYUKCEKMECE,OSM
hastane,Medihaus Tıp Merkezi,41.013371,28.656911,ESENYURT,OSM
hastane,Başakşehir Tıp Merkezi,41.105549,28.79345,BASAKSEHIR,OSM
polis,Polis Noktası,41.286499,27.999035,,OSM
polis,,41.293121,28.00139,,OSM
hastane,Çerkezköy Devlet Hastanesi,41.284478,28.011958,,OSM
itfaiye,Sefaköy İtfaiye İstasyonu,41.022194,28.792992,KUCUKCEKMECE,OSM
itfaiye,,41.278341,27.980417,,OSM
hastane,,41.205065,29.041456,SARIYER,OSM
hastane,Delta Hospital,40.94617,29.125119,MALTEPE,OSM
hastane,Maltepe Üniversitesi Kadın Doğum ve Çocuk Hastanesi,40.926035,29.133318,MALTEPE,OSM
polis,Kısıklı Emniyet Müdürlüğü,41.02321,29.058063,USKUDAR,OSM
hastane,Pendik Devlet Hastanesi Kurtköy Semt Polikliniği,40.92537,29.30788,PENDIK,OSM
polis,Beylikdüzü İlçe Emniyet Müdürlüğü,40.982215,28.658432,BEYLIKDUZU,OSM
toplanma_alani,assembly area,41.068848,28.951218,EYUPSULTAN,OSM
hastane,Acıbadem Hospital,41.003559,28.655904,BEYLIKDUZU,OSM
hastane,Marmara Üniversitesi Pendik Eğitim ve Araştırma Hastanesi,40.886761,29.262695,PENDIK,OSM
hastane,Ümraniye Eğitim ve Araştırma Hastanesi,41.032346,29.101272,UMRANIYE,OSM
hastane,İlgi Hastanesi,41.020909,28.866691,GUNGOREN,OSM
hastane,Aile Hastanesi,40.997404,28.866964,BAHCELIEVLER,OSM
polis,Karaköy Polis Merkezi,41.024539,28.979834,BEYOGLU,OSM
itfaiye,,40.99882,28.802955,BAKIRKOY,OSM
itfaiye,Küçükçekmece İtfaiye İstasyonu,40.995407,28.779957,KUCUKCEKMECE,OSM
polis,Karayolları Denetim İstasyonu,41.063644,28.798632,BASAKSEHIR,OSM
polis,Karayolları Denetim İstasyonu,41.061802,28.801982,KUCUKCEKMECE,OSM
hastane,Memorial Bahçelievler Hastanesi,40.993276,28.852743,BAHCELIEVLER,OSM
hastane,Acıbadem Üniversitesi Hastanesi,41.034913,28.778659,KUCUKCEKMECE,OSM
hastane,Mehmet Akif Ersoy Göğüs Kalp Ve Damar Cerrahisi Eğitim Ve Araştırma Hastanesi,41.033376,28.777027,KUCUKCEKMECE,OSM
hastane,Kanuni Sultan Süleyman Eğitim ve Araştırma Hastanesi,41.054645,28.75957,KUCUKCEKMECE,OSM
polis,Beykoz İlçe Emniyet Müdürlüğü,41.093195,29.101667,BEYKOZ,OSM
hastane,Beykoz Devlet Hastanesi Tepeüstü Ek Hizmet Birimi,41.11061,29.086236,BEYKOZ,OSM
polis,Şile Polis Karakolu,41.17408,29.61586,SILE,OSM
polis,Zabıta Daire Başkanlığı,41.013104,28.956888,FATIH,OSM
polis,T.C. Fatih kaymakamlığı ilçe emniyet müdürlüğü Fatih Şehit Tevfik Fikret Erciyas Polis Merkez Amirliği,41.022073,28.945424,FATIH,OSM
hastane,,41.09016,29.005009,KAGITHANE,OSM
polis,Şht. Hayrettin Yıldırım Polis Amirliği,40.998145,29.078845,ATASEHIR,OSM
polis,Ataşehir İlçe Emniyet Müdürlüğü,40.994892,29.106391,ATASEHIR,OSM
hastane,Çayırova Semt Polikliniği,40.825121,29.384006,,OSM
hastane,Özel Avrasya Hastanesi,41.00325,28.906659,ZEYTINBURNU,OSM
hastane,Çatalca İlyas Çokay Devlet Hastanesi,41.135301,28.466649,CATALCA,OSM
polis,İlçe Emniyet Müdürlüğü,41.135897,28.465294,CATALCA,OSM
hastane,Şile Devlet Hastanesi,41.17454,29.616926,SILE,OSM
polis,Jandarma,40.767819,29.424056,,OSM
hastane,Zeynep Kamil Kadın Ve Çocuk Hastalıkları Eğitim Ve Araştırma Hastanesi,41.015126,29.02628,USKUDAR,OSM
hastane,Acıbadem Kozyatağı Hastanesi,40.976691,29.093114,KADIKOY,OSM
hastane,Memorial Şişli Hastanesi,41.061654,28.972733,SISLI,OSM
toplanma_alani,Cevahir AVM Açık Otopark,41.061021,28.994019,SISLI,OSM
hastane,"Yakacık Kadın, Doğum ve Çocuk Hastalıkları Hastanesi",40.917788,29.219018,KARTAL,OSM
hastane,Bezmialem Üniversitesi Dragos Hastanesi,40.909995,29.137977,MALTEPE,OSM
hastane,Bakırköy Dr. Sadi Konuk Eğitim ve Araştırma Hastanesi,40.993747,28.865394,BAKIRKOY,OSM
hastane,Ataşehir Memorial Hastanesi,40.984232,29.10705,ATASEHIR,OSM
hastane,Liv Hospital Ulus,41.060858,29.028496,BESIKTAS,OSM
hastane,Ethica Hastanesi,40.997233,28.872625,BAKIRKOY,OSM
hastane,Saray Devlet Hastanesi,41.437851,27.930365,,OSM
hastane,Üsküdar Devlet Hastanesi,41.015771,29.038962,USKUDAR,OSM
hastane,Özel Diyabet Hastanesi,40.998238,29.033409,KADIKOY,OSM
hastane,Özel Güngören Hastanesi,41.026879,28.871762,GUNGOREN,OSM
hastane,,41.443089,27.902107,,OSM
hastane,Medical Park,40.995828,28.863052,BAHCELIEVLER,OSM
hastane,Acıbadem Fulya Hastanesi,41.055787,28.999566,BESIKTAS,OSM
polis,Ş. Salih Sevgican Polis Merkezi Amirliği,40.992463,29.154259,ATASEHIR,OSM
itfaiye,,41.324557,27.978781,,OSM
hastane,Medipol Üniversitesi Sefaköy Sağlık Uygulama Merkezi Hastanesi,41.014852,28.798311,KUCUKCEKMECE,OSM
polis,,41.325544,27.980735,,OSM
hastane,Özel Ataşehir Hastanesi,40.986082,29.175636,ATASEHIR,OSM
polis,MİMAROBA POLİS MERKEZİ AMİRLİĞİ,41.01266,28.542065,BUYUKCEKMECE,OSM
itfaiye,Ümraniye İtfaiye İstasyonu,41.016115,29.127943,UMRANIYE,OSM
itfaiye,Gaziosmanpaşa İtfaiye İstasyonu,41.079395,28.893356,GAZIOSMANPASA,OSM
hastane,Avicenna Umut Hastanesi,40.890706,29.177652,KARTAL,OSM
hastane,Or-Ayahim Özel Balat Hastanesi,41.038504,28.945609,FATIH,OSM
polis,,40.938738,29.141731,MALTEPE,OSM
polis,Çinili Polis Karakolu,41.023476,29.029656,USKUDAR,OSM
itfaiye,Erenköy İtfaiye İstasyonu,40.976459,29.068476,KADIKOY,OSM
itfaiye,Çerkezköy Belediyesi İtfaiye,41.289749,27.982852,,OSM
itfaiye,,40.900787,29.30396,PENDIK,OSM
hastane,SBÜ Süreyyapaşa Göğüs Hastalıkları Hastanesi,40.950581,29.140552,MALTEPE,OSM
hastane,Veni Vidi Göz,40.97016,29.063021,KADIKOY,OSM
itfaiye,Adalar İtfaiye İstasyonu,40.871673,29.13761,ADALAR,OSM
hastane,Gökjet Özel Havacılık Mesleki ve Teknik Anadolu Lisesi,41.010627,28.532515,BUYUKCEKMECE,OSM
hastane,Özel Çamlık Hastanesi,40.989387,28.870089,BAKIRKOY,OSM
hastane,Yaşar Hastanesi,40.983764,28.872837,BAKIRKOY,OSM
polis,Yenimahalle Polis Karakolu,40.981079,28.880213,BAKIRKOY,OSM
itfaiye,Büyükçekmece İtfaiye İstasyonu,41.012774,28.544927,BUYUKCEKMECE,OSM
itfaiye,Bakırköy İtfaiye İstasyonu,40.98748,28.881645,BAKIRKOY,OSM
polis,Ataköy Polis Merkezi Amirliği,40.980378,28.862266,BAKIRKOY,OSM
hastane,Medical Park Göztepe,40.99,29.077318,KADIKOY,OSM
itfaiye,Saray İtfaiyesi,41.446658,27.933697,,OSM
hastane,Liv Hospital,41.060796,29.028443,BESIKTAS,OSM
hastane,Medicana Böbrek Nakil Merkezi,41.024655,29.082929,USKUDAR,OSM
polis,Ahmet Yesevi Mahallesi Polis Karakolu,40.972333,29.264209,SULTANBEYLI,OSM
itfaiye,Şişli İtfaiye İstasyonu,41.058104,28.966408,SISLI,OSM
polis,Alemdağ Polis Merkezi,41.049129,29.240469,CEKMEKOY,OSM
hastane,Acıbadem Altunizade Hastanesi,41.019022,29.04634,USKUDAR,OSM
itfaiye,Esenler İtfaiye İstasyonu,41.064507,28.867172,ESENLER,OSM
toplanma_alani,Mehmet Bulur Parkı,41.058094,28.841762,BAGCILAR,OSM
hastane,Medipol Mega Hastaneler Kompleksi,41.058232,28.843386,BAGCILAR,OSM
polis,Şenlikköy Polis Karakolu,40.981024,28.793876,BAKIRKOY,OSM
hastane,Marmaraereğlisi İlçe Hastanesi,40.972973,27.931804,,OSM
hastane,Bahçelievler Devlet Hastanesi,41.006244,28.844367,BAHCELIEVLER,OSM
polis,İstanbul Emniyet Müdürlüğü,41.019424,28.937876,FATIH,OSM
hastane,Üniversal Aksaray Hastanesi,41.012634,28.945298,FATIH,OSM
polis,Bayrampaşa Zabıta Müdürlüğü,41.044873,28.894677,BAYRAMPASA,OSM
hastane,Academic Hospital,41.01971,29.035012,USKUDAR,OSM
itfaiye,Kocamustafapaşa İtfaiye İstasyonu,41.009203,28.934043,FATIH,OSM
polis,Cibali Karakolu,41.026313,28.958597,FATIH,OSM
hastane,Bayrampaşa Devlet Hastanesi,41.04202,28.902067,BAYRAMPASA,OSM
toplanma_alani,Mahmutbey Mesleki ve Teknik Anadolu Lisesi,41.061779,28.836831,BAGCILAR,OSM
hastane,Özel Küçükçekmece Hastanesi,40.999616,28.780526,KUCUKCEKMECE,OSM
hastane,Cerrahpaşa Tıp Fakültesi,41.004018,28.941582,FATIH,OSM
itfaiye,Yenişehir İtfaiye İstasyonu,40.940548,29.305217,PENDIK,OSM
hastane,Nisa Hastanesi Acil,40.998961,28.829491,BAHCELIEVLER,OSM
hastane,Nisa Hastanesi,40.999423,28.830243,BAHCELIEVLER,OSM
hastane,Pendik Devlet Hastanesi,40.877107,29.229548,PENDIK,OSM
hastane,Medicana Kadıköy,40.98532,29.038165,KADIKOY,OSM
hastane,Sante Plus Hastanesi,40.998418,28.894347,ZEYTINBURNU,OSM
itfaiye,Karaburun Gönüllü İtfaiye İstasyonu,41.347068,28.682098,ARNAVUTKOY,OSM
polis,Darıca İlçe Emniyeti,40.757637,29.385914,,OSM
hastane,Kaynarca Devlet Hastanesi,40.873453,29.25325,PENDIK,OSM
hastane,Özel Pendik Bölge Hastanesi,40.88279,29.245852,PENDIK,OSM
hastane,Pendik Hospital,40.883569,29.244356,PENDIK,OSM
hastane,Bahat Özel Hastanesi,41.106122,28.860323,SULTANGAZI,OSM
hastane,Yedikule Göğüs Hastalıkları ve Göğüs Cerrahisi Eğitim ve Araştırma Hastanesi,41.002012,28.915276,ZEYTINBURNU,OSM
hastane,Diş Sağlık Merkezi,41.097168,29.091253,BEYKOZ,OSM
polis,Kayaşehir Polis Merkezi Amirliği,41.10403,28.762986,BASAKSEHIR,OSM
hastane,Bezmialem Üniversitesi İlhan Varank Yerleşkesi,41.094972,28.864783,SULTANGAZI,OSM
hastane,Özel Yüzyıl Hastanesi,40.802204,29.440115,,OSM
polis,Gebze Emniyet Müdürlüğü,40.799639,29.438888,,OSM
itfaiye,Yakacık İtfaiye İstasyonu,40.943561,29.214872,KARTAL,OSM
hastane,Bahçeşehir Semt Polikliniği,41.062488,28.683931,BASAKSEHIR,OSM
hastane,İstanbul Gaziosmanpaşa Eğitim ve Araştırma Hastanesi,41.086465,28.898077,GAZIOSMANPASA,OSM
hastane,Cemal Pamuk Aile Sağlığı Merkezi,40.99914,28.785437,KUCUKCEKMECE,OSM
polis,Kanarya Polis Merkezi,41.011128,28.785905,KUCUKCEKMECE,OSM
itfaiye,Sağmalcılar İtfaiye İstasyonu,41.032303,28.912443,BAYRAMPASA,OSM
hastane,Sancaktepe Şehit Prof.Dr. İlhan Varank Eğitim Ve Araştırma Hastanesi,41.005354,29.19622,SANCAKTEPE,OSM
hastane,Haseki Eğitim Ve Araştırma Hastanesi,41.009739,28.899312,ZEYTINBURNU,OSM
polis,T.C. İstanbul Emniyet Müdürlüğü Eğitim Ve Kongre Merkezi,41.012389,28.902284,ZEYTINBURNU,OSM
toplanma_alani,Bağcılar Göztepe Mahallesi Otopark Zemin Üstü Parkı,41.056498,28.835303,BAGCILAR,OSM
itfaiye,Heybeliada İtfaiye İstasyonu,40.876525,29.100033,ADALAR,OSM
polis,Kazım Karabekir Polis Karakolu,41.043165,29.103973,UMRANIYE,OSM
polis,Haliç Polis Merkezi Amirliği,41.038833,28.955196,BEYOGLU,OSM
hastane,Özel Safa Hastanesi,41.022723,28.857204,BAGCILAR,OSM
toplanma_alani,Aşık Şenlik Parkı,41.06109,28.83671,BAGCILAR,OSM
toplanma_alani,Fürüzan Sadık İlkokulu,41.059415,28.834182,BAGCILAR,OSM
hastane,Özel Yaman Cerrahi Tıp Merkezi,41.027416,28.82964,BAGCILAR,OSM
itfaiye,Mahmutbey İtfaiye İstasyonu,41.054195,28.830908,BAGCILAR,OSM
hastane,,41.067872,28.852349,BAGCILAR,OSM
hastane,Özel Akkuş Ağız ve Diş Sağlığı Polikliniği,41.038425,28.827105,BAGCILAR,OSM
itfaiye,Bağcılar İtfaiye İstasyonu,41.05021,28.858584,BAGCILAR,OSM
polis,Sancaktepe İlçe Emniyet Müdürlüğü,40.986821,29.22319,SANCAKTEPE,OSM
hastane,Gaziosmanpaşa Fizik Tedavi Rehabilitasyon Eğitim ve Araştırma Hastanesi,41.089079,28.908326,GAZIOSMANPASA,OSM
hastane,Beykoz Devlet Hastanesi,41.117614,29.098206,BEYKOZ,OSM
hastane,,41.294492,27.998533,,OSM
hastane,Özel Optimed Hastanesi,41.294681,27.998105,,OSM
hastane,Tuzla Devlet Hastanesi,40.84439,29.303256,TUZLA,OSM
itfaiye,Orhanlı İtfaiye İstasyonu,40.885958,29.351816,TUZLA,OSM
hastane,Yakacık Tıp Merkezi,40.920067,29.224354,KARTAL,OSM
hastane,İstinye Devlet Hastanesi,41.115136,29.055756,SARIYER,OSM
hastane,İstinye Devlet Hastanesi,41.114999,29.055412,SARIYER,OSM
hastane,Okan Üniversitesi Diş Hastanesi,40.859123,29.301704,TUZLA,OSM
polis,Yakacık Polis Merkezi,40.916685,29.222516,KARTAL,OSM
hastane,Bolluca Sağlık Ocağı,41.199981,28.762318,ARNAVUTKOY,OSM
hastane,Okan Üniversitesi Hastanesi,40.849257,29.301877,TUZLA,OSM
hastane,Tuzla Termal Tesisleri,40.844869,29.294649,TUZLA,OSM
hastane,Özel Gisbir Hastanesi,40.847634,29.294415,TUZLA,OSM
hastane,Büyükçekmece Mimar Sinan Devlet Hastanesi,41.017107,28.555184,BUYUKCEKMECE,OSM
polis,Acıbadem Polis Merkezi,41.008614,29.036832,KADIKOY,OSM
hastane,İstanbul Florence Nightingale Hastanesi,41.069558,28.983983,SISLI,OSM
itfaiye,Davutpaşa İtfaiye İstasyonu,41.026319,28.894834,ESENLER,OSM
hastane,Lokman Hekim Hastanesi,40.925263,29.291189,PENDIK,OSM
polis,Yenişehir Polis Karakolu,40.924859,29.301306,PENDIK,OSM
toplanma_alani,Aşık Şenlik Ortaokulu,41.057578,28.837945,BAGCILAR,OSM
polis,Şehit Adil Gözalıcı Polis Merkezi,40.877024,29.236613,PENDIK,OSM
hastane,Marmara Üniversitesi Prof. Dr. Asaf Ataseven Hastanesi,40.950615,29.138255,MALTEPE,OSM
hastane,,40.949184,29.138992,MALTEPE,OSM
hastane,,40.949149,29.139491,MALTEPE,OSM
hastane,VM Medical Park Pendik,40.880631,29.256522,PENDIK,OSM
hastane,Özel Pendik Yüzyıl Hastanesi,40.879247,29.261298,PENDIK,OSM
polis,Çamçeşme Polis Merkezi Amirliği,40.878471,29.270909,PENDIK,OSM
itfaiye,,41.069171,29.663203,SILE,OSM
hastane,Darıca Farabi Eğitim ve Araştırma Hastanesi,40.770695,29.406595,,OSM
hastane,Kurtköy Ersoy Hastanesi,40.910619,29.298019,PENDIK,OSM
polis,Ümraniye Çocuk Büro Amirliği,41.006605,29.110823,UMRANIYE,OSM
itfaiye,Çanta İtfaiye İstasyonu,41.085719,28.079539,SILIVRI,OSM
polis,Kocaeli Emniyeti Asayiş Şube Müdürlüğü,40.762473,29.934531,,OSM
hastane,Yeditepe Üniversitesi İhtisas Hastanesi,41.004097,29.031282,KADIKOY,OSM
polis,Pendik İlçe Emniyet Müdürlüğü,40.880315,29.244736,PENDIK,OSM
hastane,Medicana Ataşehir Hastanesi,40.983544,29.106998,ATASEHIR,OSM
itfaiye,Güngören İtfaiye İstasyonu,41.016936,28.888463,GUNGOREN,OSM
itfaiye,Florya İtfaiye İstasyonu,40.963116,28.807952,BAKIRKOY,OSM
hastane,Maltepe Altayçeşme Devlet Hastanesi,40.936871,29.134991,MALTEPE,OSM
hastane,Ersoy Hastanesi,40.933152,29.134705,MALTEPE,OSM
polis,,41.022888,29.059042,USKUDAR,OSM
hastane,Özel Baypark Hospital,41.063023,28.891076,BAYRAMPASA,OSM
hastane,Mehmet Toprak Hastanesi,40.917211,29.145629,MALTEPE,OSM
hastane,Medical Park İstanbul Onkoloji Hastanesi,40.92241,29.153669,MALTEPE,OSM
hastane,Özel Medicine Hospital Güneşli,41.030151,28.838502,BAGCILAR,OSM
hastane,Yavuz Selim Devlet Hastanesi Poliklinikleri,40.901587,29.204514,KARTAL,OSM
itfaiye,Kartal İtfaiye İstasyonu,40.891746,29.195636,KARTAL,OSM
hastane,Dünyagöz,40.984392,29.111463,ATASEHIR,OSM
itfaiye,Mecidiyeköy İtfaiye İstasyonu,41.065889,28.996805,SISLI,OSM
itfaiye,Sancaktepe İtfaiye İstasyonu,41.015556,29.244626,SANCAKTEPE,OSM
itfaiye,Kağıthane İtfaiye İstasyonu,41.086276,28.964931,EYUPSULTAN,OSM
hastane,Moodist Psikiyatri ve Nöroloji Hastanesi,41.002348,29.053414,USKUDAR,OSM
hastane,Acıbadem Ataşehir Hastanesi,40.994583,29.127067,ATASEHIR,OSM
hastane,112 Acil Anadolu Komuta Kontrol Merkezi,41.007587,29.030447,USKUDAR,OSM
itfaiye,Üsküdar İtfaiye İstasyonu,41.019848,29.011682,USKUDAR,OSM
hastane,Optimed Kapaklı,41.325433,27.979396,,OSM
hastane,Ataşehir Ağız ve Diş Sağlığı Hastanesi,40.990687,29.109163,ATASEHIR,OSM
polis,Çekmeköy İlçe Emniyet Müdürlüğü,41.031402,29.232962,CEKMEKOY,OSM
hastane,Acıbadem Ataşehir Cerrahi Tıp Merkezi,40.985603,29.108687,ATASEHIR,OSM
polis,Haliç Polis Merkezi Amirliği,41.038862,28.955271,BEYOGLU,OSM
hastane,Acıbadem Bahçeşehir Hastanesi,41.062669,28.688391,BASAKSEHIR,OSM
hastane,Medicana Çamlıca Hastanesi,41.024711,29.08346,USKUDAR,OSM
hastane,Medicana,41.024308,29.082551,USKUDAR,OSM
itfaiye,Silivri İtfaiye İstasyonu,41.076202,28.255457,SILIVRI,OSM
hastane,Özel İlke Hastanesi,40.997628,28.834856,BAHCELIEVLER,OSM
hastane,Ataköy Hastanesi,40.99253,28.840643,BAHCELIEVLER,OSM
hastane,Sultantepe ASM,41.028381,29.02113,USKUDAR,OSM
hastane,Taksim Eğitim ve Araştırma Hastanesi,41.033091,28.983133,BEYOGLU,OSM
hastane,Beykoz Devlet Hastanesi Toplum Ruh Sağlığı Merkezi,41.153927,29.093447,BEYKOZ,OSM
polis,C Bölgesi Trafik Amirliği,40.980424,29.056404,KADIKOY,OSM
hastane,Başakşehir Çam ve Sakura Şehir Hastanesi,41.104526,28.776427,BASAKSEHIR,OSM
hastane,Özel Avrupa Tıp Merkezi,41.025705,28.685186,ESENYURT,OSM
itfaiye,Alibeyköy İtfaiye İstasyonu,41.07987,28.937217,EYUPSULTAN,OSM
hastane,SBÜ Bağcılar Eğitim ve Araştırma Hastanesi Güneşli Semt Polikliniğ,41.035658,28.832284,BAGCILAR,OSM
hastane,Mehmet Remzi Önecek Aile Sağlığı Merkezi,41.040604,28.6714,ESENYURT,OSM
polis,Silivri Bölge Trafik Denetleme İstasyon Amirliği,41.07837,28.239043,SILIVRI,OSM
hastane,Teke Köyü Sağlık Evi,41.068836,29.66488,SILE,OSM
hastane,Sancaktepe Prof. Dr. Feriha Öz Acil Durum Hastanesi,41.000213,29.210586,SANCAKTEPE,OSM
hastane,Kartal Dr Lütfi Kırdar Eğitim ve Araştırma Hastane Polİklİnİklerİ,40.917025,29.171003,KARTAL,OSM
polis,Beşiktaş İlçe Emniyet Müdürlüğü Çocuk Büro Amirliği,41.078333,29.044433,BESIKTAS,OSM
polis,Taşdelen Emniyet Müdürlüğü,41.03324,29.235198,CEKMEKOY,OSM
itfaiye,Avcılar İtfaiye İstasyonu,40.993546,28.712981,AVCILAR,OSM
polis,Şile İlçe Emniyet,41.177871,29.612018,SILE,OSM
hastane,İstanbul Fizik Tedavi ve Rehabilitasyon Eğitim Ve Araştırma Hastanesi,40.995288,28.854609,BAHCELIEVLER,OSM
hastane,Sarıyer İsmail Akgün Devlet Hastanesi,41.169436,29.056699,SARIYER,OSM
hastane,,40.993576,28.66931,BEYLIKDUZU,OSM
hastane,,40.986723,29.111609,ATASEHIR,OSM
itfaiye,Beylikdüzü İtfaiye İstasyonu,40.99828,28.643533,BEYLIKDUZU,OSM
hastane,Büyük Çavuşlu Aile Sağlığı Mer. (Medical Clinic),41.239128,28.064495,SILIVRI,OSM
hastane,Silivri Kolan Hastanesi,41.072081,28.258437,SILIVRI,OSM
hastane,Acıbadem Dr. Şinasi Can (Kadıköy) Hastanesi,41.00716,29.042913,KADIKOY,OSM
polis,,41.036058,28.977337,BEYOGLU,OSM
hastane,Yedikule Surp Pırgiç Ermeni Hastanesi,40.993903,28.915402,ZEYTINBURNU,OSM
hastane,,40.832329,29.31673,TUZLA,OSM
itfaiye,Ataşehir İtfaiye İstasyonu,40.979275,29.147104,ATASEHIR,OSM
hastane,Özel Cenk Teker Tıp Merkezi,41.078813,28.25612,SILIVRI,OSM
hastane,AsMed,40.992102,29.116054,ATASEHIR,OSM
hastane,Ataşehir Florence Nightingale,40.984549,29.109271,ATASEHIR,OSM
hastane,Özel Ataşehir Florence Nightingale Hastanesi,40.984778,29.108771,ATASEHIR,OSM
hastane,Esthetica,40.985173,29.110004,ATASEHIR,OSM
hastane,Beykent Üniversitesi Hastanesi,41.017543,28.62623,BUYUKCEKMECE,OSM
itfaiye,Beykent İtfaiye İstasyonu,41.017388,28.620998,BUYUKCEKMECE,OSM
hastane,Özel Kudret Göz Hastanesi,40.998136,29.032981,KADIKOY,OSM
polis,,40.995145,29.04155,KADIKOY,OSM
itfaiye,,40.792352,29.551005,,OSM
hastane,Çağıner Hastanesi,40.996204,29.045169,KADIKOY,OSM
polis,Beşiktaş Trafik Büro Amirliği,41.045936,29.016689,BESIKTAS,OSM
itfaiye,Ünalan İtfaiye İstasyonu,41.001782,29.072279,USKUDAR,OSM
polis,Beşiktaş İlçe Emniyet Müdürlüğü,41.045418,29.016451,BESIKTAS,OSM
polis,Hereke Polis Karakolu,40.784854,29.616641,,OSM
hastane,Gebze Fatih Devlet Hastanesi,40.790666,29.420526,,OSM
hastane,Küçükçekmece Ağız ve Diş Sağlığı Merkezi,41.021805,28.790296,KUCUKCEKMECE,OSM
hastane,Sultangazi Haseki Eğitim ve Araştırma Hastanesi,41.104748,28.87312,SULTANGAZI,OSM
hastane,Central Hospital,40.96591,29.100212,KADIKOY,OSM
hastane,Erdem Hastanesi,41.025167,29.082224,USKUDAR,OSM
hastane,Silivri Devlet Hastanesi,41.077912,28.250086,SILIVRI,OSM
hastane,Sultanbeyli Devlet Hastanesi,40.985375,29.283711,SULTANBEYLI,OSM
hastane,Sarıyer Hamidiye Etfal Eğitim ve Araştırma Hastanesi,41.157815,29.027561,SARIYER,OSM
polis,,40.984336,28.721325,AVCILAR,OSM
hastane,Zeytinburnu Yesiltepe Aile Sağlık Merkezi,40.991171,28.89786,ZEYTINBURNU,OSM
hastane,Çerkezköy Organize Sanayi Bölgesi Kapaklı Devlet Hastanesi,41.336643,27.992232,,OSM
polis,Üsküdar İlçe emniyet müdürlüğü,41.023899,29.027078,USKUDAR,OSM
polis,silivri ilçe emniyet müdürlüğü,41.072101,28.269262,SILIVRI,OSM
polis,Silivri İlçe Emniyet Müdürlüğü Police department,41.072027,28.269945,SILIVRI,OSM
polis,T.C.K. 1. Bölge Müdürlüğü Avcılar İstasyonu,41.049999,28.686249,ESENYURT,OSM
polis,T. C. K. 1. Bölge Müdürlüğü Esenyurt İstasyonu,41.054602,28.676664,ESENYURT,OSM
polis,T. C. K. 1. Bölge Müdürlüğü Esenyurt İstasyonu,41.053154,28.674203,ESENYURT,OSM
polis,T. C. K. 1. Bölge Müdürlüğü Hadımköy İstasyonu,41.086241,28.631781,ESENYURT,OSM
itfaiye,Kavacık İtfaiye İstasyonu,41.09342,29.098696,BEYKOZ,OSM
itfaiye,Yavuz Sultan Selim İtfaiye İstasyonu,41.225397,29.034226,SARIYER,OSM
polis,,41.035836,28.823258,BAGCILAR,OSM
itfaiye,ARFF 3,41.275357,28.752304,ARNAVUTKOY,OSM
itfaiye,ARFF 2,41.283872,28.713252,ARNAVUTKOY,OSM
hastane,Anadolu Hastanesi,41.082456,28.224431,SILIVRI,OSM
hastane,Girne Aile Sağlığı Merkezi,40.942844,29.139255,MALTEPE,OSM
hastane,Kartal Kızılay Hastanesi,40.890892,29.181978,KARTAL,OSM
hastane,Kadıköy Verem Savaş Dispanseri,40.992901,29.033355,KADIKOY,OSM
hastane,Çekmeköy İlçe Sağlık Müdürlüğü,41.036867,29.1758,CEKMEKOY,OSM
hastane,Üsküdar Cezmi Or Verem Savaş Dispanseri,41.018026,29.012186,USKUDAR,OSM
hastane,Ümraniye Verem Savaş Dispanseri,41.029998,29.089417,UMRANIYE,OSM
hastane,Kartal Dr. Lütfi Kırdar Eğitim ve Araştırma Hastanesi Büyükada Ek Hizmet Binası,40.869982,29.127896,ADALAR,OSM
hastane,Medistanbul Hastanesi,41.09279,28.904795,SULTANGAZI,OSM
hastane,Seyrantepe Hamidiye Etfal Eğitim ve Araştırma Hastanesi,41.103674,28.996108,SARIYER,OSM
itfaiye,Eyüpsultan İtfaiye İstasyonu,41.048144,28.919433,EYUPSULTAN,OSM
polis,Eyüpsultan İlçe Emniyet Müdürlüğü Trafik Tescil Büro Amirliği,41.048232,28.919722,EYUPSULTAN,OSM
polis,,40.764757,29.948875,,OSM
polis,,41.02328,29.058384,USKUDAR,OSM
polis,,41.023137,29.058747,USKUDAR,OSM
polis,,41.023394,29.057846,USKUDAR,OSM
polis,,41.023311,29.057684,USKUDAR,OSM
polis,Bahçeşehir Jandarma Karakolu Komutanlığı,41.066743,28.682426,BASAKSEHIR,OSM
polis,Çerkezköy Jandarma Karakolu,41.292699,28.001436,,OSM
hastane,Özel Abat Cerrahi Tıp Merkezi,40.988868,28.660458,BEYLIKDUZU,OSM
hastane,Eyüpsultan Devlet Hastanesi,41.057438,28.940745,EYUPSULTAN,OSM
polis,Şişli İlçe Emniyet Müdürlüğü,41.067033,28.994964,SISLI,OSM
polis,Kıyı Emniyeti Genel Müdürlüğü Hasdal Yerleşkesi,41.117554,28.941758,EYUPSULTAN,OSM
polis,Çağlayan Polis Merkezi Amirliği,41.071307,28.980873,KAGITHANE,OSM
polis,Alibeyköy Polis Merkezi,41.076388,28.944352,EYUPSULTAN,OSM
polis,İl Jandarma Komutanlığı,40.760998,29.947512,,OSM
itfaiye,Kınalıada İtfaiye İstasyonu,40.907006,29.055844,ADALAR,OSM
itfaiye,Burgazada İtfaiye İstasyonu,40.87939,29.070227,ADALAR,OSM
polis,Güngören İlçe Emniyet Müdürlüğü Merter Polis Merkezi,41.016725,28.884315,GUNGOREN,OSM
polis,,41.017415,28.897325,GUNGOREN,OSM
itfaiye,Akşemsettin İtfaiye İstasyonu,41.091799,28.917217,GAZIOSMANPASA,OSM
hastane,Mercan Hastanesi,40.828399,29.307574,TUZLA,OSM
itfaiye,Şehit Taner Çebi Su Altı Arama Kurtarma İstasyonu,40.999747,28.953307,FATIH,OSM
polis,,40.99249,29.154159,ATASEHIR,OSM
hastane,Kızılay Altıntepe Tıp Merkezi,40.955005,29.104634,MALTEPE,OSM
hastane,Özel Bölge Hastanesi,41.005652,29.215469,SANCAKTEPE,OSM
polis,,40.986877,29.223498,SANCAKTEPE,OSM
hastane,,40.981875,29.220954,SANCAKTEPE,OSM
hastane,,40.982077,29.221955,SANCAKTEPE,OSM
polis,Sancaktepe Polis Merkezi,40.98589,29.227554,SANCAKTEPE,OSM
hastane,Medical Park Hastanesi Ataşehir,40.987814,29.144366,ATASEHIR,OSM
polis,,41.108036,28.911645,SULTANGAZI,OSM
polis,Karadeniz Şehit Gökhan Topçu Polis Merkezi,41.082428,28.881923,GAZIOSMANPASA,OSM
polis,Şehit Mustafa Tezcan Polis Merkezi Amirliği,41.111914,28.849246,SULTANGAZI,OSM
polis,,41.019942,28.907184,ZEYTINBURNU,OSM
itfaiye,Karacaköy İtfaiye İstasyonu,41.155541,29.759693,SILE,OSM
itfaiye,Bağçeşme İtfaiye Müfrezesi,40.771164,29.921013,,OSM
hastane,Kadıköy Florence Nightingale Tıp Merkezi,40.980989,29.042415,KADIKOY,OSM
itfaiye,Tuzla Sahil İtfaiye İstasyonu,40.815073,29.311484,TUZLA,OSM
polis,Polis Karakolu,40.981153,28.857453,BAKIRKOY,OSM
polis,Arnavutköy Polis Merkezi,41.067792,29.044778,BESIKTAS,OSM
polis,Darıca İlçe Emniyet Müdürlüğü,40.789387,29.365991,,OSM
itfaiye,,40.796629,29.39765,,OSM
polis,Devriye Ekipler Amirliği,40.973497,29.092901,KADIKOY,OSM
hastane,Kadıköy Belediyesi Dr. Rana Beşe Sağlık Polikinliği,40.987953,29.048281,KADIKOY,OSM
hastane,Bayındır Hastanesi İçerenköy,40.966934,29.110558,ATASEHIR,OSM
hastane,Merkez Prime Hastanesi,40.821366,29.417835,,OSM
hastane,Medical Park,40.804263,29.439738,,OSM
polis,Sümer Polis Merkezi Amirliği,40.768079,29.902216,,OSM
hastane,Beyciler Sağlık Evi,41.2297,28.115841,SILIVRI,OSM
polis,Yenikent Polis Merkez Amirliği,40.768439,29.809476,,OSM
polis,Derince İlçe Emniyet Müdürlüğü,40.781697,29.810935,,OSM
toplanma_alani,assembly area,41.073086,28.948914,EYUPSULTAN,OSM
toplanma_alani,assembly area,41.072046,28.948218,EYUPSULTAN,OSM
polis,Security Checkpoint,41.037845,28.996126,BESIKTAS,OSM
hastane,Yeşilköy Prof. Dr. Murat Dilmener Acil Durum Hastanesi,40.970244,28.808155,BAKIRKOY,OSM
itfaiye,Kuzey Marmara İtfaiye İstasyonu,41.165414,28.37338,CATALCA,OSM
polis,,41.107866,28.912016,SULTANGAZI,OSM
hastane,Özel Esencan Hastanesi,41.033385,28.676544,ESENYURT,OSM
polis,Kuruçeşme Polis Karakolu,40.76496,29.875808,,OSM
hastane,Şile Devlet Hastanesi,41.162263,29.572415,SILE,OSM
polis,Çayırova İlçe Emniyet Müdürlüğü Binası,40.835897,29.394277,,OSM
hastane,Dünya Göz Suadiye,40.961115,29.07502,KADIKOY,OSM
hastane,Başkent Üniversitesi İstanbul Sağlık Uygulama ve Araştırma Merkezi Hastanesi,41.024908,29.041195,USKUDAR,OSM
polis,,41.030317,28.952453,FATIH,OSM
hastane,Tuzla Ağız ve Diş Sağlığı Polikliniği,40.823699,29.353906,TUZLA,OSM
hastane,Özel Bahçelievler Medicana Hastanesi,41.006468,28.870078,BAHCELIEVLER,OSM
hastane,İstanbul Göz Hastanesi,41.001157,28.871111,BAHCELIEVLER,OSM
hastane,Özel Bahçelievler Medicana Hastanesi,41.006745,28.869872,BAHCELIEVLER,OSM
hastane,Aktif International Hastanesi Bahçelievler,41.007167,28.869588,BAHCELIEVLER,OSM
hastane,,40.995831,28.863057,BAHCELIEVLER,OSM
itfaiye,Ümraniye İtfaiye İstasyonu,41.016133,29.128022,UMRANIYE,OSM
polis,,41.184391,28.735685,ARNAVUTKOY,OSM
polis,Arnavutköy Kaymakamlığı İlçe Jandarma Komutanlığı,41.184417,28.735652,ARNAVUTKOY,OSM
itfaiye,Maltepe İtfaiye İstasyonu,40.9296,29.145157,MALTEPE,OSM
itfaiye,Ortaköy İtfaiye İstasyonu,41.069569,29.041983,BESIKTAS,OSM
polis,Güvercintepe Polis Merkezi,41.073145,28.749916,BASAKSEHIR,OSM
itfaiye,Kocaeli İtfaiyesi,40.752645,29.948202,,OSM
itfaiye,Esenyurt İtfaiye İstasyonu,41.037408,28.669532,ESENYURT,OSM
itfaiye,Derince İtfaiye müfrezesi,40.757955,29.815204,,OSM
itfaiye,,40.757833,29.815402,,OSM
polis,Silivri ilçe Emniyet Müdürlüğü,41.076098,28.249141,SILIVRI,OSM
itfaiye,Kocasinan İtfaiye Okulu,41.014165,28.836629,BAHCELIEVLER,OSM
itfaiye,Bahçelievler (Kocasinan) İtfaiye İstasyonu,41.014051,28.837039,BAHCELIEVLER,OSM
hastane,,41.095677,29.053572,SARIYER,OSM
hastane,,41.095672,29.053913,SARIYER,OSM
hastane,,41.09542,29.053424,SARIYER,OSM
hastane,,41.095388,29.053606,SARIYER,OSM
hastane,,41.095367,29.053796,SARIYER,OSM
hastane,,41.096389,29.053619,SARIYER,OSM
hastane,Sultangazi İlçe Sağlık Müdürlüğü,41.096133,28.867014,SULTANGAZI,OSM
hastane,Lema Clinic,41.052588,28.796045,KUCUKCEKMECE,OSM
polis,Şht. Bülent Üstün Polis Merkezi,40.995203,28.908218,ZEYTINBURNU,OSM
polis,Zeytinburnu İlçe Emniyet Müdürlüğü,40.995532,28.908564,ZEYTINBURNU,OSM
polis,,40.995272,28.908425,ZEYTINBURNU,OSM
polis,Şehit Abdülkadir Sirma Polis Merkezi Amirliği,41.06294,28.718049,AVCILAR,OSM
hastane,İrmet Hastanesi,41.293619,27.995115,,OSM
polis,Gaziosmanpaşa İlçe Emniyet Müdürlüğü,41.087071,28.901244,GAZIOSMANPASA,OSM
polis,Silivri İlçe Jandarma Komutanlığı,41.091043,28.248973,SILIVRI,OSM
hastane,Bayrampaşa İlçe Sağlık Müdürlüğü,41.068,28.884204,BAYRAMPASA,OSM
polis,,41.086995,28.901234,GAZIOSMANPASA,OSM
hastane,Başakşehir Devlet Hastanesi,41.1185,28.808689,BASAKSEHIR,OSM
itfaiye,İstanbul İtfaiyesi,41.0165,28.953516,FATIH,OSM
polis,Alibeyköy Şehit Atıf Ödül Polis Merkezi,41.080463,28.934454,EYUPSULTAN,OSM
polis,Büyükkılıçlı Jandarma Komutanlığı,41.16158,28.189198,SILIVRI,OSM
polis,,41.015476,29.200911,CEKMEKOY,OSM
polis,,41.10452,28.801842,BASAKSEHIR,OSM
hastane,Medipol Üniversitesi Esenler Hastanesi,41.051259,28.866294,ESENLER,OSM
hastane,Medipol Üniversitesi Esenler Hastanesi,41.051388,28.866198,ESENLER,OSM
hastane,Avicenna Hastanesi,41.040833,28.88102,ESENLER,OSM
hastane,T.C. Sağlık Bakanlığı Esenler 8 No'lu Aile Sağlığı Merkezi,41.04359,28.863019,ESENLER,OSM
hastane,,41.055544,28.869131,ESENLER,OSM
hastane,Esenler Kadın Doğum ve Çocuk Hastalıkları Hastanesi,41.055978,28.869111,ESENLER,OSM
hastane,,41.055607,28.86912,ESENLER,OSM
hastane,,41.059795,28.774221,KUCUKCEKMECE,OSM
itfaiye,Körfez Hereke İtfaiye Müfrezesi,40.785329,29.621039,,OSM
hastane,Derince EAH Hereke Semt Polikliniği,40.784314,29.614424,,OSM
polis,,41.004468,29.109199,UMRANIYE,OSM
hastane,,41.006642,28.869899,BAHCELIEVLER,OSM
hastane,Kağıthane Kızılay Hastanesi,41.082675,28.970883,KAGITHANE,OSM
polis,Sarıgazi Polis Merkezi,41.009299,29.215479,SANCAKTEPE,OSM
polis,Körfez Yarımca Polis Karakolu,40.772982,29.757838,,OSM
hastane,S life hastanesi,41.039855,28.652187,ESENYURT,OSM
itfaiye,İstanbul Havalimanı İtfaiyesi,41.249157,28.745932,ARNAVUTKOY,OSM
hastane,Acıbadem Maslak Hastanesi,41.127429,29.025198,SARIYER,OSM
polis,Çengelköy Sabancı Polis Merkezi Amirliği,41.050695,29.052374,USKUDAR,OSM
hastane,,41.002478,29.045479,KADIKOY,OSM
hastane,İstanbul Meslek Hastalıkları Hastanesi,40.94901,29.138794,MALTEPE,OSM
hastane,Memorial,40.99082,29.079859,ATASEHIR,OSM
itfaiye,,40.869214,29.080122,ADALAR,OSM
hastane,Acıbadem Ataşehir Hastanesi,40.994411,29.12688,ATASEHIR,OSM
polis,Körfez Tütünçiftlik Polis Karakolu,40.752409,29.788292,,OSM
hastane,Erdem Hastanesi,41.040129,28.825444,BAGCILAR,OSM
polis,T.C. Bahçelievler Kaymakamlığı İlçe Emniyet Müdürlüğü Şehit Vehbi Erdoğan Polis Merkezi Amirliği,41.005752,28.8653,BAHCELIEVLER,OSM
hastane,,40.873585,29.253536,PENDIK,OSM
hastane,Bakırköy Prof. Dr. Mazhar Osman Ruh Sağlığı ve Sinir Hastalıkları Eğitim ve Araştırma Hastanesi,40.989018,28.861968,BAKIRKOY,OSM
hastane,Özel Florya Hastanesi,40.979951,28.747596,AVCILAR,OSM
hastane,Avcılar Murat Kölük Devlet Hastanesi,40.984753,28.73128,AVCILAR,OSM
itfaiye,Zeynep Kamil İtfaiye İstasyonu,41.013841,29.024383,USKUDAR,OSM
polis,Kıyı Emniyeti Genel Müdürlüğü,41.041235,29.037519,USKUDAR,OSM
polis,Gürpınar Polis Merkezi,40.996203,28.618248,BEYLIKDUZU,OSM
toplanma_alani,Şehit Ramazan Sarıkaya Anadolu İmam-Hatip Lisesi,41.05596,28.840372,BAGCILAR,OSM
polis,,41.078707,28.997394,KAGITHANE,OSM
hastane,Esenler Kadın Doğum Hastanesi,41.055807,28.869139,ESENLER,OSM
hastane,,41.058769,28.907578,GAZIOSMANPASA,OSM
hastane,Acıbadem Kartal Hastanesi,40.886381,29.207251,KARTAL,OSM
hastane,Medipol Üniversitesi Çamlıca Hastanesi,41.023317,29.082057,USKUDAR,OSM
polis,İstanbul Valilik Lojmanı Polis Noktası,40.974943,28.781996,BAKIRKOY,OSM
polis,İstanbul Valilik Lojmanı Polis Noktası,40.975174,28.781846,BAKIRKOY,OSM
polis,İstanbul Valilik Lojmanı Polis Noktası,40.975082,28.781687,BAKIRKOY,OSM
polis,Saray Kaymakamlık Lojmanı Polis Noktası,41.442895,27.917092,,OSM
polis,Avcılar Kaymakamlık Lojmanı Polis Noktası,40.971861,28.719765,AVCILAR,OSM
polis,Bahçelievler Kaymakamlık Lojmanı Polis Noktası,41.005362,28.866171,BAHCELIEVLER,OSM
polis,Dilovası Kaymakamlık Lojmanı Polis Noktası,40.77052,29.574289,,OSM
polis,Derince Kaymakamlık Lojmanı Polis Noktası,40.752071,29.813141,,OSM
polis,İzmit Kaymakamlık Lojmanı Polis Noktası,40.795355,29.949481,,OSM
polis,Tuzla Kaymakamlık Lojmanı Polis Noktası,40.814876,29.311642,TUZLA,OSM
polis,Kartal Bölge Trafik Denetleme Şube Müdürlüğü,40.909161,29.205121,KARTAL,OSM
hastane,Megapol Hastanesi,40.916121,29.199476,KARTAL,OSM
hastane,Aksu Özel Göztepe Hastanesi,40.98779,29.061993,KADIKOY,OSM
polis,Çatalca Kaymakamlık Lojmanı Polis Noktası,41.158255,28.455786,CATALCA,OSM
polis,Büyükçekmece Kaymakamlık Lojmanı Polis Noktası,41.020402,28.575538,BUYUKCEKMECE,OSM
polis,Kartal Kaymakamlık Lojmanı Polis Noktası,40.889415,29.182452,KARTAL,OSM
polis,,40.980492,29.055449,KADIKOY,OSM
hastane,Pendik Medipol Üniversitesi Hastanesi,40.88456,29.23513,PENDIK,OSM
toplanma_alani,Şeyh Şamil Parkı,41.056853,28.834689,BAGCILAR,OSM
toplanma_alani,2356. Sokak Parkı,41.055205,28.83231,BAGCILAR,OSM
polis,,40.993889,29.100639,ATASEHIR,OSM
hastane,Central Hospital,40.979256,29.110719,ATASEHIR,OSM
itfaiye,Dudullu İtfaiye İstasyonu,41.001117,29.17863,UMRANIYE,OSM
hastane,,40.987901,29.144419,ATASEHIR,OSM
hastane,,40.933357,29.12405,MALTEPE,OSM
polis,,40.924475,29.131169,MALTEPE,OSM
hastane,İbni Sina Hastanesi,40.900876,29.167207,KARTAL,OSM
hastane,,41.037552,29.235086,CEKMEKOY,OSM
polis,Fatih İlçe Emniyet Müdürlüğü,41.011287,28.977335,FATIH,OSM
polis,,41.019914,28.938487,FATIH,OSM
polis,,41.022928,28.934062,FATIH,OSM
polis,,41.022979,28.934038,FATIH,OSM
itfaiye,Seyrantepe İtfaiye İstasyonu,41.095967,28.988798,KAGITHANE,OSM
polis,Körfez Kaymakamlık Lojmanı Polis Noktası,40.771246,29.765197,,OSM
hastane,,40.831247,29.424543,,OSM
itfaiye,Şile İtfaiye İstasyonu,41.17627,29.61993,SILE,OSM
itfaiye,Ağva İtfaiye İstasyonu,41.137187,29.856171,SILE,OSM
itfaiye,Bozhane İtfaiye İstasyonu,41.162022,29.273278,BEYKOZ,OSM
itfaiye,Beykoz İtfaiye İstasyonu,41.134256,29.098329,BEYKOZ,OSM
hastane,Özel Körfez Marmara Hastanesi,40.759857,29.787633,,OSM
itfaiye,Tuzla OSB İtfaiye İstasyonu,40.877725,29.398943,TUZLA,OSM
itfaiye,Çavuşbaşı İtfaiye İstasyonu,41.074426,29.139055,BEYKOZ,OSM
itfaiye,Çekmeköy İtfaiye İstasyonu,41.020954,29.180883,CEKMEKOY,OSM
itfaiye,Tuzla İtfaiye İstasyonu,40.857262,29.293843,TUZLA,OSM
itfaiye,Kurtköy İtfaiye İstasyonu,40.908578,29.293642,PENDIK,OSM
itfaiye,Sultanbeyli İtfaiye İstasyonu,40.969474,29.26688,SULTANBEYLI,OSM
itfaiye,Büyükbakkalköy İtfaiye İstasyonu,40.972528,29.206112,MALTEPE,OSM
itfaiye,Ömerli İtfaiye İstasyonu,41.079803,29.333868,CEKMEKOY,OSM
itfaiye,Battalgazi İtfaiye İstasyonu,40.994076,29.284741,SULTANBEYLI,OSM
itfaiye,Zeytinburnu İtfaiye İstasyonu,40.993038,28.912181,ZEYTINBURNU,OSM
itfaiye,Eminönü İtfaiye İstasyonu,41.009456,28.976265,FATIH,OSM
itfaiye,Beşiktaş İtfaiye İstasyonu,41.049003,29.019249,BESIKTAS,OSM
itfaiye,Sarıyer İtfaiye İstasyonu,41.160092,29.039022,SARIYER,OSM
itfaiye,İstinye İtfaiye İstasyonu,41.114911,29.05477,SARIYER,OSM
itfaiye,Hacıosman İtfaiye İstasyonu,41.135923,29.026458,SARIYER,OSM
itfaiye,Sarıyer İtfaiye İstasyonu,41.186209,29.04307,SARIYER,OSM
itfaiye,Sadabat İtfaiye İstasyonu,41.065642,28.956027,KAGITHANE,OSM
itfaiye,Balat İtfaiye İstasyonu,41.030622,28.952022,FATIH,OSM
itfaiye,Değirmenköy İtfaiye İstasyonu,41.094276,28.001431,SILIVRI,OSM
itfaiye,,41.048762,28.051124,SILIVRI,OSM
itfaiye,Büyükçavuşlu İtfaiye İstasyonu,41.246438,28.064976,SILIVRI,OSM
itfaiye,Selimpaşa İtfaiye İstasyonu,41.059396,28.362717,SILIVRI,OSM
itfaiye,Kumburgaz İtfaiye İstasyonu,41.039519,28.467653,BUYUKCEKMECE,OSM
itfaiye,Çatalca İtfaiye İstasyonu,41.149576,28.461905,CATALCA,OSM
itfaiye,Karacaköy İtfaiye İstasyonu,41.403545,28.375558,CATALCA,OSM
itfaiye,Germe İtfaiye İstasyonu,41.27564,28.661172,ARNAVUTKOY,OSM
itfaiye,Arnavutköy İtfaiye İstasyonu,41.201274,28.729091,ARNAVUTKOY,OSM
itfaiye,Hadımköy İtfaiye İstasyonu,41.158401,28.612962,ARNAVUTKOY,OSM
itfaiye,Kıraç İtfaiye İstasyonu,41.064008,28.62637,ESENYURT,OSM
itfaiye,Yakuplu İtfaiye İstasyonu,41.001809,28.666113,BEYLIKDUZU,OSM
itfaiye,Bayrampaşa İtfaiye İstasyonu,41.042228,28.897499,BAYRAMPASA,OSM
itfaiye,Habibler İtfaiye İstasyonu,41.129494,28.831642,SULTANGAZI,OSM
itfaiye,Kemerburgaz İtfaiye İstasyonu,41.157184,28.911304,EYUPSULTAN,OSM
itfaiye,Siyavuşpaşa İtfaiye İstasyonu,40.999667,28.851605,BAHCELIEVLER,OSM
itfaiye,İkitelli İtfaiye İstasyonu,41.084343,28.796995,BASAKSEHIR,OSM
itfaiye,Başakşehir İtfaiye İstasyonu,41.104201,28.800577,BASAKSEHIR,OSM
itfaiye,Bahçeşehir İtfaiye İstasyonu,41.070344,28.675488,BASAKSEHIR,OSM
itfaiye,İstanbul Büyükşehir Belediyesi İtfaiye Daire Başkanlığı,41.016063,28.95353,FATIH,OSM
itfaiye,Fatih İtfaiye İstasyonu,41.016256,28.953623,FATIH,OSM
itfaiye,Körfez Belediye İtfaiye Grup Amirliği,40.766719,29.77466,,OSM
polis,,41.143869,28.459859,CATALCA,OSM
hastane,Op. Dr. Arash Jafari,41.076207,29.012872,SISLI,OSM
hastane,,40.998432,28.82999,BAHCELIEVLER,OSM
hastane,,40.997255,28.916929,ZEYTINBURNU,OSM
hastane,Koç Üniversitesi Hastanesi,41.024038,28.916757,ZEYTINBURNU,OSM
polis,Çerkezköy Kaymakamlık Lojmanı Polis Noktası,41.287916,28.034042,,OSM
polis,Kuştepe Polis Karakolu,41.070509,28.990854,SISLI,OSM
hastane,İSTÜN Şişli Kolan International Hospital,41.064831,28.980409,SISLI,OSM
hastane,Türkiye Hastanesi,41.06595,28.981295,SISLI,OSM
polis,,41.019351,29.070152,USKUDAR,OSM
hastane,Sancaktepe Sağlıklı Yaşam Köyü,40.996814,29.210524,SANCAKTEPE,OSM
hastane,Acıbadem Taksim Hastanesi,41.041474,28.982263,SISLI,OSM
itfaiye,,40.940293,29.305066,PENDIK,OSM
polis,Levent Polis Merkezi,41.081579,29.014566,BESIKTAS,OSM
polis,,41.031341,29.232952,CEKMEKOY,OSM
hastane,Biruni Üniversitesi Tıp Fakültesi Hastanesi,40.99895,28.795599,KUCUKCEKMECE,OSM
itfaiye,,41.0141,29.024699,USKUDAR,OSM
polis,Bakırköy Kaymakamlık Lojmanı Polis Noktası,40.985025,28.869322,BAKIRKOY,OSM
polis,Bakırköy Kaymakamlık Lojmanı Polis Noktası,40.985053,28.869325,BAKIRKOY,OSM
hastane,Derince Ağız ve Diş Sağlığı Merkezi,40.759484,29.812415,,OSM
hastane,,41.082309,29.03685,BESIKTAS,OSM
toplanma_alani,2331 Sokak Parkı,41.056597,28.840042,BAGCILAR,OSM
toplanma_alani,Göztepe ASM Yanı Parkı,41.059207,28.836526,BAGCILAR,OSM
polis,Ağva Jandarma Karakol Komutanlığı,41.138373,29.854283,SILE,OSM
itfaiye,,40.993601,28.712856,AVCILAR,OSM
polis,,41.04312,29.103973,UMRANIYE,OSM
polis,,41.043764,29.043239,USKUDAR,OSM
polis,TC. Cumhuriyet Polis Merkezi,40.925733,29.137163,MALTEPE,OSM
hastane,Central Hospital,40.965918,29.100188,KADIKOY,OSM
polis,,40.964316,29.227508,SANCAKTEPE,OSM
polis,Akpınar Polis Merkezi,40.964301,29.227597,SANCAKTEPE,OSM
polis,,40.972287,29.26398,SULTANBEYLI,OSM
hastane,FSM Tıp Merkezi,41.093967,29.091134,BEYKOZ,OSM
polis,Çakmak Polis Merkezi Amirliği,41.004194,29.109091,UMRANIYE,OSM
polis,Ümraniye İlçe Emniyet Müdürlüğü,41.031682,29.090443,UMRANIYE,OSM
polis,,40.988727,28.836932,BAKIRKOY,OSM
polis,Fatih İlçe Emniyet Müdürlüğü,41.011277,28.977341,FATIH,OSM
polis,Bayrampaşa Polis Merkezi,41.033035,28.910878,BAYRAMPASA,OSM
hastane,S.B.Ü. Haydarpaşa Numune Hastanesi Validebağ Semt Polikliniği,41.01226,29.040913,USKUDAR,OSM
hastane,Yenikent Aile Sağlığı Merkezi,40.82532,29.41984,,OSM
hastane,Hadımköy Dr. İsmail Niyazi Kurtulmuş Hastanesi,41.155214,28.619486,ARNAVUTKOY,OSM
hastane,Körfez Devlet Hastanesi,40.77571,29.782855,,OSM
hastane,Orion Surgery Center,41.090121,28.981975,KAGITHANE,OSM
hastane,Istanbul Faculty of Medicine,41.016957,28.933954,FATIH,OSM
itfaiye,Beyoğlu İtfaiye İstasyonu,41.048385,28.990542,SISLI,IBB
itfaiye,Mecidiyeköy İtfaiye İstasyonu,41.065136,28.997427,SISLI,IBB
itfaiye,Beşiktaş İtfaiye İstasyonu,41.048908,29.019198,BESIKTAS,IBB
itfaiye,Ortaköy İtfaiye İstasyonu,41.06959,29.041893,BESIKTAS,IBB
itfaiye,Seyrantepe İtfaiye İstasyonu,41.095948,28.9888,KAGITHANE,IBB
itfaiye,İstinye İtfaiye İstasyonu,41.114895,29.054814,SARIYER,IBB
itfaiye,Sarıyer İtfaiye İstasyonu,41.16008,29.038967,SARIYER,IBB
itfaiye,Şişli İtfaiye İstasyonu,41.058118,28.966381,SISLI,IBB
itfaiye,Hacıosman  İtfaiye İstasyonu,41.135563,29.02671,SARIYER,IBB
itfaiye,Maden  İtfaiye İstasyonu,41.186186,29.043115,SARIYER,IBB
itfaiye,Kemerburgaz  İtfaiye İstasyonu,41.157259,28.91133,EYUPSULTAN,IBB
itfaiye,Kağıthane  İtfaiye İstasyonu,41.086256,28.965029,EYUPSULTAN,IBB
itfaiye,Sadabat  İtfaiye İstasyonu,41.065662,28.956073,KAGITHANE,IBB
itfaiye,Bakırköy İtfaiye İstasyonu,40.987535,28.881592,BAKIRKOY,IBB
itfaiye,Bayrampaşa İtfaiye İstasyonu,41.042342,28.897753,BAYRAMPASA,IBB
itfaiye,Fatih İtfaiye İstasyonu,41.01626,28.953722,FATIH,IBB
itfaiye,Florya  İtfaiye İstasyonu,40.963164,28.807949,BAKIRKOY,IBB
itfaiye,Zeytinburnu  İtfaiye İstasyonu,40.993193,28.912131,ZEYTINBURNU,IBB
itfaiye,Davutpaşa İtfaiye İstasyonu,41.026188,28.89483,ESENLER,IBB
itfaiye,Eyüpsultan  İtfaiye İstasyonu,41.04809,28.919442,EYUPSULTAN,IBB
itfaiye,Balat  İtfaiye İstasyonu,41.030789,28.952009,FATIH,IBB
itfaiye,Eminönü  İtfaiye İstasyonu,41.009487,28.976343,FATIH,IBB
itfaiye,Kocamustafapaşa  İtfaiye İstasyonu,41.009099,28.934195,FATIH,IBB
itfaiye,Arnavutköy İtfaiye İstasyonu,41.201394,28.728887,ARNAVUTKOY,IBB
itfaiye,Bağcılar İtfaiye İstasyonu,41.050126,28.858579,BAGCILAR,IBB
itfaiye,Gaziosmanpaşa  İtfaiye İstasyonu,41.079086,28.893628,GAZIOSMANPASA,IBB
itfaiye,Bahçelievler İtfaiye İstasyonu,41.014072,28.83705,BAHCELIEVLER,IBB
itfaiye,Bahçelievler İtfaiye Eğitim Merkezi,41.014072,28.83705,BAHCELIEVLER,IBB
itfaiye,Bahçelievler Ambar Ayniyat Amirliği,41.014072,28.83705,BAHCELIEVLER,IBB
itfaiye,Başakşehir İtfaiye İstasyonu,41.104346,28.80054,BASAKSEHIR,IBB
itfaiye,Habibler  İtfaiye İstasyonu,41.129625,28.831607,SULTANGAZI,IBB
itfaiye,Hadımköy  İtfaiye İstasyonu,41.158497,28.612858,ARNAVUTKOY,IBB
itfaiye,Germe  İtfaiye İstasyonu,41.27571,28.661167,ARNAVUTKOY,IBB
itfaiye,Güngören  İtfaiye İstasyonu,41.016896,28.888569,GUNGOREN,IBB
itfaiye,Esenler  İtfaiye İstasyonu,41.064588,28.867498,ESENLER,IBB
itfaiye,Alibeyköy  İtfaiye İstasyonu,41.079926,28.937214,EYUPSULTAN,IBB
itfaiye,Akşemsettin  İtfaiye İstasyonu,41.091845,28.91724,GAZIOSMANPASA,IBB
itfaiye,Sultangazi İtfaiye İstasyonu,41.103447,28.889288,SULTANGAZI,IBB
itfaiye,Sefaköy  İtfaiye İstasyonu,41.022209,28.793015,KUCUKCEKMECE,IBB
itfaiye,Küçükçekmece  İtfaiye İstasyonu,40.995363,28.77994,KUCUKCEKMECE,IBB
itfaiye,Siyavuşpaşa  İtfaiye İstasyonu,40.999625,28.851572,BAHCELIEVLER,IBB
itfaiye,Resneli  İtfaiye İstasyonu,41.083083,28.741095,BASAKSEHIR,IBB
itfaiye,İkitelli  İtfaiye İstasyonu,41.084351,28.797054,BASAKSEHIR,IBB
itfaiye,Avcılar İtfaiye İstasyonu,40.993538,28.712983,AVCILAR,IBB
itfaiye,Büyükçekmece İtfaiye İstasyonu,41.012786,28.544915,BUYUKCEKMECE,IBB
itfaiye,Beylikdüzü İtfaiye İstasyonu,40.998433,28.643447,BEYLIKDUZU,IBB
itfaiye,Çatalca İtfaiye İtfaiye İstasyonu,41.149654,28.46216,CATALCA,IBB
itfaiye,Selimpaşa  İtfaiye İstasyonu,41.059388,28.362703,SILIVRI,IBB
itfaiye,Bahçeşehir  İtfaiye İstasyonu,41.070527,28.675677,BASAKSEHIR,IBB
itfaiye,Kıraç  İtfaiye İstasyonu,41.063985,28.626425,ESENYURT,IBB
itfaiye,Esenyurt  İtfaiye İstasyonu,41.037425,28.669707,ESENYURT,IBB
itfaiye,Beykent İtfaiye  İstasyonu,41.017415,28.620799,BUYUKCEKMECE,IBB
itfaiye,Kumburgaz  İtfaiye İstasyonu,41.039858,28.46819,BUYUKCEKMECE,IBB
itfaiye,Yakuplu  İtfaiye İstasyonu,41.001844,28.66625,BEYLIKDUZU,IBB
itfaiye,Binkılıç  İtfaiye İstasyonu,41.412473,28.181273,CATALCA,IBB
itfaiye,Çatalca Karacaköy  İtfaiye İstasyonu,41.403704,28.375365,CATALCA,IBB
itfaiye,Çanta  İtfaiye İstasyonu,41.085683,28.079604,SILIVRI,IBB
itfaiye,Büyükçavuşlu  İtfaiye İstasyonu,41.246388,28.06506,SILIVRI,IBB
itfaiye,Silivri İtfaiye İstasyonu,41.076118,28.255843,SILIVRI,IBB
itfaiye,Gümüşyaka  İtfaiye İstasyonu,41.048806,28.051116,SILIVRI,IBB
itfaiye,Rumeli Feneri Mahallesi Gönüllü İtfaiye İstasyonu,41.233275,29.108286,SARIYER,IBB
itfaiye,Karaburun Mahallesi Gönüllü İtfaiye İstasyonu,41.346874,28.68199,ARNAVUTKOY,IBB
itfaiye,Balaban Mahallesi Gönüllü İtfaiye İstasyonu,41.311179,28.612475,ARNAVUTKOY,IBB
itfaiye,Dağyenice Mahallesi Gönüllü İtfaiye İstasyonu,41.271708,28.483688,CATALCA,IBB
itfaiye,Gümüşpınar Mahallesi Gönüllü İtfaiye İstasyonu,41.314827,28.28669,CATALCA,IBB
itfaiye,Örencik Mahallesi Gönüllü İtfaiye İstasyonu,41.329264,28.483827,CATALCA,IBB
itfaiye,Yalıköy Mahallesi Gönüllü İtfaiye İstasyonu,41.478236,28.299225,CATALCA,IBB
itfaiye,Kestanelik Mahallesi Gönüllü İtfaiye İstasyonu,41.231749,28.494784,CATALCA,IBB
itfaiye,Kabakça Mahallesi Gönüllü İtfaiye İstasyonu,41.227116,28.369048,CATALCA,IBB
itfaiye,Büyükkılıçlı Mahallesi Gönüllü İtfaiye İstasyonu,41.164163,28.18969,SILIVRI,IBB
itfaiye,Çayırdere Mahallesi Gönüllü İtfaiye İstasyonu,41.281284,28.144946,SILIVRI,IBB
itfaiye,Danamandıra Mahallesi Gönüllü İtfaiye İstasyonu,41.308189,28.241804,SILIVRI,IBB
itfaiye,Fener Mahallesi Gönüllü İtfaiye İstasyonu,41.151233,28.23673,SILIVRI,IBB
itfaiye,Hallaçlı Mahallesi Gönüllü İtfaiye İstasyonu,41.320871,28.101512,CATALCA,IBB
itfaiye,Akpınar Mahallesi Gönüllü İtfaiye İstasyonu,41.279709,28.809815,EYUPSULTAN,IBB
itfaiye,Sayalar Mahallesi Gönüllü İtfaiye İstasyonu,41.319769,28.174385,SILIVRI,IBB
itfaiye,Şht.Taner Çebi Su Altı/Su Üstü Arama Kurtarma İtfaiye İstasyonu,40.99975,28.95332,FATIH,IBB
itfaiye,Yavuz Sultan Selim  İtfaiye İstasyonu,41.225869,29.034211,SARIYER,IBB
itfaiye,Sağmalcılar  İtfaiye İstasyonu,41.032345,28.912441,BAYRAMPASA,IBB
itfaiye,Değirmenköy  İtfaiye İstasyonu,41.094327,28.001584,SILIVRI,IBB
itfaiye,Kuzey Marmara  İtfaiye İstasyonu,41.165385,28.373732,CATALCA,IBB
itfaiye,K9 Köpekli Arama Eğitim Merkezi,41.084737,28.74132,BASAKSEHIR,IBB
itfaiye,Mahmutbey  İtfaiye İstasyonu,41.053806,28.8308,BAGCILAR,IBB
itfaiye,İhsaniye Gönüllü İtfaiye istasyonu,41.260009,28.357781,CATALCA,IBB
itfaiye,Adalar İtfaiye İstasyonu,40.87167,29.137567,ADALAR,IBB
itfaiye,Pendik İtfaiye İstasyonu,40.88659,29.236757,PENDIK,IBB
itfaiye,Tuzla İtfaiye İstasyonu,40.857482,29.294011,TUZLA,IBB
itfaiye,Kartal İtfaiye İstasyonu,40.891745,29.195637,KARTAL,IBB
itfaiye,Maltepe İtfaiye İstasyonu,40.929623,29.145312,MALTEPE,IBB
itfaiye,Burgazada  İtfaiye İstasyonu,40.879524,29.07017,ADALAR,IBB
itfaiye,Heybeliada  İtfaiye İstasyonu,40.876469,29.099953,ADALAR,IBB
itfaiye,Kınalıada  İtfaiye İstasyonu,40.906978,29.055863,ADALAR,IBB
itfaiye,Kurtköy  İtfaiye İstasyonu,40.908642,29.293587,PENDIK,IBB
itfaiye,Orhanlı  İtfaiye İstasyonu,40.885908,29.352033,TUZLA,IBB
itfaiye,Tuzla Osb  İtfaiye İstasyonu,40.877931,29.399146,TUZLA,IBB
itfaiye,Tuzla Sahil  İtfaiye İstasyonu,40.815055,29.311256,TUZLA,IBB
itfaiye,Yakacık  İtfaiyeİstasyonu,40.94356,29.214902,KARTAL,IBB
itfaiye,Büyükbakkalköy  İtfaiye İstasyonu,40.972916,29.206032,MALTEPE,IBB
itfaiye,Ümraniye İtfaiye İstasyonu,41.01612,29.127887,UMRANIYE,IBB
itfaiye,Sancaktepe İtfaiye İstasyonu,41.015653,29.24457,SANCAKTEPE,IBB
itfaiye,Şile İtfaiye İstasyonu,41.176383,29.619789,SILE,IBB
itfaiye,Mehmet Akif İtfaiye İstasyonu,40.96941,29.266697,SULTANBEYLI,IBB
itfaiye,Dudullu  İtfaiye İstasyonu,41.001124,29.178705,UMRANIYE,IBB
itfaiye,Ömerli  İtfaiye İstasyonu,41.079699,29.333862,CEKMEKOY,IBB
itfaiye,Ağva  İtfaiye İstasyonu,41.137225,29.856263,SILE,IBB
itfaiye,Şile Karacaköy İtfaiye İstasyonu,41.15549,29.759672,SILE,IBB
itfaiye,Yenişehir  İtfaiye İstasyonu,40.9406,29.305194,PENDIK,IBB
itfaiye,Ataşehir İtfaiye İstasyonu,40.979271,29.147196,ATASEHIR,IBB
itfaiye,Üsküdar İtfaiye İstasyonu,41.019826,29.01176,USKUDAR,IBB
itfaiye,Beykoz İtfaiye İstasyonu,41.134282,29.098389,BEYKOZ,IBB
itfaiye,Kadıköy İtfaiye İstasyonu,40.991409,29.033433,KADIKOY,IBB
itfaiye,Çavuşbaşı İtfaiye İstasyonu,41.074492,29.139004,BEYKOZ,IBB
itfaiye,Çengelköy  İtfaiye İstasyonu,41.045071,29.076263,USKUDAR,IBB
itfaiye,Zeynep Kamil  İtfaiye İstasyonu,41.013841,29.024289,USKUDAR,IBB
itfaiye,Bozhane  İtfaiye İstasyonu,41.162102,29.273235,BEYKOZ,IBB
itfaiye,Erenköy  İtfaiye İstasyonu,40.97647,29.068449,KADIKOY,IBB
itfaiye,Ünalan  İtfaiye İstasyonu,41.001826,29.072256,USKUDAR,IBB
itfaiye,Kavacık  İtfaiye İstasyonu,41.093561,29.098781,BEYKOZ,IBB
itfaiye,Sedef Adası Gönüllü İtfaiye İstasyonu,40.849722,29.144685,ADALAR,IBB
itfaiye,Oruçoğlu Mahallesi Gönüllü İtfaiye İstasyonu,41.062827,29.487657,SILE,IBB
itfaiye,Alacalı Mahallesi Gönüllü İtfaiye İstasyonu,41.183864,29.457902,SILE,IBB
itfaiye,Değirmençayırı Mahallesi Gönüllü İtfaiye İstasyonu,40.977515,29.660808,SILE,IBB
itfaiye,Geredeli Mahallesi Gönüllü İtfaiye İstasyonu,41.086129,29.880061,SILE,IBB
itfaiye,Gökmaslı Mahallesi Gönüllü İtfaiye İstasyonu,41.097924,29.80423,SILE,IBB
itfaiye,Teke Mahallesi Gönüllü İtfaiye İstasyonu,41.068477,29.665187,SILE,IBB
itfaiye,Osmanköy Mahallesi Gönüllü İtfaiye İstasyonu,41.080733,29.731954,SILE,IBB
itfaiye,Kalemköy Mahallesi Gönüllü İtfaiye İstasyonu,41.08858,29.844354,SILE,IBB
itfaiye,Poyrazköy Mahallesi Gönüllü İtfaiye İstasyonu,41.205399,29.135488,BEYKOZ,IBB
itfaiye,Riva Mahallesi Gönüllü İtfaiye İstasyonu,41.224597,29.218552,BEYKOZ,IBB
itfaiye,Anadolu Kavağı Mahallesi Gönüllü İtfaiye İstasyonu,41.175274,29.090748,BEYKOZ,IBB
itfaiye,Ovacık Mahallesi Gönüllü İtfaiye istasyonu,41.11984,29.609611,SILE,IBB
itfaiye,Kızılca Mahallesi Gönüllü İtfaiye İstasyonu,41.15524,29.541354,SILE,IBB
itfaiye,Yeniköy Mahallesi Gönüllü İtfaiye İstasyonu,41.121994,29.652879,SILE,IBB
itfaiye, Korucu Mahallesi Gönüllü İtfaiye İstasyonu,41.123193,29.569554,SILE,IBB
itfaiye,Çekmeköy  İtfaiye İstasyonu,41.021346,29.180408,CEKMEKOY,IBB
itfaiye,Sultanbeyli İtfaiye İstasyonu,40.994233,29.284181,SULTANBEYI,IBB
hastane,Bayrampaşa Devlet Hastanesi,41.041463,28.903141,BAYRAMPASA,IBB
hastane,Özel Avrasya Hastanesi,41.003261,28.907044,ZEYTINBURNU,IBB
hastane,Özel Güney Hastanesi,41.04381,28.879521,ESENLER,IBB
hastane,Yeditepe Üniversitesi Koşuyolu Hastanesi,41.004167,29.031112,KADIKOY,IBB
hastane,Çapa Hastahanesi Kadın Doğum Merkezi,41.016656,28.934296,FATIH,IBB
hastane,T.C. Sağlık Bakanlığı Sbü Ümraniye Eğitim ve Araştırma Kadın Doğum ve Çocuk Hastalıkları Hastanesi,41.033195,29.101781,UMRANIYE,IBB
hastane,Cerrahpaşa Tıp Fakültesi Kadın Doğum,41.004554,28.941336,FATIH,IBB
hastane,Göztepe Hastanesi Kadın Doğum Acil,40.985233,29.058383,KADIKOY,IBB
hastane,Özel Şifa Kadın Doğum Merkezi,41.082065,28.918082,EYUPSULTAN,IBB
hastane,Özel Medicana Hospital Hastanesi Avcılar,40.981136,28.721046,AVCILAR,IBB
hastane,Medistanbul Hastanesi,41.179555,28.88416,EYUPSULTAN,IBB
hastane,Özel Medıstate Kavacık Hastanesi,41.094185,29.101374,BEYKOZ,IBB
hastane,Özel Doğa Hospital Hastanesi,41.012797,28.696504,ESENYURT,IBB
hastane,Bakırköy Mazhar Osman Ruh ve Sinir Hastalıkları Eğitim Araştırma Hastanesi,40.986733,28.862279,BAKIRKOY,IBB
hastane,Özel Pendik Bölge Hastanesi,40.882527,29.245569,PENDIK,IBB
hastane,Özel Doktor Nazif Bağrıaçık Kadıköy Hastanesi,40.99829,29.03338,KADIKOY,IBB
hastane,T.C. Sağlık Bakanlığı Başakşehir Devlet Hastanesi,41.118189,28.80885,BASAKSEHIR,IBB
hastane,Prof. Dr. Cemil Taşcıoğlu Şehir Hastanesi,41.065208,28.974402,SISLI,IBB
hastane,Özel İstanbul Medipol Hastanesi,41.00483,29.034164,KADIKOY,IBB
hastane,Özel Medigold Sultan Hastanesi,41.099494,28.863541,SULTANGAZI,IBB
hastane,T.C. Sağlık Bakanlığı Prof. Dr. Necmi Ayanoğlu Silivri Devlet Hastanesi,41.077981,28.250285,SILIVRI,IBB
hastane,Özel Moodist Hastanesi,41.002145,29.053447,USKUDAR,IBB
hastane,Özel Balat Hastanesi,41.038443,28.945532,FATIH,IBB
hastane,Özel Kurtköy Ersoy Hastanesi,40.910728,29.297997,PENDIK,IBB
hastane,Özel Medipol Mega Hastaneler Kompleksi,41.058256,28.842011,BAGCILAR,IBB
hastane,Özel Estethica Levent Hastanesi,41.086025,29.017863,BESIKTAS,IBB
hastane,Özel Acıbadem Maslak Hastanesi,41.127456,29.024787,SARIYER,IBB
hastane,Kağıthane Kızılay Hastanesi,41.082758,28.970922,KAGITHANE,IBB
hastane,İstinye Devlet Hastanesi,41.11493,29.055733,SARIYER,IBB
hastane,Özel Liv Hospital Ulus Hastanesi,41.060702,29.02872,BESIKTAS,IBB
hastane,Özel Hürrem Sultan Hastanesi,41.023064,29.017327,USKUDAR,IBB
hastane,Özel Halkalı Kent Hastanesi,41.035329,28.794022,KUCUKCEKMECE,IBB
hastane,Özel Acıbadem International Hospital,40.958695,28.835786,BAKIRKOY,IBB
hastane,Özel Medical Park Göztepe Hastanesi Kopmleksi,40.990322,29.07752,KADIKOY,IBB
hastane,T.C. Sağlık Bakanlığı Avcılar Murat Kölük Devlet Hastanesi,40.984576,28.731283,AVCILAR,IBB
hastane,Özel Başarı Hastanesi,41.079975,28.906748,GAZIOSMANPASA,IBB
hastane,Özel Doğan Hastanesi,40.986977,28.784605,KUCUKCEKMECE,IBB
hastane,Mehmet Akif Ersoy Göğüs Kalp ve Damar Cerrahisi Eğitim ve Araştırma Hastanesi,41.033532,28.77769,KUCUKCEKMECE,IBB
hastane,İstanbul Medipol Üniversitesi Sağlık Eğitim Uygulama Merkezi,41.05118,28.865909,ESENLER,IBB
hastane,Türk Böbrek Vakfı Memorial Hizmet Hastanesi,41.000953,28.880155,BAHCELIEVLER,IBB
hastane,T.C. Sağlık Bakanlığı Şile Devlet Hastanesi,41.174616,29.616884,SILE,IBB
hastane,Özel Vital Hospital Hastanesi,41.007199,28.86968,BAHCELIEVLER,IBB
hastane,Fatih Sultan Mehmet Eğitim ve Araştırma Hastanesi Diyabet Merkezi,41.016858,29.024212,USKUDAR,IBB
hastane,İstanbul Yeditepe Üniversitesi Sağlık Hizmetleri Eğitim Araştırma ve Uygulama Merkezi,40.968844,29.103471,ATASEHIR,IBB
hastane,T.C. Sağlık Bakanlığı Esenler Kadın Doğum ve Çocuk Hastalıkları Hastanesi,41.055611,28.869319,ESENLER,IBB
hastane,İstanbul Bezmialem Vakıf Üniversitesi Sağlık Uygulama ve Araştırma Merkezi,41.018952,28.935714,FATIH,IBB
hastane,Özel Meltem Hastanesi ve Doğum Hastanesi,41.010722,28.867209,GUNGOREN,IBB
hastane,Özel Silivri Kolan Hospital Hastanesi,41.071991,28.258515,SILIVRI,IBB
hastane,SBÜ İstanbul Haseki Eğitim ve Araştırma Hastanesi,41.009273,28.945537,FATIH,IBB
hastane,SBÜ Süleymaniye Kadın Doğum ve Çocuk Hastalıkları EAH,40.995663,28.914935,ZEYTINBURNU,IBB
hastane,Özel Esencan Hastanesi,41.033227,28.676685,ESENYURT,IBB
hastane,Özel Avcılar Hospital,40.994835,28.709478,AVCILAR,IBB
hastane,SBÜ İstanbul Fatih Sultan Mehmet Eğitim ve Araştırma Hastanesi,40.970799,29.104711,ATASEHIR,IBB
hastane,Özel Surp Agop Hastanesi (Taksim Vakıf Ermeni),41.041811,28.986435,SISLI,IBB
hastane,Özel Acıbadem Göktürk Tıp Merkezi,41.179671,28.886051,EYUPSULTAN,IBB
hastane,Pendik Eah Hematoloji Onkoloji Ek Hizmet Binası,40.888269,29.262718,PENDIK,IBB
hastane,Beylikdüzü Devlet Hastanesi,41.014838,28.62517,BUYUKCEKMECE,IBB
hastane,İstanbul Kanuni Sultan Süleyman Eğitim ve Araştırma Hastanesi,41.054715,28.758818,KUCUKCEKMECE,IBB
hastane,İstanbul Meslek Hastalıkları Devlet Hastanesi,40.949066,29.139486,MALTEPE,IBB
hastane,T.C. Sağlık Bakanlığı Marmara Üniversitesi Pendik Eğitim ve Araştırma Hastanesi,40.88678,29.262268,PENDIK,IBB
hastane,Özel Esenler Ensar Hastanesi Avicenna,41.049858,28.875871,ESENLER,IBB
hastane,Zeynep Kamil Kadın ve Çocuk Hastalıkları Eğitim ve Araştırma Hastanesi,41.015019,29.025882,USKUDAR,IBB
hastane,SBÜ İstanbul Eğitim ve Araştırma Hastanesi,41.003013,28.936817,FATIH,IBB
hastane,T. C. Sağlık Bakanlığı Kartal Koşuyolu Yüksek İhtisas Eğitim ve Araştırma Hastanesi,40.915905,29.171661,KARTAL,IBB
hastane,Özel Acıbadem Kadıköy Hastanesi,41.007105,29.043111,KADIKOY,IBB
hastane,T.C. Sağlık Bakanlığı Beşiktaş Sait Çiftçi Devlet Hastanesi,41.052024,29.008434,BESIKTAS,IBB
hastane,Büyükçekmece Mimar Sinan Devlet Hastanesi,41.017477,28.555749,BUYUKCEKMECE,IBB
hastane,İstanbul Başkent Üniversitesi İstanbul Sağlık Uygulama ve Araştırma Merkezi,41.024783,29.04112,USKUDAR,IBB
hastane,T.C. Sağlık Bakanlığı Çatalca İlyas Çokay Devlet Hastanesi,41.135646,28.466838,CATALCA,IBB
hastane,Medipol Üniversitesi Hastanesi,40.884518,29.235002,PENDIK,IBB
hastane,Özel Gsm Gisbir Sağlık Merkezi Hastanesi,40.847835,29.29458,TUZLA,IBB
hastane,Özel Hisar Çamlıca Hastanesi,41.016688,29.09448,UMRANIYE,IBB
hastane,Ece Medikal Hastanesi,41.028853,28.908322,ZEYTINBURNU,IBB
hastane,Özel Fatih Hastanesi,41.015481,28.950496,FATIH,IBB
hastane,Kadıköy Florance Nightingale Hastanesi,40.981587,29.041616,KADIKOY,IBB
hastane,Özel Aksoy Hastanesi,41.06736,29.001274,SISLI,IBB
hastane,Özel Memorial Şişli Hastanesi,41.061385,28.973088,SISLI,IBB
hastane,Özel Beylikdüzü Kolan Hastanesi,41.006565,28.629384,BEYLIKDUZU,IBB
hastane,Bezmiâlem Hastanesi,41.0199,28.934634,FATIH,IBB
hastane,Anatomi Hastanesi,41.018116,28.932584,FATIH,IBB
hastane,Medipol Üniversitesi Fındıkzade Hastanesi,41.012524,28.940089,FATIH,IBB
hastane,Özel Osmanoğlu Hastanesi,41.063089,28.988478,SISLI,IBB
hastane,Özel Acıbadem Fulya Hastanesi,41.055904,28.999378,BESIKTAS,IBB
hastane,Özel Tuzla Mercan Hastanesi,40.828352,29.307544,TUZLA,IBB
hastane,Özel Hospitalist Hastanesi,41.034513,28.855059,BAGCILAR,IBB
hastane,Süleymaniye Kadın Doğum ve Çocuk Hastalıkları Eğitim Araştırma Hastanesi,40.99537,28.914941,ZEYTINBURNU,IBB
hastane,Özel Çamlıca Erdem Hastanesi,41.025306,29.082292,USKUDAR,IBB
hastane,Özel Silivri Anadolu Hastanesi,41.08244,28.224855,SILIVRI,IBB
hastane,Özel Hisar Intercontinental Hospital,41.026594,29.11568,UMRANIYE,IBB
hastane,İstanbul Koç Üniversitesi Sağlık Eğitim ve Uygulama Merkezi,41.024215,28.916411,ZEYTINBURNU,IBB
hastane,İstanbul Marmara Üniversitesi Nörolojik Bilimler Enstitüsü,40.949192,29.137419,MALTEPE,IBB
hastane,Kartal Kızılay Hastanesi,40.890936,29.181684,KARTAL,IBB
hastane,Özel Medicana Hospitals Çamlıca Hastanesi,41.024485,29.083716,USKUDAR,IBB
hastane,İstanbul Yakacık Doğum ve Çocuk Hastalıkları Hastanesi,40.918113,29.220208,KARTAL,IBB
hastane,Medicane Kadıköy Hastanesi,40.985245,29.038186,KADIKOY,IBB
hastane,İstanbul Eğitim ve Araştırma Hastanesi Osmaniye,40.991925,28.881764,BAKIRKOY,IBB
hastane,Avicenna Hastanesi,40.979232,29.10876,ATASEHIR,IBB
hastane,İstanbul Üniversitesi İstanbul Tıp Fakültesi Hastanesi,41.017268,28.93439,FATIH,IBB
hastane,Taksim Eğitim ve Araştırma Hastanesi,41.037036,28.99001,BEYOGLU,IBB
hastane,Özel Pendik Baypark Hastanesi,40.878744,29.236755,PENDIK,IBB
hastane,İstanbul ÜniversitesiKardiyoloji Enstitüsü,41.009211,28.94333,FATIH,IBB
hastane,Özel Avicenna Umut Hastanesi,40.89068,29.177757,KARTAL,IBB
hastane,Özel Yaşar Hastanesi,40.983767,28.872657,BAKIRKOY,IBB
hastane,Eyüp Devlet Hastanesi Alibeyköy Semt Polikliniği,41.074148,28.940977,EYUPSULTAN,IBB
hastane,Özel Academic Hastanesi,41.019662,29.034518,USKUDAR,IBB
hastane,Özel Yüzyıl Hastanesi Pendik,40.879134,29.261463,PENDIK,IBB
hastane,Özel Asya Göz Hastanesi,40.990762,28.712975,AVCILAR,IBB
hastane,Yedikule Göğüs Hastalıkları ve Göğüs Cerrahisi Eğitim Ve Araştırma Hastanesi,41.003315,28.914924,ZEYTINBURNU,IBB
hastane,Özel Şişli Florance Nightingale Hastanesi,41.069707,28.984103,SISLI,IBB
hastane,Özel Emsey Hospital Hastanesi,40.924275,29.289529,PENDIK,IBB
hastane,Özel Güneşli Erdem Hastanesi,41.04012,28.825177,BAGCILAR,IBB
hastane,Şafak Hastanesi,41.048008,28.845057,BAGCILAR,IBB
hastane,Özel Np İstanbul Beyin Hastanesi,41.029208,29.114065,UMRANIYE,IBB
hastane,Europlus Clinic Hastanesi,41.063602,28.999856,SISLI,IBB
hastane,Özel Yedikule Surp Pırgiç Ermeni Hastanesi,40.994417,28.915009,ZEYTINBURNU,IBB
hastane,Özel Kadıköy Florance Nightingale Hastanesi,40.981015,29.042411,KADIKOY,IBB
hastane,Özel Maltepe Bölge ( Dünya) Hastanesi,40.920874,29.137539,MALTEPE,IBB
hastane,Özel Yüzyıl Hastanesi Pendik,40.879549,29.261247,PENDIK,IBB
hastane,Özel Fransız Lape Hastanesi,41.062492,28.990068,SISLI,IBB
hastane,Özel Sultanbeyli Ersoy Hastanesi,40.966516,29.269378,SULTANBEYLI,IBB
hastane,Özel Reyap İstanbul Hastanesi,41.025616,28.660211,ESENYURT,IBB
hastane,Yeni İklim Hastanesi,41.036689,28.858009,BAGCILAR,IBB
hastane,Özel Acıbadem Altunizade Hastanesi,41.019332,29.045406,USKUDAR,IBB
hastane,Yeditepe Üniversitesi Diş Hekimliği Fakültesi ve Diş Hastanesi,40.972252,29.057891,KADIKOY,IBB
hastane,Özel Dora Hospital Hastanesi,41.058945,29.00075,SISLI,IBB
hastane,Biruni Üniversitesi Tıp Fakültesi Hastanesi,40.998684,28.79593,KUCUKCEKMECE,IBB
hastane,Özel Eren Hastanesi,40.979198,29.110761,ATASEHIR,IBB
hastane,Özel Duygu Hastanesi,41.071555,28.901018,GAZIOSMANPASA,IBB
hastane,Özel Tanfer Hastanesi,41.062917,28.994565,SISLI,IBB
hastane,Özel Ota-Jinemed Hastanesi,41.048828,29.000512,BESIKTAS,IBB
hastane,Özel Baypark Hastanesi,41.062994,28.891239,BAYRAMPASA,IBB
hastane,Kartal Dr. Lütfi Kırdar Şehir Hastanesi,40.915453,29.174596,KARTAL,IBB
hastane,İstanbul Üniversitesi Onkoloji Enstitüsü,41.015883,28.934238,FATIH,IBB
hastane,Özel Ataköy Hastanesi,40.992518,28.840854,BAHCELIEVLER,IBB
hastane,Özel Üsküdar Hospitaltürk Hastanesi,41.02597,29.021834,USKUDAR,IBB
hastane,Özel Çapa Medilife Hastanesi,41.014917,28.933408,FATIH,IBB
hastane,İstanbul Üniversitesi Cerrahpaşa Tıp Fak.Hast.,41.004699,28.939082,FATIH,IBB
hastane,Haseki Devlet Hastanesi,41.009682,28.945306,FATIH,IBB
hastane,Özel Acıbadem Taksim Hastanesi,41.041386,28.9823,SISLI,IBB
hastane,Medieurope Hospital,41.051031,28.796471,KUCUKCEKMECE,IBB
hastane,T.C. Sağlık Bakanlığı Kağıthane Devlet Hastanesi,41.092203,29.001355,KAGITHANE,IBB
hastane,Özel İstanbul Medicine Hospital Hastanesi,41.030449,28.838612,BAGCILAR,IBB
hastane,Özel Maltepe Ersoy Hastanesi Acil,40.933105,29.134846,MALTEPE,IBB
hastane,Özel Avusturya Sen Jorj Hastanesi,41.024519,28.974377,BEYOGLU,IBB
hastane,Beykoz Devlet Hastanesi,41.117775,29.097862,BEYKOZ,IBB
hastane,Özel İstanbul Cerrahi Hastanesi,41.055586,28.99783,SISLI,IBB
hastane,Özel Okmeydanı Hastanesi,41.052576,28.960036,BEYOGLU,IBB
hastane,Özel Bilge Hastanesi,41.069543,28.907346,GAZIOSMANPASA,IBB
hastane,Özel Ataşehir Hastanesi,40.985999,29.175626,ATASEHIR,IBB
hastane,Özel Avicenna Hastanesi,40.979626,29.108888,ATASEHIR,IBB
hastane,VM Medical Park Hastanesi,40.880879,29.256247,PENDIK,IBB
hastane,Özel Saygı Hastanesi,40.969451,29.257724,SULTANBEYLI,IBB
hastane,Özel Tuzla Hastanesi,40.82603,29.310481,TUZLA,IBB
hastane,Özel Avrupa Hospital Hastanesi,41.181655,28.744179,ARNAVUTKOY,IBB
hastane,Özel İlgi Hastanesi,41.021013,28.866837,GUNGOREN,IBB
hastane,Özel Ethica İncirli Hastanesi,40.997228,28.872717,BAKIRKOY,IBB
hastane,Özel Birinci Hastanesi,40.990265,28.66735,BEYLIKDUZU,IBB
hastane,Özel Erdem Hastanesi,41.02146,29.119965,UMRANIYE,IBB
hastane,Saygı Hastanesi,40.969617,29.258324,SULTANBEYLI,IBB
hastane,Özel Asya Hastanesi,41.073846,28.903793,GAZIOSMANPASA,IBB
hastane,Özel Rumeli Hospital Hastanesi,41.007819,28.798384,KUCUKCEKMECE,IBB
hastane,Özel Avicenna Hastanesi,41.078742,28.998596,KAGITHANE,IBB
hastane,T.C. Sağlık Bakanlığı Sarıyer İsmail Akgün Devlet Hastanesi,41.169213,29.056772,SARIYER,IBB
hastane,Dr. Siyami Ersek Göğüs Kalp ve Damar Cerrahisi Eğitim Ve Araştırma Hastanesi,41.004024,29.024249,USKUDAR,IBB
hastane,Çelik Hastanesi,41.056778,28.806195,KUCUKCEKMECE,IBB
hastane,Özel Vehbi Koç Vakfı Amerikan Hastanesi,41.05292,28.995127,SISLI,IBB
hastane,Yeditepe Üniversitesi Hastanesi Bağdat Caddesi Polikliniği,40.971982,29.057837,KADIKOY,IBB
hastane,Özel Delta Hospital,40.946241,29.125187,MALTEPE,IBB
hastane,Bakırköy Dr. Sadi Konuk Eğitim ve Araştırma Hastanesi,40.993765,28.865056,BAKIRKOY,IBB
hastane,Özel İstanbul Hospital,41.050341,28.803032,KUCUKCEKMECE,IBB
hastane,T.C. Sağlık Bakanlığı Sbü Şişli Hamidiye Etfal Eğitim ve Araştırma Hastanesi,41.058278,28.989182,SISLI,IBB
hastane,Özel İstanbul Onkoloji Hastanesi,40.922339,29.153861,MALTEPE,IBB
hastane,Özel Bağcılar Medilife Hastanesi,41.048806,28.859601,BAGCILAR,IBB
hastane,Özel Acıbadem Kozyatağı Hastanesi,40.976409,29.092857,KADIKOY,IBB
hastane,Özel Şifa Hastanesi,40.883075,29.236149,PENDIK,IBB
hastane,Özel Yeni İklim Hastanesi,41.03703,28.858022,BAGCILAR,IBB
hastane,Beykent Üniversitesi Hastanesi,41.017506,28.62667,BUYUKCEKMECE,IBB
hastane,Özel Gayrettepe Florance Nightingale Hastanesi,41.063184,29.003912,BESIKTAS,IBB
hastane,Özel Çağıner Hastanesi,40.996152,29.045287,KADIKOY,IBB
hastane,Özel Medicana Hospital Hastanesi Bahçelievler,41.006503,28.870251,BAHCELIEVLER,IBB
hastane,Özel Medlife Hastanesi,41.006094,28.662338,BEYLIKDUZU,IBB
hastane,Taksim Eğitim ve Araştırma Hastanesi,41.032961,28.983396,BEYOGLU,IBB
hastane,Özel Bayındır İçerenköy Hastanesi,40.966908,29.110416,ATASEHIR,IBB
hastane,Özel Büyükçekmece Kolan Hospital Hastanesi,41.021646,28.585954,BUYUKCEKMECE,IBB
hastane,Taksim Eğitim ve Araştırma Hastanesi Kasımpaşa Ek Hizmet Binası,41.032695,28.963848,BEYOGLU,IBB
hastane,Özel Eslife Hospital Esenyurt Hastanesi,41.040113,28.652193,ESENYURT,IBB
hastane,SBÜ İstanbul Bağcılar Eğitim ve Araştırma Hastanesi,41.030019,28.870247,BAGCILAR,IBB
hastane,Medicine Hospital,41.011601,28.939739,FATIH,IBB
hastane,Medicina Plus Cerrahi Merkezi,41.096557,28.907443,SULTANGAZI,IBB
hastane,Özel Beylikdüzü Medilife Hastanesi,41.006271,28.661833,BEYLIKDUZU,IBB
hastane,Özel Bahat Hastanesi,41.106169,28.860474,SULTANGAZI,IBB
hastane,Özel Çevre Hastanesi,41.067291,29.001254,SISLI,IBB
hastane,Özel Levent Hastanesi,41.080243,29.007229,KAGITHANE,IBB
hastane,Özel Çapa Hastanesi,41.013403,28.934022,FATIH,IBB
hastane,Eyüp Devlet Hastanesi,41.057298,28.941076,EYUPSULTAN,IBB
hastane,Yenibosna Hastanesi,40.997608,28.834813,BAHCELIEVLER,IBB
hastane,Başkent Üniversitesi İstanbul Hastanesi,41.031313,29.172333,CEKMEKOY,IBB
hastane,T.C. Sağlık Bakanlığı Üsküdar Devlet Hastanesi,41.01559,29.038755,USKUDAR,IBB
hastane,T.C. Sağlık Bakanlığı Arnavutköy Devlet Hastanesi,41.177743,28.747314,ARNAVUTKOY,IBB
hastane,İstanbul Üniversitesi Aziz Sancar Deneysel Tıp Araştırma Enstitüsü,41.0187,28.932223,FATIH,IBB
hastane,Erenköy Ruh ve Sinir Hastalıkları Eğitim Araştırma Hastanesi,41.016871,29.024221,USKUDAR,IBB
hastane,Özel Bayrampaşa Kolan Hospital Hastanesi,41.033041,28.900894,BAYRAMPASA,IBB
hastane,Özel İstanbul Şafak Hastanesi,41.065528,28.89992,GAZIOSMANPASA,IBB
hastane,T.C. Sağlık Bakanlığı Sbü Gaziosmanpaşa Taksim Eğitim ve Araştırma Hastanesi,41.086539,28.898275,GAZIOSMANPASA,IBB
hastane,Medigold Hastanesi,41.099375,28.863222,SULTANGAZI,IBB
hastane,Özel Megapol  Hastanesi,40.916052,29.199568,KARTAL,IBB
hastane,Özel Avicenna Hastanesi,41.040831,28.881271,ESENLER,IBB
hastane,Özel Göztepe Hastanesi,40.987843,29.062059,KADIKOY,IBB
hastane,Özel Akgün Tem Hastanesi,41.061292,28.8017,KUCUKCEKMECE,IBB
hastane,Özel Nişantaşı Hastanesi,41.054749,28.996293,SISLI,IBB
hastane,Özel İstanbul Ibni Sina Hastanesi,40.947874,29.113392,MALTEPE,IBB
hastane,Özel Çamlık Hastanesi,40.989505,28.869802,BAKIRKOY,IBB
hastane,Memorial Hastanesi Bahçelievler,40.993122,28.852471,BAHCELIEVLER,IBB
hastane,Özel Gazi Hastanesi,41.101032,28.898668,SULTANGAZI,IBB
hastane,Özel Kozyatağı Central Hospital Hastanesi,40.965974,29.100212,KADIKOY,IBB
hastane,Özel Yunus Emre Hastanesi,41.024,29.018633,USKUDAR,IBB
hastane,Esenyurt Necmi Kadıoğlu Devlet Hastanesi Hale İshakoğlu Ek Binası,41.032354,28.682935,ESENYURT,IBB
hastane,Özel Aile Hastanesi,40.997635,28.867189,BAHCELIEVLER,IBB
hastane,Özel Yenibosna Safa Hastanesi,40.999262,28.838178,BAHCELIEVLER,IBB
hastane,Npl Sağlık,41.020127,29.014869,USKUDAR,IBB
hastane,Marmara Üniversitesi Prof. Dr. Asaf Ataseven Hastanesi,40.950529,29.138605,MALTEPE,IBB
hastane,Özel Afiyet Hastanesi,41.024086,29.084127,UMRANIYE,IBB
hastane,Medipol Üniversitesi Çamlıca Hastanesi,41.023567,29.081998,USKUDAR,IBB
hastane,T.C. Sağlık Bakanlığı Sbü Ümraniye Eğitim ve Araştırma Hastanesi,41.033167,29.101735,UMRANIYE,IBB
hastane,Göztepe Prof. Dr. Süleyman Yalçın Şehir Hastanesi,40.985354,29.056432,KADIKOY,IBB
hastane,Özel Güngören Hastanesi,41.02684,28.871785,GUNGOREN,IBB
hastane,T.C. Sağlık Bakanlığı Pendik Devlet Hastanesi,40.87713,29.229848,PENDIK,IBB
hastane,Medipol Üniversitesi Sefaköy Hastanesi,41.014892,28.797884,KUCUKCEKMECE,IBB
hastane,Özel Memorial Ataşehir Hastanesi,40.984375,29.106729,ATASEHIR,IBB
hastane,Özel Acıbadem Küçükçekmece Atakent Hastanesi,41.034889,28.778923,KUCUKCEKMECE,IBB
hastane,Silivri Devlet Hastanesi Ek Hizmet Binası,41.054172,28.379381,SILIVRI,IBB
hastane,Özel Şişli Kolan International Hospital Hastanesi,41.064657,28.980053,SISLI,IBB
hastane,Okan Üniversitesi Hastanesi,40.849664,29.301699,TUZLA,IBB
hastane,T.C. Sağlık Bakanlığı Esenyurt Necmi Kadıoğlu Devlet Hastanesi,41.028891,28.667923,ESENYURT,IBB
hastane,Süreyyapaşa Devlet Hastanesi,40.9475,29.140437,MALTEPE,IBB
hastane,Özel Medicana International İstanbul Hastanesi,41.012784,28.645422,BEYLIKDUZU,IBB
hastane,Özel İstanbul Bölge Hastanesi,41.00566,29.215778,SANCAKTEPE,IBB
hastane,Medicana International Hospital,40.983638,29.106594,ATASEHIR,IBB
hastane,Özel Ataşehir Florence Nightingale Hastanesi,40.984987,29.108997,ATASEHIR,IBB
hastane,Özel Bezmialem Vakıf Üniversitesi Dragos Hastanesi,40.910282,29.13856,MALTEPE,IBB
hastane,SBÜ İstanbul Haydarpaşa Numune Eğitim ve Araştırma Hastanesi,41.004846,29.023363,USKUDAR,IBB
hastane,T.C. Sağlık Bakanlığı Sultanbeyli Devlet Hastanesi,40.986044,29.283927,SULTANBEYLI,IBB
hastane,Metin Sabancı Baltalimanı Kemik Hastalıkları Eğitim ve Araştırma Hastanesi,41.09576,29.053369,SARIYER,IBB
hastane,T.C. Sağlık Bakanlığı Tuzla Devlet Hastanesi,40.844437,29.303179,TUZLA,IBB
hastane,Başakşehir Çam ve Sakura Şehir Hastanesi,41.105178,28.776509,BASAKSEHIR,IBB
hastane,Özel Dr. Sadık Ahmet Hastanesi,40.999674,28.780399,KUCUKCEKMECE,IBB
hastane,Süreyyapaşa Göğüs Hastalıkları ve Göğüs Cerrahisi Eğitim ve Araştırma Hastanesi,40.950666,29.140571,MALTEPE,IBB
hastane,Sarıyer Hamidiye Etfal Devlet Hastanesi,41.157441,29.027268,SARIYER,IBB
hastane,Çekmeköy Devlet Hastanesi,41.036792,29.235292,CEKMEKOY,IBB
hastane,Ibni Sina Hastanesi,40.90095,29.167346,KARTAL,IBB
hastane,İstinye Üniversite Hastanesi,41.056305,28.671764,ESENYURT,IBB
hastane,Medipol Üniversitesi Vatan Kliniği,41.014997,28.942052,FATIH,IBB
hastane,İstanbul Maltepe Üniversitesi Tıp Fakültesi Hastanesi,40.925364,29.134937,MALTEPE,IBB
hastane,İstanbul Eğitim Araştırma Hastanesi Zeytinburnu Polikliniği,40.986839,28.905414,ZEYTINBURNU,IBB
hastane,Özel Avcılar Anadolu Hastanesi,41.005556,28.706159,AVCILAR,IBB
hastane,İstinye Üniversite Hastanesi Medical Park Gaziosmanpaşa,41.059145,28.907151,GAZIOSMANPASA,IBB
hastane,Yeni Yüzyıl Üniversitesi Özel Gaziosmanpaşa Hastanesi,41.059025,28.908188,GAZIOSMANPASA,IBB
hastane,Kartal Dr. Lütfı Kırdar Eğitim ve Araştırma Hastanesi Büyükada Ek Hizmet Binası,40.870116,29.127867,ADALAR,IBB
hastane,Özel Nisa Hastanesi,40.999431,28.830397,BAHCELIEVLER,IBB
hastane,Özel Etiler Hastanesi,41.072374,29.018348,BESIKTAS,IBB
hastane,Alibey Hospital,41.078986,28.927152,EYUPSULTAN,IBB
hastane,İstanbul Haseki Eğitim ve Araştırma Hastanesi,41.010532,28.943541,FATIH,IBB
hastane,Özel Sante Plus Hastanesi,40.998435,28.894424,ZEYTINBURNU,IBB
hastane,Özel Vera Hastanesi,40.907172,29.159963,KARTAL,IBB
hastane,Özel Veni Vidi Hastanesi,41.021384,29.015874,USKUDAR,IBB
hastane,Özel Vm Medicalpark Hastanesi,40.916963,29.145463,MALTEPE,IBB
hastane,Bakırköy Dr. Sadi Konuk Eğitim ve Araştırma Hastanesi Ağız ve Diş Sağlığı Merkezi,40.97832,28.87169,BAKIRKOY,IBB
hastane,Altınbaş Üniversitesi Diş Hekimliği Fakültesi Diş Hastanesi,40.983014,28.872468,BAKIRKOY,IBB
hastane,Özel A Hastanesi,41.022052,28.839217,BAHCELIEVLER,IBB
hastane,Özel Acıbadem Bakırköy Hastanesi,40.977499,28.872888,BAKIRKOY,IBB
hastane,Marmara Ceza Infaz Kurumu Devlet Hastanesi,41.091827,28.157602,SILIVRI,IBB
hastane,Lepra Deri Zührevi Hastaliklari Hastanesi,40.98956,28.859045,BAKIRKOY,IBB
hastane,Özel İstanbul Balıklı Rum Hastanesi,40.997998,28.917597,ZEYTINBURNU,IBB
hastane,Özel Medical Park Bahçelievler Hastanesi,40.995713,28.862927,BAHCELIEVLER,IBB
hastane,Beykoz Toplum Ruh Sağlığı Merkezi,41.111872,29.086921,BEYKOZ,IBB
hastane,Bezmiâlem Çocuk Acil,41.019535,28.935331,FATIH,IBB
hastane,Özel Silivri Anadolu Hastanesi Medikal Onkoloji Merkezi,41.082678,28.224473,SILIVRI,IBB
hastane,Süleymaniye Kadın Doğum Ve Çocuk Hastalıkları Eğt. Araştıma Hst. Semiha Şakir Ek Hizmet Binası,40.996008,28.914955,ZEYTINBURNU,IBB
hastane,Özel Memorial Hastanesi Tüp Bebek Merkez,41.061407,28.972922,SISLI,IBB
hastane,Hattat Hastanesi,41.086022,29.018186,BESIKTAS,IBB
hastane,Artı İstanbul Cerrahi,41.127198,29.02469,SARIYER,IBB
hastane,Beyin Pili Merkezi,40.983609,29.106734,ATASEHIR,IBB
hastane,Avrasya Üroloji Ve Böbrek Taşı Kırma Merkezi,40.922424,29.153731,MALTEPE,IBB
hastane,Bezmiâlem Vakıf Üniversitesi Hastanesi Eyüp Ek Hizmet Binası,41.070286,28.94211,EYUPSULTAN,IBB
hastane,Özel Avrupa Şafak Hastanesi,41.059723,28.91256,GAZIOSMANPASA,IBB
hastane,Sbü İstanbul Sultan Abdülhamid Han Eğitim ve Araştırma Hastanesi,41.001796,29.020844,USKUDAR,IBB
hastane,İstanbul Tacirler Eğitim Vakfı Sultanbeyli Ağız ve Diş Sağlığı Eğitim Araştırma Hastanesi,40.965607,29.265985,SULTANBEYLI,IBB
hastane,Bezmiâlem Vakıf Üniversitesi Hastanesi Sultangazi Ek Hizmet Binası,41.094972,28.865145,SULTANGAZI,IBB
hastane,Bezmiâlem Vakıf Üniversitesi Tıp Fakültesi Hastanesi,41.019151,28.936162,FATIH,IBB
hastane,Bakırköy Devlet Hastanesi,40.994049,28.865437,BAKIRKOY,IBB
hastane,Beykoz Devlet Hastanesi Tepeüstü Ek Hizmet Birimi,41.110862,29.086313,BEYKOZ,IBB
hastane,Eyüp Toplum Ruh Sağlığı Merkezi,41.074129,28.940977,EYUPSULTAN,IBB
hastane,Sancaktepe Şehit Profesör Dr. Ilhan Varank Eğitim ve Araştırma Hastanesi,41.005213,29.196558,SANCAKTEPE,IBB
hastane,Bahçelievler Devlet Hastanesi,41.005712,28.844152,BAHCELIEVLER,IBB
hastane,Erenköy Ruh ve Sinir Hastalıkları Eğitim ve Araştırma Hastanesi,40.97361,29.089339,KADIKOY,IBB
hastane,Özel Maltepe Tıp Merkezi,40.924657,29.130288,MALTEPE,IBB
hastane,T.C. Sağlık Bakanlığı Maltepe Devlet Hastanesi,40.936792,29.134884,MALTEPE,IBB
hastane,İstanbul Prof. Dr. N. Reşat Belger Beyoğlu Göz Eğitim ve Araştırma Hastanesi,41.024761,28.974012,BEYOGLU,IBB
hastane,Doğan Hastanesi,40.986848,28.783952,KUCUKCEKMECE,IBB
hastane,Maltepe Üniversitesi Kadın Doğum Hastalıkları ve Doğum Kliniği,40.925926,29.133343,MALTEPE,IBB
hastane,Esenyurt Necmi Kadıoğlu Devlet Hastanesi,41.027939,28.668165,ESENYURT,IBB
hastane,Esenyurt Necmi Kadıoğlu Devlet Hastanesi Ek Binası,41.027938,28.668124,ESENYURT,IBB
hastane,Beyoğlu Göz Eğitim Ve Araştırma Hastanesi Beyoğlu Semt Polikliniği,41.031266,28.974838,BEYOGLU,IBB
hastane,Göztepe Eğitim Araştırma Hastanesi,40.985684,29.065715,KADIKOY,IBB
hastane,İstanbul Tıp Fakültesi Kemik İliği Bankası,41.016411,28.9323,FATIH,IBB
hastane,Özel Silivri Anadolu Hastanesi,41.082529,28.224513,SILIVRI,IBB
hastane,Özel Silivri Kolan Hospital Hastanesi,41.07208,28.258478,SILIVRI,IBB
hastane,Özel İstanbul Hospital,41.050218,28.802965,KUCUKCEKMECE,IBB
hastane,Eyüp Devlet Hastanesi Toplum ve Ruh Sağlığı Merkezi,41.074062,28.940966,EYUPSULTAN,IBB
hastane,Özel Hürrem Sultan Hastanesi,41.023041,29.017347,USKUDAR,IBB
hastane,Özel Küçükçekmece Hastanesi,40.999623,28.780527,KUCUKCEKMECE,IBB
hastane,Özel Beylikdüzü Kolan Hastanesi,41.006548,28.629578,BEYLIKDUZU,IBB
hastane,Maltepe Ersoy Hastanesi,40.933126,29.134676,MALTEPE,IBB
hastane,Özel Yüzyıl Hastanesi Pendik,40.879124,29.261571,PENDIK,IBB
hastane,Şafak Hastanesi,41.047969,28.84489,BAGCILAR,IBB
hastane,Özel Hospitalist Hastanesi,41.034509,28.854909,BAGCILAR,IBB
hastane,SBÜ İstanbul Bağcılar Eğitim ve Araştırma Hastanesi,41.030025,28.871348,BAGCILAR,IBB
hastane,Hattat Hastanesi,41.086076,29.018171,BESIKTAS,IBB
hastane,Özel Avrupa Hospital Hastanesi,41.181769,28.744166,ARNAVUTKOY,IBB
hastane,Özel Gayrettepe Florance Nightingale Hastanesi,41.063328,29.003967,BESIKTAS,IBB
hastane,Megapol Hastanesi,40.916111,29.199509,KARTAL,IBB
hastane,T.C. Sağlık Bakanlığı Maltepe Devlet Hastanesi,40.936924,29.135045,MALTEPE,IBB
hastane,Özel Maltepe Bölge Hastanesi Acil Servisi,40.920865,29.137522,MALTEPE,IBB
hastane,Medicana International Hospital,40.983652,29.106651,ATASEHIR,IBB
hastane,Yeditepe Üniversitesi Kozyatağı Hastanesi,40.968976,29.103407,ATASEHIR,IBB
hastane,Özel Derindere Hastanesi,41.082724,28.970838,KAGITHANE,IBB
hastane,Doğan Hastanesi,40.986839,28.783867,KUCUKCEKMECE,IBB
hastane,Medipol Hastanesi,41.012561,28.940103,FATIH,IBB
hastane,Tacirler Eğitim Vakfı Sultanbeyli Ağız ve Diş Sağlığı Eğitim Araştırma Hastanesi,40.96555,29.266046,SULTANBEYLI,IBB
hastane,Özel Maltepe Bölge Dünya Hastanesi,40.920909,29.137486,MALTEPE,IBB
hastane,Özel Ersoy Hastanesi,40.966528,29.269318,SULTANBEYLI,IBB
hastane,NB Kadıköy Hastanesi,40.998332,29.0334,KADIKOY,IBB
hastane,T.C. Sağlık Bakanlığı Esenyurt Necmi Kadıoğlu Devlet Hastanesi,41.028762,28.668157,ESENYURT,IBB
hastane,Ibni Sina Hastanesi,40.900867,29.167231,KARTAL,IBB
hastane,Özel Hisar Çamlıca Hastanesi,41.016745,29.09434,UMRANIYE,IBB
hastane,Özel Erdem Hastanesi,41.021671,29.119897,UMRANIYE,IBB
hastane,Özel Nisa Hastanesi,40.999377,28.830283,BAHCELIEVLER,IBB
hastane,T.C. Sağlık Bakanlığı Silivri Devlet Hastanesi,41.078028,28.250096,SILIVRI,IBB
hastane,Özel Medical Park Göztepe Hastanesi Kopmleksi,40.990163,29.077342,KADIKOY,IBB
hastane,Yeditepe Üniversitesi Diş Hekimliği Fakültesi ve Diş Hastanesi,40.97221,29.057672,KADIKOY,IBB
hastane,İstanbul Bezmialem Vakıf Üniversitesi Hastanesi,41.019079,28.93583,FATIH,IBB
hastane,Özel Meltem Hastanesi,41.010731,28.867238,GUNGOREN,IBB
hastane,T.C. Sağlık Bakanlığı Göz Eğitim ve Araştırma Hastanesi beyoğlu semt polikliniği,41.03135,28.974865,BEYOGLU,IBB
hastane,Özel Avusturya Sen Jorj Hastanesi,41.024383,28.974189,BEYOGLU,IBB
hastane,Süleymaniye Kadın Doğum ve Çocuk Hastalıkları Eğitim Araştırma Hastanesi,40.995246,28.914825,ZEYTINBURNU,IBB
hastane,Ece Medikal Hastanesi,41.028861,28.908345,ZEYTINBURNU,IBB
hastane,Medipol Üniversitesi Esenler Hastanesi,41.051198,28.866113,ESENLER,IBB
hastane,Özel Vm Medicalpark Hastanesi,40.917094,29.145311,MALTEPE,IBB
hastane,Çekmeköy Devlet Hastanesi,41.036766,29.235243,CEKMEKOY,IBB
hastane,Özel Dora Hospital Hastanesi,41.058956,29.000773,SISLI,IBB
hastane,Özel Güneşli Erdem Hastanesi,41.039988,28.825433,BAGCILAR,IBB
hastane,Özel Acıbadem Maslak Hastanesi,41.127289,29.02457,SARIYER,IBB
hastane,T.C. Sağlık Bakanlığı Kağıthane Devlet Hastanesi,41.09234,29.001358,KAGITHANE,IBB
hastane,İstinye Üniversite Hastanesi,41.056313,28.672227,ESENYURT,IBB
hastane,Türk Böbrek Vakfı Hizmet Hastanesi,41.000857,28.88029,BAHCELIEVLER,IBB
hastane,Özel Veni Vidi Hastanesi,41.021409,29.015811,USKUDAR,IBB
hastane,Özel Memorial Şişli Hastanesi,41.06156,28.973223,SISLI,IBB
hastane,Özel A Hastanesi,41.021963,28.839111,BAHCELIEVLER,IBB
hastane,Özel Acıbadem Küçükçekmece Atakent Hastanesi,41.034849,28.779004,KUCUKCEKMECE,IBB
hastane,Kartal Kızılay Hastanesi,40.890889,29.181935,KARTAL,IBB
hastane,Özel İstanbul Medipol Hastanesi,41.004979,29.034181,KADIKOY,IBB
hastane,Nişantaşı Hastanesi | Estetik & Obezite,41.054869,28.99616,SISLI,IBB
hastane,Özel Çevre Hastanesi,41.067162,29.001273,SISLI,IBB
hastane,Özel Etiler Hastanesi,41.072615,29.018396,BESIKTAS,IBB
hastane,İstanbul Maltepe Üniversitesi Tıp Fakültesi Hastanesi,40.925492,29.135261,MALTEPE,IBB
hastane,Fatih Sultan Mehmet Eğitim ve Araştırma Hastanesi Diyabet Merkezi,41.016913,29.024004,USKUDAR,IBB
hastane,Amerikan Hastanesi,41.052793,28.995312,SISLI,IBB
hastane,Özel İstanbul Cerrahi Hastanesi,41.05561,28.997916,SISLI,IBB
hastane,Özel Yaşar Hastanesi,40.983739,28.872783,BAKIRKOY,IBB
hastane,Özel İstanbul Onkoloji Hastanesi,40.922682,29.153518,MALTEPE,IBB
hastane,Özel Kadıköy Florance Nightingale Hastanesi,40.980926,29.042392,KADIKOY,IBB
hastane,Özel Rumeli Hospital Hastanesi,41.007873,28.798214,KUCUKCEKMECE,IBB
hastane,Özel Saygı Hastanesi,40.969694,29.258111,SULTANBEYLI,IBB
hastane,İstanbul Üniversitesi İstanbul Tıp Fakültesi Hastanesi,41.01714,28.934254,FATIH,IBB
hastane,Özel Levent Hastanesi,41.080242,29.007224,KAGITHANE,IBB
hastane,Özel Levent Hastanesi Fizik Tedavi Ve Rehabilitasyon,41.08023,29.007175,KAGITHANE,IBB
hastane,Özel Kurtköy Ersoy Hastanesi,40.91075,29.298144,PENDIK,IBB
hastane,Erdem Hastanesi Tüp Bebek Merkezi,41.021499,29.119868,UMRANIYE,IBB
hastane,Özel Estethica Levent Hastanesi,41.086053,29.01786,BESIKTAS,IBB
hastane,Silivri Devlet Hastanesi Acil Servis,41.077953,28.249528,SILIVRI,IBB
hastane,Medar Hastanesi Ataşehir,40.987724,29.144291,ATASEHIR,IBB
hastane,Prof. Dr. Feriha Öz Acil Durum Hastanesi,41.000019,29.209427,SANCAKTEPE,IBB
hastane,Sultangazi Haseki Egitim Ve Araştırma Hastanesi,41.105298,28.872585,SULTANGAZI,IBB
hastane,Türkiye Hastanesi,41.065965,28.981796,SISLI,IBB
hastane,Prof. Dr Cemil Taşçıoğlu Şehir Hastanesi  A Polikliniği,41.063427,28.974743,SISLI,IBB
hastane,S.b. Göztepe Süleyman Yalçın Şehir Hastanesi Acil Servis,40.986948,29.056074,KADIKOY,IBB
hastane,Pendik Devlet Hastanesi İstasyon Klinikleri,40.880812,29.237178,PENDIK,IBB
hastane,T.C. İstanbul Üniversitesi İstanbul Tıp Fakültesi Esnaf Hastanesi Poliklinikleri,41.013821,28.962391,FATIH,IBB
hastane,Şile Devlet Hastanesi Yeni Hizmet Binası,41.162258,29.572429,SILE,IBB
hastane,Mdetica Hospital,40.990954,28.798095,KUCUKCEKMECE,IBB
hastane,İÜC Cerrahpaşa Tıp Fakültesi Prof. Dr. Murat Dilmener Hastanesi,40.971089,28.808222,BAKIRKOY,IBB
hastane,Özel Hilal Sağlık Kabini,41.093209,28.971879,KAGITHANE,IBB
hastane,Özel Medivia Hospital Hastanesi,41.052324,29.076086,USKUDAR,IBB
hastane,Sbü Gaziosmanpaşa Fizik Tedavi Eğitim Ve Araştirma Hastanesi,41.088942,28.907799,GAZIOSMANPASA,IBB
hastane,Ümraniye Eğitim Ve Araştırma Hastanesi,41.032285,29.101185,UMRANIYE,IBB
hastane,Okan Üniversitesi Hastanesi Acıbadem Polikliniği,41.002239,29.04632,KADIKOY,IBB
hastane,Özel Levent Hastanesi,41.089903,29.005447,KAGITHANE,IBB
hastane,Özel Rami Hastanesi,41.048005,28.920127,EYUPSULTAN,IBB
hastane,Kartal Dr. Lütfi Kırdar Şehir Hastanesi Yakacık Ek Binası,40.918843,29.220656,KARTAL,IBB
hastane,Medipol Bahçelievler Hastanesi,40.99897,28.829431,BAHCELIEVLER,IBB
hastane,Seyrantepe Hamidiye Etfal Eğitim ve Araştırma Hastanesi,41.103117,28.996564,SARIYER,IBB
hastane,Pendik Devlet Hastanesi Acil Servis,40.877152,29.229309,PENDIK,IBB
hastane,Özel Gözlem Engelli Bakım Merkezi,41.032317,28.553431,BUYUKCEKMECE,IBB
hastane,Tuzla Devlet Hastanesi Evde Sağlık Hizmetleri Koordinasyon Merkezi,40.901735,29.204294,KARTAL,IBB
hastane,Mehmet Akif Ersoy Göğüs Kalp Ve Damar Cerrahisi Eğitim Ve Araştırma Hastanesi Ek Binası,41.033074,28.776876,KUCUKCEKMECE,IBB
hastane,Ümraniye Eğitim ve Araştırma Hastanesi Çocuk Acil,41.03218,29.101211,UMRANIYE,IBB
hastane,Özel Papatya Polikiniği,40.981095,29.082349,KADIKOY,IBB
hastane,Süreyyapaşa Göğüs Hastalıkları Ve Göğüs Cerrahisi Eğitim Ve Araştırma Hastanesi B Blok,40.951093,29.143522,MALTEPE,IBB
hastane,Yedikule Göğüs Hastalıkları Hastanesi 5. Klinik,41.001808,28.916562,ZEYTINBURNU,IBB
hastane,Yeditepe Üniversitesi Onkoloji,41.004098,29.031291,KADIKOY,IBB
hastane,Özel Yıldız Academia Hastanesi,41.062379,28.928823,GAZIOSMANPASA,IBB
hastane,Yeditepe Üniversitesi Göz Merkezi,41.060182,29.012362,BESIKTAS,IBB
hastane,Kartal Lütfi Kırdar Şehir Hastanesi Nükleer Tıp Bölümü Pet Ct Polikliniği,40.917161,29.173454,KARTAL,IBB
hastane,Kartal Lütiü Kırdar Şehir Hastanesi Onkoloji Bölümü,40.916574,29.174265,KARTAL,IBB
hastane,Marmara Universitesi Pendik Eah Radyasyon Onkolojisi Anabilim Dali,40.885415,29.261715,PENDIK,IBB
hastane,Haydarpaşa Numune Eğitim ve Araştırma Hastanesi Validebağ Ek Hizmet Binası,41.011886,29.040764,USKUDAR,IBB
hastane,Sbü Haydarpaşa Numune Eğitim Ve Araştırma Hastanesi Sadık Eratik Göz Kliniği,41.005735,29.02325,USKUDAR,IBB
hastane,Medient Kulak Burun Boğaz,40.982623,29.09273,KADIKOY,IBB
hastane,Maltepe Ceza İnfaz Kurumu Devlet Hastanesi,40.96825,29.205024,MALTEPE,IBB
hastane,Yeditepe İhtisas Hast. Ortopedi Ve Travmatoloji A.d.,41.003967,29.031516,KADIKOY,IBB
hastane,T.c. İstanbul Şişli Hamidiye Etfal Eğitim Ve Araştırma Hastanesi Onkoloji Tanı Ve Tedavi Merkezi,41.058685,28.990063,SISLI,IBB
hastane,Yeni Yüzyıl Üniversitesi Diş Hekimliği Fakültesi Hastanesi,41.050304,28.945981,BEYOGLU,IBB
hastane,Yedikule Göğüs Hastalıkları Hastanesi - Uyku Bozuklukları Merkezi Ve Klinik Elektrofizyoloji Labratuarı,41.001393,28.916225,ZEYTINBURNU,IBB
hastane,Zeynep Kamil Hastanesi Doğum Acil Servisi,41.014795,29.025022,USKUDAR,IBB
hastane,Kartal Yavuz Selim Hastanesi Kartal Merkez Polikliniği,40.888363,29.182336,KARTAL,IBB
hastane,Medistanbul Hastanesi Obezite Ve Genel Cerrahi Merkezi,41.092496,28.905146,SULTANGAZI,IBB
hastane,Prof Dr. Cemil Taşçıoğlu Şehir Hastanesi Çocuk Acil Servisi,41.065846,28.97543,SISLI,IBB
hastane,Prof. Dr Cemil Taşçıoğlu Şehir Hastanesi Göz Hastalıkları,41.065609,28.973954,SISLI,IBB
hastane,Özel Biomar Polikliniği,41.065287,28.971917,KAGITHANE,IBB
hastane,T. C Sağlık Bakanlığı Dr. İsmail Niyazi Kurtulmuş Hastanesi (yedikule Ek Hizmet Binası),41.155117,28.619703,ARNAVUTKOY,IBB
hastane,Özel Dent Club Diş Hastanesi,41.018592,28.826591,BAHCELIEVLER,IBB
hastane,Zeynep Kamil Çocuk Cerrahisi Kliniği,41.015375,29.027035,USKUDAR,IBB
hastane,Sait Çiftçi Devlet Hastanesi Ek Hizmet Binası,41.051477,29.007836,BESIKTAS,IBB
hastane,Selimpaşa Devlet Hastanesi Acil,41.054,28.379868,SILIVRI,IBB
hastane,Ümraniye Eğitim ve Araştırma Hastanesi Mustafa Cebir Onkoloji Merkezi,41.032086,29.101242,UMRANIYE,IBB
hastane,Acıbadem Ataşehir Hastanesi,40.994554,29.127538,ATASEHIR,IBB
hastane,Eyüp Devlet Hastanesi Aliya İzzetbegoviç Semt Polikliniği,41.0564,28.911818,GAZIOSMANPASA,IBB
hastane,Florya Hastanesi,40.9798,28.747609,AVCILAR,IBB
hastane,Lokman Hekim Hastanesi,40.925653,29.290761,PENDIK,IBB
hastane,Hadımköy Dr. İsmail Niyazi Kurtulmuş Hastanesi,41.155312,28.619574,ARNAVUTKOY,IBB
hastane,Avrasya Hastanesi Gaziosmanpaşa,41.076814,28.906563,GAZIOSMANPASA,IBB
hastane,Elit Hastanesi,40.980493,28.79331,BAKIRKOY,IBB
hastane,"Baltalimanı Kemik Hastalıkları Eğitim Ve Araştırma Hastanesi, Levent Semt Polikliniği",41.074487,29.015747,BESIKTAS,IBB
hastane,Heybeliada Sanatoryum Hastanesi,40.869083,29.08875,ADALAR,IBB
hastane,Atlas Hastanesi,41.024092,29.104129,UMRANIYE,IBB
hastane,İstanbul Mehmet Akif Ersoy Göğüs Kalp Ve Damar Cerrahisi Eğitim Ve Araştırma Hastanesi,41.026068,28.797402,KUCUKCEKMECE,IBB
hastane,Küçükçekmece Özel Hastanesi,40.999706,28.780443,KUCUKCEKMECE,IBB
hastane,Bht Clınıc İstanbul Tema Hastanesi,41.059093,28.774401,KUCUKCEKMECE,IBB
hastane,Eski İtalyan Hastanesi,41.028852,28.981305,BEYOGLU,IBB
hastane,İstanbul Esnaf Hastanesi,41.013895,28.962286,FATIH,IBB
hastane,İ.A.Ü. Vm Medical Park Florya Hastanesi,40.990285,28.797241,KUCUKCEKMECE,IBB
hastane,Beyoğlu Kamu Hastaneleri Birliği Şişli Hamidiye Etfal Eğitim Ve Araştırma Hastanesi Nişantaşı Toplum Ruh Sağlığı Merkezi,41.053193,28.996422,SISLI,IBB
hastane,Eski Verem Hastanesi,40.869043,29.088789,ADALAR,IBB
hastane,Jeremya Hastanesi,41.036415,28.97314,BEYOGLU,IBB
hastane,Istanbul Büyük Şehir,41.014182,28.830189,BAHCELIEVLER,IBB
hastane,istanbul Büyük Şehir,41.232752,29.039459,SARIYER,IBB
hastane,istanbul Büyük Şehir,41.00967,29.103945,UMRANIYE,IBB
hastane,istanbul Büyük Şehir,41.018074,29.111848,UMRANIYE,IBB
hastane,istanbul Büyük Şehir,41.016512,29.109697,UMRANIYE,IBB
hastane,istanbul Büyük Şehir,41.014713,29.108471,UMRANIYE,IBB
hastane,istanbul Bahçelievler Devlet,41.005881,28.84427,BAHCELIEVLER,IBB
hastane,Has Statik Şehir,40.883509,29.34632,TUZLA,IBB
hastane,Turkiye Cumhuriyeti Devlet,41.019538,28.767837,KUCUKCEKMECE,IBB
hastane,i Büyük Şehir,41.046867,28.887082,BAYRAMPASA,IBB
hastane,Turkiye Cumhuriyeti Devlet,41.02882,28.767658,KUCUKCEKMECE,IBB
hastane,Dünya Şehir,40.921552,29.166255,MALTEPE,IBB
hastane,Dünya Şehir,40.921639,29.166182,MALTEPE,IBB
hastane,ibb.Park Bh.Md.Topkapi Şehir,41.022164,28.924936,ZEYTINBURNU,IBB
hastane,Dünya Şehir,40.922454,29.164463,MALTEPE,IBB
hastane,Tuzla Şehir,40.832508,29.311347,TUZLA,IBB
hastane,Tuzla Şehir,40.832178,29.311325,TUZLA,IBB
hastane,Tuzla Şehir,40.832082,29.311565,TUZLA,IBB
hastane,Pendik Şehir,40.876455,29.23202,PENDIK,IBB
hastane,Tuzla Şehir,40.832287,29.311197,TUZLA,IBB
hastane,istanbul Şehir,40.881313,29.069689,ADALAR,IBB
hastane,istanbul Şehir,40.910553,29.055435,ADALAR,IBB
hastane,istanbul Şehir,40.951598,29.09404,KADIKOY,IBB
hastane,istanbul Şehir,40.992819,29.023016,KADIKOY,IBB
hastane,istanbul Şehir,41.116526,29.093254,BEYKOZ,IBB
hastane,istanbul Şehir,41.107419,29.080431,BEYKOZ,IBB
hastane,istanbul Devlet,41.031343,29.021573,USKUDAR,IBB
hastane,istanbul Şehir,41.066853,29.043387,BESIKTAS,IBB
hastane,istanbul Şehir,41.040058,29.005589,BESIKTAS,IBB
hastane,istanbul Şehir,41.038688,28.94533,FATIH,IBB
hastane,istanbul Devlet,40.965664,29.211865,SANCAKTEPE,IBB
hastane,iski Şehir,41.058981,28.888109,BAYRAMPASA,IBB
hastane,iski Şehir,41.063018,28.886208,BAYRAMPASA,IBB
hastane,istanbul Şehir,41.029518,28.967029,BEYOGLU,IBB
hastane,Tuzla Devlet,40.836942,29.360952,TUZLA,IBB
hastane,istanbul Şehir,41.108847,29.082545,BEYKOZ,IBB
hastane,istanbul Şehir,41.030429,28.966256,BEYOGLU,IBB
hastane,S.B.Paşabahçe Devlet,41.117698,29.098138,BEYKOZ,IBB
hastane,T.C.Cumhurbaşkanliği Devlet,41.068732,28.9656,KAGITHANE,IBB
hastane,istanbul Şehir,41.030435,28.952411,FATIH,IBB
hastane,istanbul Şehir,40.978975,29.025081,KADIKOY,IBB
hastane,Pendik Şehir,40.876202,29.231569,PENDIK,IBB
hastane,Turkiye Cumhuriyeti Devlet,40.981948,28.884346,BAKIRKOY,IBB
hastane,istanbul Şehir,41.181815,29.073949,SARIYER,IBB
hastane,Arn Devlet,41.178385,28.746704,ARNAVUTKOY,IBB
hastane,Beylikdüzü Devlet,41.014297,28.625763,BUYUKCEKMECE,IBB
hastane,istanbul Şehir,41.173561,29.088564,BEYKOZ,IBB
hastane,istanbul Şehir,41.054117,29.051928,USKUDAR,IBB
hastane,istanbul Şehir,41.027523,29.015273,USKUDAR,IBB
hastane,ist Üniver Devlet,40.926227,29.15649,MALTEPE,IBB
hastane,Turkiye Cumhuriyeti Devlet,40.880777,29.231413,PENDIK,IBB
hastane,istanbul Büyük Şehir,40.883017,29.263956,PENDIK,IBB
hastane,Turkiye Cumhuriyeti Devlet,41.02776,28.775767,KUCUKCEKMECE,IBB
hastane,ist Büyük Şehir,41.017417,29.13627,UMRANIYE,IBB
hastane,Turkiye Cumhuriyeti Devlet,41.025128,28.766114,KUCUKCEKMECE,IBB
hastane,Ümraniye Bld.Baş.Hekimbaşi Şehir,41.060626,29.108682,UMRANIYE,IBB
hastane,Tc.Sağlik Bak.Üsküdar Devlet,41.027359,29.074986,USKUDAR,IBB
hastane,istanbul Büyük Şehir,41.038637,29.06149,USKUDAR,IBB
hastane,istanbul Şehir,41.043753,29.043074,USKUDAR,IBB
hastane,istanbul Şehir,41.111494,29.057911,SARIYER,IBB
hastane,istanbul Şehir,41.074515,29.058249,USKUDAR,IBB
hastane,istanbul Şehir,41.166424,29.057154,SARIYER,IBB
hastane,istanbul Devlet,40.948647,29.124905,MALTEPE,IBB
hastane,Dünya Şehir,40.922734,29.161736,MALTEPE,IBB
hastane,Dünya Şehir,40.92242,29.162783,MALTEPE,IBB
hastane,istanbul Şehir,41.113532,29.052581,SARIYER,IBB
hastane,istanbul Devlet,41.033688,28.979782,BEYOGLU,IBB
hastane,Sultani Şehir,41.018629,28.650946,ESENYURT,IBB
hastane,istanbul Şehir,41.034825,28.993485,BEYOGLU,IBB
hastane,istanbul Şehir,41.017736,28.9744,FATIH,IBB
hastane,istanbul Şehir,41.002572,28.962583,FATIH,IBB
hastane,istanbul Şehir,41.075912,29.068565,BEYKOZ,IBB
hastane,istanbul Şehir,41.107277,29.084151,BEYKOZ,IBB
hastane,Mega Şehir,41.020232,28.679273,ESENYURT,IBB
