ad,tur,ilce,lat,lon,alan_ha
SURURİ PARKI,Park,BEYOGLU,41.037295,28.971759,1.237
DALYAN PARKI,Park,KADIKOY,40.966155,29.055688,11.095
BEYOĞLU İLÇESİ ÖRNEKTEPE ÖĞRENCİ YURDU BAHÇESİ,Kamu,BEYOGLU,41.054723,28.954766,0.142
İSMEM ALKOL VE MADDE BAĞIMLI GENÇLER REHABİLİTASYON MERKEZİ BAHÇESİ,Kamu,TUZLA,40.865047,29.321121,1.096
ORHANGAZİ ŞEHİR PARKI/BATI 1,Park,MALTEPE,40.934243,29.113171,24.875
ALİBEYKÖY LOJİSTİK MERKEZİ,Park,EYUPSULTAN,41.085159,28.950093,5.934
HACI BAYRAM VELİ CADDESİ PARKI,Park,MALTEPE,40.94274,29.159966,1.131
SANCAKTEPE EYÜP SULTAN SPOR KOMPLEKSİ BAHÇESİ,Kamu,SANCAKTEPE,40.978736,29.232509,1.597
FETİH PARKI,Park,EYUPSULTAN,41.084209,28.925269,0.337
BEYKOZ İLÇE EMNİYET MÜDÜRLÜĞÜ BAHÇESİ,Kamu,BEYKOZ,41.09317,29.101991,0.164
İBB BÜYÜKÇEKMECE TEPECİK ÇEM BAHÇESİ,Kamu,BUYUKCEKMECE,41.032818,28.551733,0.147
ÇANAKKALE CADDESİ ORTA REFÜJLER,Cadde (Kavşak ve Refüj),KARTAL,40.904674,29.175999,0.344
ÜSKÜDAR MİMAR SİNAN MEYDANI,Meydan,USKUDAR,41.023246,29.016995,1.645
BEHÇET KEMAL ÇAĞLAR CADDESİ ORTA REFÜJ VE KAVŞAK,Cadde (Kavşak ve Refüj),BUYUKCEKMECE,41.033655,28.594962,0.702
ESENYURT DOĞA ENERJİ RMS İSTASYON BAHÇESİ,Kamu,ESENYURT,41.065048,28.666314,0.188
ESENYURT RMS-4 İSTASYON BAHÇESİ,Kamu,ESENYURT,41.05205,28.654883,0.531
YENİ MAHALLE MUHTARLIK ÇEVRESİ,Kamu,BAKIRKOY,40.981352,28.880146,0.066
ŞEHİT TEVFİK İNAN PARKI,Park,SARIYER,41.219725,29.024294,0.323
İBB SULTANGAZİ AMBAR BİNASI VE ÇEVRESİ,Kamu,SULTANGAZI,41.125198,28.849485,1.147
KASIMPAŞA HAMAM ÖNÜ,Meydan,BEYOGLU,41.033763,28.968263,0.026
ÇAYIRBAŞI TÜNEL BAĞLANTISI KAVŞAĞI YAN REFÜJLER,Cadde (Kavşak ve Refüj),SARIYER,41.154288,29.025506,0.55
ATAKÖY BULVARI (SPOR KOMPLEKSİ KARŞISI) PARK ALANI,Park,BAKIRKOY,40.988225,28.851649,2.624
İBB BAKIRKÖY ŞENLİKKÖY ÇEM BAHÇESİ,Kamu,BAKIRKOY,40.983289,28.78201,0.189
VALİDE-İ CEDİD CAMİ BAHÇESİ,Kamu,USKUDAR,41.02488,29.015197,0.618
OSMANİYE KAVŞAĞI - İNCİRLİ KAVŞAĞI ARASI ORTA VE YAN REFÜJLER,"Karayolu (Kavşak, Şev-Yamaç ve Refüj)",BAKIRKOY,41.003834,28.890503,6.338
SBÜ GAZİOSMANPAŞA FİZİK TEDAVİ EĞİTİM VE ARAŞTIRMA HASTANESİ BAHÇESİ,Kamu,GAZIOSMANPASA,41.089275,28.908595,0.762
ANADOLU KAVAĞI SAHİL PARKI,Park,BEYKOZ,41.168523,29.083893,0.449
BOZGOCA MAHALLE PARKI,Park,SILE,41.142165,29.775293,0.026
SİRKECİ - UNKAPANI ARASI ORTA VE YAN REFÜJLER,Cadde (Kavşak ve Refüj),FATIH,41.017492,28.973072,0.516
ÇATLADIKAPI SAHİL PARKI,Park,FATIH,41.002021,28.968526,3.778
ŞEHİT MEHMET HÜSEYİN BALTA PARKI,Park,FATIH,41.030091,28.936411,0.489
DOĞANCILAR PARKI,Park,USKUDAR,41.018879,29.01332,0.803
KAMİL ABDUŞ LAGÜN PARKI,Park,TUZLA,40.834312,29.284617,11.007
DOLMABAHÇE YAMAÇLAR YAN REFÜJLER,Cadde (Kavşak ve Refüj),BESIKTAS,41.039446,28.99597,0.079
ÇATALCA KESTANELİK MAHALLE PARKI,Park,CATALCA,41.2303,28.495799,0.101
HALKALI KAVŞAĞI - İKİTELLİ KAVŞAĞI ARASI ORTA VE YAN REFÜJLER,"Karayolu (Kavşak, Şev-Yamaç ve Refüj)",BAGCILAR,41.055071,28.810294,2.237
KÜÇÜKÇEKMECE HÜRRİYET BULVARI ORTA VE YAN REFÜJLER,Cadde (Kavşak ve Refüj),KUCUKCEKMECE,41.052328,28.795033,6.331
TURGUT ÖZAL METRO İSTASYONU,Metro Çıkışı,BASAKSEHIR,41.081129,28.797592,0.234
ŞEHİTLER PARKI,Park,PENDIK,40.876695,29.223078,3.563
FATİH TERİM YOLU HABİBLER BAĞLANTI YOLU ORTA VE YAN REFÜJLER,Cadde (Kavşak ve Refüj),BASAKSEHIR,41.132892,28.800022,2.427
PENDİK 100. YIL PARKI,Park,PENDIK,40.878613,29.221383,0.966
İBB İDRİS GÜLLÜCE KÜLTÜR MERKEZİ BAHÇESİ,Kamu,TUZLA,40.850045,29.302711,0.037
ŞEYHLİ MAHALLESİ ANKARA CADDESİ MEZARLIK ÖNÜ ORTA REFÜJLER,Cadde (Kavşak ve Refüj),PENDIK,40.905175,29.281721,0.078
BİLAL BOZKAYA PARKI,Park,BAKIRKOY,40.987249,28.868656,0.14
YENİŞEHİR PARKI,Park,PENDIK,40.933969,29.300554,2.818
EYÜPSULTAN ATATÜRK BULVARI,Cadde (Kavşak ve Refüj),GAZIOSMANPASA,41.080608,28.927376,2.133
TEM KINALI KAVŞAĞI - E5 KINALI KAVŞAĞI ARASI ORTA VE YAN REFÜJLER,"Karayolu (Kavşak, Şev-Yamaç ve Refüj)",SILIVRI,41.0934,28.145107,37.271
CUMHURBAŞKANLIĞI GİRİŞİ YAN REFÜJ,Cadde (Kavşak ve Refüj),SARIYER,41.128935,29.058123,0.496
İBB KARTAL YOL BAKIM VE ONARIM ŞUBE MÜDÜRLÜĞÜ BAHÇESİ,Kamu,KARTAL,40.906551,29.242713,2.306
ESENKENT ÖĞRENCİ PARKI,Park,MALTEPE,40.932347,29.170786,0.446
ATATÜRK BULVARI ORTA VE YAN REFÜJLER,Cadde (Kavşak ve Refüj),FATIH,41.01459,28.954828,0.46
KAVAKLIDERE YAŞAM VADİSİ 5. ETAP,Park,BEYLIKDUZU,40.964589,28.63443,6.767
BAŞAKŞEHİR ONURKENT PARKI - 2,Park,BASAKSEHIR,41.108588,28.795045,0.595
YAVUZ SULTAN SELİM CAMİ KÜLLİYESİ BAHÇESİ,Kamu,FATIH,41.026766,28.951222,1.316
ESENKENT TATLISU PARKI,Park,MALTEPE,40.93449,29.171289,0.752
BOSTANCI KAVŞAĞI - KÜÇÜKYALI KAVŞAĞI ARASI ORTA VE YAN REFÜJLER,"Karayolu (Kavşak, Şev-Yamaç ve Refüj)",MALTEPE,40.955436,29.114833,5.595
GÜRPINAR SU ÜRÜNLERİ HALİ BAHÇESİ,Kamu,BEYLIKDUZU,40.966434,28.60238,1.299
SİRKECİ GAR ÖNÜ PARKI,Park,FATIH,41.01573,28.976963,0.47
KURBAĞALIDERE PARKI,Park,KADIKOY,40.980769,29.029993,4.112
KAYNARCA KAVŞAĞI - AYDINLI YOLU KAVŞAĞI ARASI YAN REFÜJ,"Karayolu (Kavşak, Şev-Yamaç ve Refüj)",PENDIK,40.872619,29.29071,10.982
İBB PROF. DR. ADEM BAŞTÜRK KÜLTÜR MERKEZİ BAHÇESİ,Kamu,ESENLER,41.040168,28.883987,0.259
ŞİLE KADIKÖY MAHALLE PARKI,Park,SILE,41.108837,29.904025,0.12
ÇATALCA 15 TEMMUZ HATIRA ORMANI,Hatıra Ormanı,CATALCA,41.108057,28.552384,12.284
SAADETDERE MAHALLE PARKI,Park,ESENYURT,41.004355,28.694433,0.401
BAKIRKÖY SAKIZAĞACI PARKI,Park,BAKIRKOY,40.978094,28.883498,0.464
GÖZTEPE KAVŞAĞI - KOZYATAĞI ARASI YAN REFÜJLER,"Karayolu (Kavşak, Şev-Yamaç ve Refüj)",ATASEHIR,40.985362,29.089448,0.882
YAKACIK SAMANDIRA CADDESİ ORTA REFÜJLER,Cadde (Kavşak ve Refüj),KARTAL,40.933332,29.220166,0.716
BARAJYOLU - SARIGAZİ ARASI ORTA VE YAN REFÜJLER,Cadde (Kavşak ve Refüj),UMRANIYE,41.007326,29.189222,2.213
SALI PAZARI - KARAKÖY MEYDANI,Meydan,BEYOGLU,41.022086,28.975428,0.127
TOPRAK DEDE HAYRETTİN KARACA PARKI,Park,PENDIK,40.8745,29.231458,13.212
TEM KUMBURGAZ KAVŞAĞI - SELİMPAŞA KAVŞAĞI ARASI YAN REFÜJLER,"Karayolu (Kavşak, Şev-Yamaç ve Refüj)",BUYUKCEKMECE,41.056995,28.424633,35.64
BÜYÜKYALI KAVŞAĞI - MALTEPE KAVŞAĞI ARASI ORTA VE YAN REFÜJLER,"Karayolu (Kavşak, Şev-Yamaç ve Refüj)",MALTEPE,40.940496,29.133116,0.988
YENİ MAHALLE PLEVNE CADDESİ ORTA REFÜJLER,Cadde (Kavşak ve Refüj),PENDIK,40.883719,29.230624,0.058
BARUTHANE MİLLET BAHÇESİ PARKI,Park,BAKIRKOY,40.975468,28.859007,6.362
PAŞABAHÇE SAHİL PARKI,Park,BEYKOZ,41.116492,29.093862,0.237
ŞEHİT ÇETİN CAN PARKI,Park,SARIYER,41.122973,29.038944,1.515
KOCA MUSTAFA PAŞA SAHİL PARKI,Park,FATIH,40.995025,28.930539,10.548
SELANİK - İSTANBUL CADDELERİ ORTA VE YAN REFÜJLER,Cadde (Kavşak ve Refüj),EYUPSULTAN,41.161316,28.908991,2.288
YEDİKULE KAVŞAĞI,Cadde (Kavşak ve Refüj),ZEYTINBURNU,40.990291,28.919118,0.532
PİYALEPAŞA BULVARI ORTA VE YAN REFÜJLER,Cadde (Kavşak ve Refüj),SISLI,41.055911,28.970866,14.424
KÜÇÜKSU CADDESİ ORTA VE YAN REFÜJLER,Cadde (Kavşak ve Refüj),UMRANIYE,41.046679,29.114005,1.093
ORGENERAL ABDURRAHMAN NAFİZ GÜRMAN PARKI,Park,GUNGOREN,41.003409,28.883548,2.421
ŞEHİT KUBİLAY PARKI,Park,EYUPSULTAN,41.076343,28.958996,0.386
CEMAL REŞİT REY KONSER SALONU BAHÇESİ,Kamu,SISLI,41.048319,28.989791,0.014
BEYKOZ SOĞUKSU CADDESİ ORTA VE YAN REFÜJLER,Cadde (Kavşak ve Refüj),BEYKOZ,41.109696,29.103867,1.383
ORHANGAZİ ŞEHİR PARKI/DOĞU 1,Park,MALTEPE,40.920884,29.12351,28.759
SARIGAZİ KAVŞAĞI - TAŞDELEN KAVŞAĞI ARASI ORTA VE YAN REFÜJLER,"Karayolu (Kavşak, Şev-Yamaç ve Refüj)",CEKMEKOY,41.018226,29.209145,0.303
TAHSİN ARCAN PARKI,Park,PENDIK,40.876907,29.238719,0.518
ÇAMLIK ATATÜRK PARKI,Park,BAKIRKOY,40.987276,28.869777,0.379
TEKSTİLKENT METRO ÇIKIŞI,Metro Çıkışı,ESENLER,41.070239,28.866333,0.049
KIBRIS BARIŞ ORMANI PARKI,Park,BEYOGLU,41.054354,28.954369,0.396
SİLİVRİ KAVŞAĞI,"Karayolu (Kavşak, Şev-Yamaç ve Refüj)",SILIVRI,41.079186,28.237833,2.224
TOPKAPI KAVŞAĞI VE ÇEVRESİ,"Karayolu (Kavşak, Şev-Yamaç ve Refüj)",ZEYTINBURNU,41.019353,28.92251,1.29
DENİZ AKTAŞ PARKI,Park,BAKIRKOY,40.963641,28.832908,0.635
ADNAN KAHVECİ BULVARI ORTA REFÜJ,Cadde (Kavşak ve Refüj),BAKIRKOY,40.982322,28.852241,0.501
İBB BEYKOZ RECEP ŞAHİN KÖKTÜRK SPOR KOMPLEKSİ BAHÇESİ,Kamu,BEYKOZ,41.124852,29.100358,0.388
VEZNECİLER KIZ ÖĞRENCİ YURDU BAHÇESİ,Kamu,FATIH,41.013171,28.959712,1.265
PENDİK AYDINLI YOLU CADDESİ ORTA REFÜJ,Cadde (Kavşak ve Refüj),PENDIK,40.879286,29.244533,0.347
ŞEHİT ATİLLA TAPAN PARKI,Park,BEYKOZ,41.127725,29.095889,1.015
HALK CADDESİ ORTA VE YAN REFÜJLER,Cadde (Kavşak ve Refüj),ATASEHIR,40.986178,29.104356,3.01
KAYALI BAHÇE PARKI,Park,BAKIRKOY,40.973009,28.789042,0.433
CEMAL KAMACI SPOR KOMPLEKSİ BAHÇESİ,Kamu,KAGITHANE,41.053404,28.958711,0.121
TARLABAŞI - AZAPKAPI ARASI ORTA VE YAN REFÜJLER,Cadde (Kavşak ve Refüj),BEYOGLU,41.031643,28.973768,0.609
TAKSİM GEZİ PARKI,Park,SISLI,41.040546,28.987406,5.664
KURTKÖY MAHALLESİ SELÇUKLU CADDESİ ORTA REFÜJ,Cadde (Kavşak ve Refüj),PENDIK,40.918178,29.292276,0.244
YENİKÖY MAHALLE PARKI - 2 (AĞVA),Park,SILE,41.115422,29.848315,0.033
MAHMUTBEY DOĞU KAVŞAĞI - ESENLER KAVŞAĞI ARASI ORTA VE YAN REFÜJLER,"Karayolu (Kavşak, Şev-Yamaç ve Refüj)",BAGCILAR,41.055155,28.855067,10.608
FERHATPAŞA AĞAÇLANDIRMA SAHASI (REZERV ALANI),Ağaçlandırma Sahası,CATALCA,41.136405,28.457838,1.844
BAĞCILAR KİRAZLI MAHALLESİ ZEMİN ÜSTÜ PARKI,Park,BAGCILAR,41.03274,28.834647,0.136
15 TEMMUZ OTOGAR KAVŞAĞI VE ORA AVM ÖNÜ ORTA VE YAN REFÜJLER,Cadde (Kavşak ve Refüj),BAYRAMPASA,41.038415,28.889335,1.706
MARMARA ÜNİVERSİTESİ İLAHİYAT FAKÜLTESİ BAHÇESİ,Kamu,USKUDAR,41.02059,29.036855,2.354
SEFAKÖY KAVŞAĞI,"Karayolu (Kavşak, Şev-Yamaç ve Refüj)",BAHCELIEVLER,41.009674,28.813,2.441
SİNAN ERDEM SPOR SALONU BAHÇESİ,Kamu,BAKIRKOY,40.988649,28.853353,0.58
KERVANSARAY MAHALLE PARKI,Park,SILE,41.071847,29.456913,0.233
BAŞAKŞEHİR HÜRRİYET BULVARI ORTA VE YAN REFÜJLER,Cadde (Kavşak ve Refüj),BASAKSEHIR,41.090899,28.79016,3.877
DİNOZORLU PARKI,Park,BAKIRKOY,40.982399,28.872,0.138
İBB SANCAKTEPE İŞİTME ENGELLİLER REHABİLİTASYON MERKEZİ BAHÇESİ,Kamu,SANCAKTEPE,41.001496,29.231804,0.531
AHMETLİ MAHALLE PARKI,Park,SILE,41.146853,29.572579,0.185
HABEŞ PARKI,Park,EYUPSULTAN,41.032131,28.937168,1.55
SÜLEYMANİYE CAMİ BAHÇESİ,Kamu,FATIH,41.015919,28.964185,3.393
SİLAHTARAĞA PARKI,Park,EYUPSULTAN,41.060869,28.945241,3.835
HASDAL KAVŞAĞI OKMEYDANI KAVŞAĞI ARASI 1. KISIM ORTA VE YAN REFÜJLER,"Karayolu (Kavşak, Şev-Yamaç ve Refüj)",EYUPSULTAN,41.085463,28.960472,11.882
BURUNBAHÇE MESİRE ALANI - 2,Park,BEYKOZ,41.111095,29.0852,2.508
SÜTLÜCE ORTA VE YAN REFÜJLER,Cadde (Kavşak ve Refüj),BEYOGLU,41.055392,28.94667,1.528
İBB BEYLİKDÜZÜ ÇEM BAHÇESİ,Kamu,BEYLIKDUZU,40.977874,28.645971,0.114
İBB SULTANBEYLİ MİMAR SİNAN ÇEM BAHÇESİ,Kamu,SULTANBEYLI,40.990951,29.255624,0.11
HARMANDERE MAHALLESİ ANKARA CADDESİ NO:445 ÖNÜ ORTA REFÜJLER,Cadde (Kavşak ve Refüj),PENDIK,40.929665,29.325937,0.056
TUZLA KAVŞAĞI - BAYRAMOĞLU ARASI YAN REFÜJLER,"Karayolu (Kavşak, Şev-Yamaç ve Refüj)",TUZLA,40.829662,29.338464,1.711
ÇAKMAK METRO İSTASYONU,Metro Çıkışı,UMRANIYE,41.02196,29.117056,0.025
ŞEHİTLİK PARKI,Park,UMRANIYE,41.013581,29.107162,7.362
15 TEMMUZ ŞEHİTLER HATIRA ORMANI (OSMANLI HATIRA ORMANI),Hatıra Ormanı,BEYKOZ,41.081883,29.093112,14.201
BAHÇEKÖY CADDESİ ORTA REFÜJLER,Cadde (Kavşak ve Refüj),SARIYER,41.155862,29.029184,0.504
YAMANEVLER METRO İSTASYONU,Metro Çıkışı,UMRANIYE,41.02428,29.10835,0.496
AHİ ÇELEBİ CAMİ BAHÇESİ,Kamu,FATIH,41.019074,28.968295,0.124
İTFAİYE MÜFREZESİ BAHÇESİ,Kamu,BAKIRKOY,40.963314,28.807923,0.738
BEYLİKDÜZÜ CEMEVİ BAHÇESİ,Kamu,BEYLIKDUZU,40.980891,28.646428,0.325
ÇAMLIK MAHALLESİ CAHİT ZARİFOĞLU ORTA REFÜJLER,Cadde (Kavşak ve Refüj),PENDIK,40.930136,29.279737,0.314
ŞEHİT ENGİN TİLBAÇ PARKI,Park,SULTANGAZI,41.088004,28.874089,1.593
DOSTLUK PARKI,Park,SILE,41.171507,29.608762,0.03
ÇATALCA EKMEKÇİOĞLU MESİRE ALANI,Mesire Alanı,CATALCA,41.227524,28.445603,4.44
İBB BAKIRKÖY EK HİZMET BİNASI BAHÇESİ,Kamu,BAKIRKOY,40.999469,28.884686,0.122
ÇATALCA DEVEKOŞAN MESİRE ALANI,Mesire Alanı,CATALCA,41.408146,28.490254,1.495
ÇATALCA KÜPTEPE MESİRE ALANI,Mesire Alanı,CATALCA,41.23764,28.478889,2.368
ÇATALCA KARAPINAR MESİRE ALANI,Mesire Alanı,CATALCA,41.249875,28.369501,2.997
ÇATALCA HACIÇEŞME MESİRE ALANI,Mesire Alanı,CATALCA,41.243528,28.428547,2.997
ÇATALCA ÇEŞMECİPINAR MESİRE ALANI,Mesire Alanı,CATALCA,41.280083,28.344371,3.297
ÇATALCA HARMANLAR ÜSTÜ MESİRE ALANI,Mesire Alanı,CATALCA,41.25859,28.410963,2.992
ÇATALCA AYDINLAR MESİRE ALANI,Mesire Alanı,CATALCA,41.369048,28.210813,7.217
HARMANDERE KAVŞAĞI - HAVALİMANI KAVŞAĞI ARASI ORTA VE YAN REFÜJLER,"Karayolu (Kavşak, Şev-Yamaç ve Refüj)",PENDIK,40.922608,29.323598,6.133
İSMEK PASTACILIK OKULU BAHÇESİ,Kamu,ESENLER,41.02001,28.898764,1.037
EYÜP BULVARI ORTA VE YAN REFÜJLER,Cadde (Kavşak ve Refüj),EYUPSULTAN,41.041929,28.928685,0.633
ESENLER KAVŞAĞI - VATAN KAVŞAĞI ARASI ORTA VE YAN REFÜJLER,"Karayolu (Kavşak, Şev-Yamaç ve Refüj)",BAYRAMPASA,41.040358,28.908112,2.766
TEM PENDİK KAVŞAĞI,"Karayolu (Kavşak, Şev-Yamaç ve Refüj)",PENDIK,40.935967,29.333472,16.023
İBB KARTAL LOJİSTİK DESTEK HİZMETLERİ BAHÇESİ,Kamu,KARTAL,40.907779,29.189862,3.642
EDİRNEKAPI KAVŞAĞI - VATAN CADDESİ KAVŞAĞI ARASI ORTA VE YAN REFÜJLER,"Karayolu (Kavşak, Şev-Yamaç ve Refüj)",EYUPSULTAN,41.033662,28.92969,2.599
ACIBADEM CADDESİ ORTA REFÜJLER,Cadde (Kavşak ve Refüj),USKUDAR,41.013441,29.054552,0.081
D100 MİMAR SİNAN KAVŞAĞI - ÇATALCA AHMEDİYE KAVŞAĞI ARASI ORTA VE YAN REFÜJLER,"Karayolu (Kavşak, Şev-Yamaç ve Refüj)",BUYUKCEKMECE,41.050452,28.540943,10.073
PENDİK SEMERKANT BULVARI AĞAÇLANDIRMA SAHASI (REZERV ALAN),Ağaçlandırma Sahası,PENDIK,40.917556,29.284788,1.224
HARAMİDERE KAVŞAĞI - AMBARLI LİMANI ARASI ORTA VE YAN REFÜJLER,"Karayolu (Kavşak, Şev-Yamaç ve Refüj)",BEYLIKDUZU,40.991008,28.68057,6.298
Ç.MESKEN - GÖÇMEN BLOKLARI PARKI,Park,EYUPSULTAN,41.08176,28.959268,1.925
İDEALTEPE 50. YIL KORUSU,Koru,MALTEPE,40.94045,29.123186,8.076
BURGAZADA MEZARLIK SOKAK YEŞİL ALAN,Kamu,ADALAR,40.880727,29.067838,0.012
BURGAZADA VAPUR İSKELESİ YEŞİL ALAN,Park,ADALAR,40.881125,29.070101,0.01
BURGAZADA SAİT FAİK ABASIYANIK HEYKELİ YEŞİL ALAN,Kamu,ADALAR,40.881237,29.067718,0.038
HEYBELİADA DEĞİRMEN BURNU GİRİŞİ SPOR ALANI,Park,ADALAR,40.882938,29.098631,0.028
ATATÜRK CADDESİ ORTA VE YAN REFÜJLER,Cadde (Kavşak ve Refüj),SANCAKTEPE,41.008227,29.224384,1.044
İBB KARTAL HUZUREVİ BAHÇESİ,Kamu,KARTAL,40.906582,29.241153,1.891
ÇINAR OTEL YANI PARKI,Park,BAKIRKOY,40.959468,28.837098,0.442
BÜYÜKADA İZZET ORBAY PARKI,Park,ADALAR,40.867211,29.133576,0.086
BİZANS ÇÖPLÜĞÜ - DOLAPDERE ARASI ORTA REFÜJ VE İPLİKÇİ KAVŞAĞI,Cadde (Kavşak ve Refüj),BEYOGLU,41.040136,28.977177,0.421
KADI MEHMET EFENDİ PARKI,Park,BEYOGLU,41.033967,28.964118,0.039
DOLMABAHÇE CAMİ BAHÇESİ,Kamu,BEYOGLU,41.036733,28.995276,0.185
BURGAZADA SU SPORLARI KULÜBÜ ÖNÜ YEŞİL ALAN,Kamu,ADALAR,40.879424,29.070669,0.011
TEM OTOYOLU - FORMULA PİSTİ ARASI ORTA VE YAN REFÜJLER,"Karayolu (Kavşak, Şev-Yamaç ve Refüj)",TUZLA,40.936314,29.35949,9.999
BEBEK ÇINARLI BAHÇE PARKI,Park,BESIKTAS,41.076644,29.042894,0.073
BURGAZADA YALI CADDESİ ATATÜRK BÜSTÜ VE YEŞİL ALAN,Kamu,ADALAR,40.879689,29.070184,0.005
KUYUMCUKENT KAVŞAĞI,"Karayolu (Kavşak, Şev-Yamaç ve Refüj)",BAHCELIEVLER,41.000318,28.818263,7.484
BURGAZADA GEZİNTİ CADDESİ YEŞİL ALAN,Kamu,ADALAR,40.882737,29.068998,0.102
HEYBELİADA LOZAN ZAFERİ CADDESİ YAN REFÜJ,Park,ADALAR,40.876966,29.098545,0.019
KINALIADA İSKELE ÇIKIŞI ORTA YEŞİL ALAN,Kamu,ADALAR,40.910488,29.05516,0.003
KINALIADA NİDA PARKI YEŞİL ALAN,Park,ADALAR,40.904496,29.051612,0.052
MAHMUT ŞEVKET PAŞA MAHALLE PARKI,Park,BEYKOZ,41.153377,29.187861,0.08
ÜMRANİYE KAVŞAĞI - TANTAVİ TÜNELİ ARASI ORTA VE YAN REFÜJLER,"Karayolu (Kavşak, Şev-Yamaç ve Refüj)",UMRANIYE,41.03013,29.093349,4.044
EMİRGAN KORUSU,Koru,SARIYER,41.109673,29.054967,42.707
DEDEOĞLU ORTA VE YAN REFÜJLER,Cadde (Kavşak ve Refüj),BEYKOZ,41.10838,29.087084,0.276
HASANOĞLU DERESİ PARKI,Park,KUCUKCEKMECE,41.049088,28.757558,7.487
HAVALİMANI TERMİNAL KAVŞAĞI,"Karayolu (Kavşak, Şev-Yamaç ve Refüj)",PENDIK,40.916667,29.312126,5.242
AMBARLI KAVŞAĞI - HARAMİDERE KAVŞAĞI ARASI YAN REFÜJLER,"Karayolu (Kavşak, Şev-Yamaç ve Refüj)",AVCILAR,41.000064,28.691615,0.306
İSTASYON MAHALLESİ PARKI,Park,KUCUKCEKMECE,41.031474,28.777988,0.742
ŞEHİT HÜSEYİN ÇATALKAŞ PARKI,Park,EYUPSULTAN,41.080675,28.939517,0.666
SOĞULLAR MAHALLE PARKI,Park,SILE,41.140919,29.792594,0.011
ŞEHİT YARBAY CESUR PARKI,Park,BAHCELIEVLER,40.996057,28.849168,0.346
VELİBABA MAHALLESİ ANKARA CADESİ NO:174 - AYTEMİZ PETROL ÖNÜ REFÜJLER,Cadde (Kavşak ve Refüj),PENDIK,40.89866,29.260156,0.04
TATARCIK PARKI,Park,BASAKSEHIR,41.105754,28.669691,9.594
BAHÇELİEVLER MAHALLESİ ZÜMRÜT CADDESİ ÜÇGEN ORTA REFÜJLER,Cadde (Kavşak ve Refüj),PENDIK,40.885071,29.238302,0.043
ŞİŞLİ CUMHURİYET CADDESİ ORTA VE YAN REFÜJLER,Cadde (Kavşak ve Refüj),SISLI,41.044593,28.986748,0.525
PENDİK SAHİL PARKI,Park,KARTAL,40.876312,29.220336,14.465
İSTANBUL BÖLGE İDARE MAHKEMESİ BAHÇESİ,Kamu,BAGCILAR,41.06287,28.829029,1.653
İBB MALTEPE GÜLSUYU ÇEM BAHÇESİ,Kamu,MALTEPE,40.931808,29.156177,0.638
50. YIL PARKI,Park,FATIH,41.014827,28.955819,2.002
VATAN CADDESİ ORTA VE YAN REFÜJLER,Cadde (Kavşak ve Refüj),FATIH,41.016825,28.940452,7.068
NURİ KİLLİGİL PARKI,Park,BEYOGLU,41.057607,28.949217,8.46
ÜZÜM SOKAK PARKI,Park,SILE,41.170312,29.625434,0.082
ÇEKMEKÖY KAVŞAĞI ORTA REFÜJ,"Karayolu (Kavşak, Şev-Yamaç ve Refüj)",UMRANIYE,41.029361,29.171695,1.733
KAYNARCA KAVŞAĞI,"Karayolu (Kavşak, Şev-Yamaç ve Refüj)",PENDIK,40.866462,29.272878,5.22
ŞEHZADEBAŞI CAMİ BAHÇESİ,Kamu,FATIH,41.013921,28.957126,1.037
DARÜŞŞAFAKA METRO İSTASYONU ÇIKIŞI VE ÇEVRESİ,Metro Çıkışı,SARIYER,41.12996,29.025028,0.527
DEMİRCİLİ MAHALLE PARKI,Park,SILE,41.036058,29.649583,0.069
GAZİ PARKI,Park,SULTANGAZI,41.096312,28.89966,9.004
SAMANDIRA KAVŞAĞI,"Karayolu (Kavşak, Şev-Yamaç ve Refüj)",SANCAKTEPE,40.969172,29.217038,7.23
ARKEOLOJİ PARKI,Park,FATIH,41.014488,28.953042,1.193
ARNAVUTKÖY ZEMİN ÜSTÜ PARKI,Park,ARNAVUTKOY,41.183228,28.739677,0.901
15 TEMMUZ ŞEHİTLER KÖPRÜSÜ - ZİNCİRLİKUYU KAVŞAĞI ARASI ORTA VE YAN REFÜJLER,"Karayolu (Kavşak, Şev-Yamaç ve Refüj)",BESIKTAS,41.059157,29.017561,4.294
ORTAKÖY KAVŞAĞI - E5 PARKKÖY KAVŞAĞI ARASI ORTA VE YAN REFÜJLER,"Karayolu (Kavşak, Şev-Yamaç ve Refüj)",SILIVRI,41.062837,28.333292,7.854
AVCILAR VATAN HASTANESİ KAVŞAĞI - AVCILAR KAVŞAĞI ARASI,"Karayolu (Kavşak, Şev-Yamaç ve Refüj)",AVCILAR,40.984915,28.725363,0.309
SİLİVRİ KAVŞAĞI - E5 ALİPAŞA KAVŞAĞI ARASI ORTA VE YAN REFÜJLER,"Karayolu (Kavşak, Şev-Yamaç ve Refüj)",SILIVRI,41.081241,28.219348,3.854
EMİRHAN CADDESİ PARKI,Park,BESIKTAS,41.058584,29.008862,0.026
BULGURLU KAVŞAĞI - TANTAVİ TÜNELİ ARASI ORTA VE YAN REFÜJLER,"Karayolu (Kavşak, Şev-Yamaç ve Refüj)",USKUDAR,41.024626,29.082045,0.722
HALKALI KAVŞAĞI,"Karayolu (Kavşak, Şev-Yamaç ve Refüj)",KUCUKCEKMECE,41.045563,28.808401,3.197
MERMERKULE PARKI,Park,FATIH,40.98939,28.922289,3.619
GÖZTEPE METRO ÇIKIŞI,Metro Çıkışı,BAGCILAR,41.056812,28.84767,0.278
POLİGON PARKI,Park,SARIYER,41.11661,29.041231,0.661
GÖÇE MAHALLE PARKI - 1,Park,SILE,41.109295,29.85095,0.066
CEZAYİRLİ HASAN PAŞA PARKI,Park,BEYOGLU,41.030197,28.966992,0.752
HALKALI 4 CADDE ORTA VE YAN REFÜJLER,Cadde (Kavşak ve Refüj),KUCUKCEKMECE,41.051576,28.773809,1.428
BAHÇELİEVLER MAHALLESİ ADNAN MENDERES BULVARI MOSTAR KESİŞİMİ ORTA REFÜJLER,Cadde (Kavşak ve Refüj),PENDIK,40.886797,29.237432,0.036
MACAR KARDEŞLER PARKI,Park,FATIH,41.015297,28.95261,0.137
HATİPLER MAHALLE PARKI,Park,SILE,41.09529,29.871514,0.051
TEM PENDİK KAVŞAĞI - ŞEKERPINAR KAVŞAĞI ARASI ORTA VE YAN REFÜJLER,"Karayolu (Kavşak, Şev-Yamaç ve Refüj)",TUZLA,40.908702,29.360516,45.594
KUTLU DOĞUM PARKI,Park,EYUPSULTAN,41.079007,28.939181,0.847
BAĞCILAR HÜRRİYET MAHALLESİ PAZAR YERİ PARKI,Park,BAGCILAR,41.029423,28.83276,0.473
UZUNÇAYIR KAVŞAĞI - GÖZTEPE KAVŞAĞI ARASI YAN REFÜJLER,"Karayolu (Kavşak, Şev-Yamaç ve Refüj)",KADIKOY,40.997056,29.061501,1.98
HASANPAŞA GAZHANESİ,Kamu,KADIKOY,40.996683,29.043068,3.104
TÜRKAN SABANCI BEBEK PARKI,Park,BESIKTAS,41.076204,29.043645,1.744
KİREMİTDERE YOLU ORTA VE YAN REFÜJLER,Cadde (Kavşak ve Refüj),BEYKOZ,41.102693,29.086631,0.088
ORHANLI KAVŞAĞI,"Karayolu (Kavşak, Şev-Yamaç ve Refüj)",PENDIK,40.923782,29.341601,10.169
SİTE SOKAK PARKI,Park,PENDIK,40.931685,29.326698,1.125
PENDİK MUHSİN YAZICIOĞLU PARKI,Park,PENDIK,40.87846,29.217678,3.482
SARIYER HEZARFEN AHMET ÇELEBİ PARKI,Park,SARIYER,41.102694,29.039349,0.437
TEM ÇATALCA KAVŞAĞI - TEM KUMBURGAZ KAVŞAĞI ARASI ORTA VE YAN REFÜJLER,"Karayolu (Kavşak, Şev-Yamaç ve Refüj)",CATALCA,41.067195,28.497464,31.145
İBB FLORYA SOSYAL TESİSLERİ BAHÇESİ,Kamu,BAKIRKOY,40.962215,28.805904,18.128
POYRAZKÖY PARKI,Park,BEYKOZ,41.206308,29.136747,0.077
YAVUZ SULTAN SELİM PARKI,Park,MALTEPE,40.947558,29.162271,1.418
SOSYAL HİZMETLER DAİRE BAŞKANLIĞI BAHÇESİ,Kamu,BAKIRKOY,40.990048,28.830367,0.201
KAZAKİSTAN PARKI,Park,BAKIRKOY,40.976479,28.862614,1.883
TOPHANE PARKI,Park,BEYOGLU,41.026949,28.981553,0.624
TEM PENDİK KAVŞAĞI - HARMANDERE KAVŞAĞI ARASI ORTA VE YAN REFÜJLER,"Karayolu (Kavşak, Şev-Yamaç ve Refüj)",PENDIK,40.93351,29.330025,1.62
BAHÇELİEVLER MAHALLESİ ADNAN MENDERES BULVARI ORTA REFÜJLER,Cadde (Kavşak ve Refüj),PENDIK,40.884236,29.235548,0.068
BÜYÜKADA TEPEKÖY PARKI,Park,ADALAR,40.868003,29.129915,0.085
ORUÇGAZİ ORTA OKULU PARKI,Park,FATIH,41.01165,28.952923,0.142
PENDİK HATBOYU CADDESİ ORTA VE YAN REFÜJLER,Cadde (Kavşak ve Refüj),PENDIK,40.880199,29.23386,0.057
ESENLER SPOR KOMPLEKSİ BAHÇESİ,Kamu,ESENLER,41.052788,28.8794,1.063
ŞELALE PARKI,Park,KARTAL,40.934901,29.213124,0.794
ÇAYIRBAŞI AĞAÇLANDIRMA SAHASI - 1,Ağaçlandırma Sahası,SARIYER,41.150824,29.029276,1.293
İBB DARÜŞŞAFAKA 100. YIL ORMANI,Ağaçlandırma Sahası,SARIYER,41.147155,29.029231,7.351
ÇATALCA ÇAKIL KAVŞAĞI,"Karayolu (Kavşak, Şev-Yamaç ve Refüj)",CATALCA,41.130639,28.473748,0.98
IHLAMUR KUYU METRO İSTASYONU,Metro Çıkışı,UMRANIYE,41.020032,29.130274,0.068
KAVAKLIDERE YAŞAM VADİSİ 3. ETAP,Park,BEYLIKDUZU,40.990056,28.644832,9.658
KURAN KURSU CADDESİ ORTA REFÜJLER,Cadde (Kavşak ve Refüj),SULTANBEYLI,40.94391,29.269178,0.278
KADIRGALAR CADDESİ ORTA VE YAN REFÜJLER,Cadde (Kavşak ve Refüj),SISLI,41.046156,28.991677,1.009
ÇAMLICA GİŞELER - TEM KARTAL KAVŞAĞI ARASI ORTA VE YAN REFÜJLER,"Karayolu (Kavşak, Şev-Yamaç ve Refüj)",ATASEHIR,40.988098,29.192034,10.27
HASDAL KAVŞAĞI OKMEYDANI KAVŞAĞI ARASI 2. KISIM ORTA VE YAN REFÜJLER,"Karayolu (Kavşak, Şev-Yamaç ve Refüj)",KAGITHANE,41.070324,28.955408,16.406
İBB SARIYER KÜLTÜR MERKEZİ BAHÇESİ,Kamu,SARIYER,41.124075,29.051614,2.915
KAZIM KARABEKİR CADDESİ - SÜNNET KÖPRÜSÜ ARASI ORTA VE YAN REFÜJLER,Cadde (Kavşak ve Refüj),BEYOGLU,41.06472,28.947795,0.491
ÇAĞLAYAN BAĞLANTI YOLU - ABİDEİ HÜRRİYET ARASI ORTA REFÜJLER,"Karayolu (Kavşak, Şev-Yamaç ve Refüj)",KAGITHANE,41.0642,28.982968,0.473
AYVANSARAY KAVŞAĞI,"Karayolu (Kavşak, Şev-Yamaç ve Refüj)",EYUPSULTAN,41.038735,28.937424,5.487
İBB DOLAPDERE PBH EK HİZMET BİNASI ORTA VE YAN REFÜJLER,Cadde (Kavşak ve Refüj),BEYOGLU,41.039346,28.971643,0.168
ŞİLE LİMAN PARKI,Park,SILE,41.180994,29.607119,0.197
ÇOBAN ÇEŞME PARKI,Park,EYUPSULTAN,41.081006,28.950994,0.879
YENİBOSNA ÇEVRE KORUMA MÜDÜRLÜĞÜ BAHÇESİ,Kamu,BAHCELIEVLER,40.997587,28.826342,0.067
BÜYÜK ÇAMLICA KORUSU,Koru,USKUDAR,41.026729,29.068276,16.637
HARAMİDERE TEM BAĞLANTI YOLU KATILIM YOLLARI KAVŞAĞI,"Karayolu (Kavşak, Şev-Yamaç ve Refüj)",ESENYURT,41.017297,28.679021,0.811
MAHMUTBEY KÖPRÜSÜ BÖLGE İDARE MAHKEMESİ ÖNÜ ORTA VE YAN REFÜJLER,Cadde (Kavşak ve Refüj),BAGCILAR,41.061503,28.82706,5.505
PİRİNÇÇİ MAHALLE PARKI,Park,EYUPSULTAN,41.163557,28.85169,0.03
GÖKSU MAHALLE PARKI,Park,SILE,41.077233,29.775805,0.097
SADABAT ORTA VE YAN REFÜJLER,Cadde (Kavşak ve Refüj),KAGITHANE,41.07204,28.963881,1.687
BEYLERBEYİ PARKI,Park,USKUDAR,41.043616,29.042623,0.249
DEMİRCİKÖY MAHALLE PARKI,Park,SARIYER,41.235219,29.056584,0.422
NİLÜFER PARKI,Park,BEYOGLU,41.062697,28.9484,3.073
KURFALLI MAHALLE PARKI,Park,SILE,41.134097,29.825963,0.073
İBB ÖZGEM - KAYABAŞI ÇEM BAHÇESİ,Kamu,BASAKSEHIR,41.106591,28.770217,0.677
PENDİK KAVŞAĞI,"Karayolu (Kavşak, Şev-Yamaç ve Refüj)",PENDIK,40.888467,29.238094,1.744
İGDAŞ VATAN HİZMET BİNASI BAHÇESİ,Kamu,FATIH,41.024932,28.930572,0.195
SÖĞÜTLÜ PARKI,Park,KARTAL,40.926886,29.212493,0.534
FİLDAMI YOLU ORTA VE YAN REFÜJLER,Cadde (Kavşak ve Refüj),BAKIRKOY,40.992504,28.886652,2.548
TEM KARTAL KAVŞAĞI,"Karayolu (Kavşak, Şev-Yamaç ve Refüj)",SANCAKTEPE,40.983593,29.205059,9.517
HACILLI MAHALLE PARKI,Park,SILE,41.045296,29.769028,0.109
SADABAT MESİRE ALANI - 4,Mesire Alanı,KAGITHANE,41.067822,28.957083,10.04
75. YIL PARKI,Park,SILE,41.17166,29.618469,0.266
BAŞAKŞEHİR 2. ETAP KORU PARKI,Park,BASAKSEHIR,41.105647,28.785255,3.286
ALTINŞEHİR METRO ÇIKIŞI,Metro Çıkışı,UMRANIYE,41.016615,29.139815,0.042
OLİMPİYAT KÖYÜ VE ÇEVRESİ,Kamu,BASAKSEHIR,41.073523,28.766639,58.615
ÇOBANÇEŞME KAVŞAĞI - FLORYA KAVŞAĞI ARASI ORTA VE YAN REFÜJLER,"Karayolu (Kavşak, Şev-Yamaç ve Refüj)",BAKIRKOY,40.998397,28.799078,2.829
BEYLİKDÜZÜ SOSYAL TESİS VE SPOR KOMPLEKSİ BAHÇESİ (KALEKENT),Park,BEYLIKDUZU,41.001552,28.636626,0.577
SBÜ SULTAN 2. ABDÜLHAMİT HAN EĞİTİM VE ARAŞTIRMA HASTANESİ BAHÇESİ,Kamu,USKUDAR,41.000911,29.021658,11.471
MİHRABAT CADDESİ ORTA VE YAN REFÜJLER,Cadde (Kavşak ve Refüj),BEYKOZ,41.095145,29.091496,0.421
SATMAZLI MAHALLE PARKI,Park,SILE,41.128947,29.55741,0.118
FLORYA ATATÜRK ORMANI VE İPA YERLEŞKESİ,Koru,BAKIRKOY,40.978968,28.785545,64.403
ALTUNİZADE KAVŞAĞI - ACIBADEM KAVŞAĞI ARASI YAN REFÜJLER,"Karayolu (Kavşak, Şev-Yamaç ve Refüj)",USKUDAR,41.015415,29.055818,5.638
KASIMPAŞA STADI ETRAFI,Cadde (Kavşak ve Refüj),BEYOGLU,41.032914,28.9733,0.871
MİMAR SİNAN KAVŞAĞI - E5 KUMBURGAZ KAVŞAĞI ORTA VE YAN REFÜJLER,"Karayolu (Kavşak, Şev-Yamaç ve Refüj)",BUYUKCEKMECE,41.014005,28.516025,13.492
İNCİRLİ KAVŞAĞI - ATAKÖY KAVŞAĞI ARASI ORTA VE YAN REFÜJLER,"Karayolu (Kavşak, Şev-Yamaç ve Refüj)",BAKIRKOY,40.991833,28.85111,3.465
SANCAKTEPE MEHMET AKİF CADDESİ ORTA VE YAN REFÜJLER,Cadde (Kavşak ve Refüj),SANCAKTEPE,40.979741,29.217987,0.055
MALTEPE BAŞIBÜYÜK FUAYE EVLERİ ÖNÜ,Park,MALTEPE,40.949698,29.166472,2.689
HİSAR ÜSTÜ BOĞAZİÇİ ÜNİVERSİTESİ METRO İSTASYONU ÇIKIŞI VE ÇEVRESİ,Metro Çıkışı,SARIYER,41.08516,29.046226,0.233
FESHANE PARKI,Park,EYUPSULTAN,41.045039,28.938202,3.048
İTO PARKI,Park,FATIH,41.020352,28.965377,3.472
BAŞIBÜYÜK KAVŞAĞI,"Karayolu (Kavşak, Şev-Yamaç ve Refüj)",MALTEPE,40.950488,29.166398,2.463
İBB BAĞCILAR KİRAZLI ÇEM BAHÇESİ,Kamu,BAGCILAR,41.033194,28.841798,0.123
HADIMKÖY RMS İSTASYONU BAHÇESİ,Kamu,ARNAVUTKOY,41.138083,28.589843,0.879
İBB MÜJDAT GÜRSU SPOR TESİSİ BAHÇESİ,Kamu,SILIVRI,41.087644,28.259771,3.644
ORUÇGAZİ PARKI,Park,FATIH,41.013152,28.952667,0.39
AYRILIKÇEŞME MARMARAY DURAKLARI ÇEVRESİ,Metro Çıkışı,KADIKOY,40.999265,29.030339,1.361
KARTAL AKŞEMSETTİN PARKI,Park,KARTAL,40.936277,29.215766,0.774
HAREM KORUSU,Koru,USKUDAR,41.013485,29.011623,3.078
NADİR NADİ PARKI,Park,FATIH,41.000222,28.934392,1.005
NUH KUYUSU CADDESİ YAN REFÜJLER,Cadde (Kavşak ve Refüj),USKUDAR,41.013544,29.024547,0.027
İSKELE CADDESİ ORTA VE YAN REFÜJLER,Cadde (Kavşak ve Refüj),AVCILAR,40.971548,28.720379,1.182
KAYAŞEHİR 912. ADA PARKI,Park,BASAKSEHIR,41.10812,28.754951,1.135
ARNAVUTKÖY - BOĞAZKÖY KÜLTÜR VE SPOR TESİSİ BAHÇESİ,Kamu,ARNAVUTKOY,41.186539,28.764667,2.157
AVCILAR SAHİL PARKI - 2,Park,AVCILAR,40.97385,28.743154,18.307
KUZGUNCUK CEP PARKLARI,Park,USKUDAR,41.037308,29.030404,0.116
ÇEVRE KORUMA VE KONTROL MD. KİMYEVİ MADDE DEPOLARI BAHÇESİ,Kamu,BASAKSEHIR,41.086867,28.739312,24.509
BAŞAKŞEHİR ATATÜRK BULVARI ORTA VE YAN REFÜJLER,Cadde (Kavşak ve Refüj),BASAKSEHIR,41.086083,28.800495,1.319
İBB SAMANDIRA ÇEM BAHÇESİ,Kamu,SANCAKTEPE,40.979969,29.225094,0.123
TEM SİLİVRİ KAVŞAĞI,"Karayolu (Kavşak, Şev-Yamaç ve Refüj)",SILIVRI,41.11045,28.263642,23.179
TEM SELİMPAŞA KAVŞAĞI,"Karayolu (Kavşak, Şev-Yamaç ve Refüj)",SILIVRI,41.069606,28.384676,12.972
TUZLA ÇİÇEKÇİLER PARKI,Park,TUZLA,40.827796,29.317006,0.206
FINDIKLI PARKI,Park,BEYOGLU,41.031478,28.990021,0.45
MİLLET CADDESİ ORTA VE YAN REFÜJLER,Cadde (Kavşak ve Refüj),FATIH,41.014117,28.937191,1.328
SEYRANTEPE 700. YIL PARKI,Park,KAGITHANE,41.097167,28.989429,3.43
BIÇKIDERE MAHALLE PARKI,Park,SILE,41.069667,29.474144,0.215
RIHTIM CADDESİ YAN REFÜJLER,Cadde (Kavşak ve Refüj),KARTAL,40.888278,29.187708,0.069
TEM KINALI KAVŞAĞI - ÇERKEZKÖY KAVŞAĞI ARASI YAN REFÜJLER,"Karayolu (Kavşak, Şev-Yamaç ve Refüj)",SILIVRI,41.154164,28.137441,85.77
15 TEMMUZ KENT ORMANI 2. ETAP,Kent Ormanı,EYUPSULTAN,41.148643,28.896907,162.003
YEŞİL VADİ CADDESİ SAAT KULESİ VE ÇEVRESİ,Meydan,BASAKSEHIR,41.103743,28.804663,0.525
OVACIK MAHALLE PARKI,Park,SILE,41.11867,29.618965,0.088
SARIGAZİ KAVŞAĞI,"Karayolu (Kavşak, Şev-Yamaç ve Refüj)",CEKMEKOY,41.015826,29.204461,4.302
O3 ORTA REFÜJLER,"Karayolu (Kavşak, Şev-Yamaç ve Refüj)",BAYRAMPASA,41.046133,28.885916,1.854
TEM SİLİVRİ KAVŞAĞI - E5 SİLİVRİ KAVŞAĞI ARASI YAN REFÜJLER,"Karayolu (Kavşak, Şev-Yamaç ve Refüj)",SILIVRI,41.088356,28.246973,6.102
BARBAROS BULVARI BAĞLANTI YOLU ORTA VE YAN REFÜJLER,Cadde (Kavşak ve Refüj),BESIKTAS,41.054571,29.011624,1.731
MECİDİYEKÖY ACİL METRO ÇIKIŞI,Metro Çıkışı,SISLI,41.066663,28.989788,0.316
TAHAFFUZHANE PARKI,Park,TUZLA,40.817617,29.300479,1.123
İBB KÜÇÜKÇEKMECE CUMHURİYET MAHALLESİ ÇEM BAHÇESİ,Kamu,KUCUKCEKMECE,40.996382,28.772645,0.158
İBB HÜRRİYET MAHALLESİ ÇEM BAHÇESİ,Kamu,KARTAL,40.906505,29.245116,0.175
TEM ÇERKEZKÖY KAVŞAĞI,"Karayolu (Kavşak, Şev-Yamaç ve Refüj)",SILIVRI,41.194401,28.084835,20.096
AĞVA MEYDANI,Meydan,SILE,41.139147,29.854461,0.553
MERMERCİLER PARKI,Park,KAGITHANE,41.063438,28.951336,0.889
İMRENDERE MAHALLE PARKI,Park,SILE,41.142293,29.598126,0.171
İBB SANATÇI YAŞAM EVİ BAHÇESİ,Kamu,KARTAL,40.905346,29.24123,0.99
PENDİK ÇAMLIK SPOR TESİSİ BAHÇESİ,Kamu,PENDIK,40.928064,29.280586,6.119
SEFAKÖY MALAZGİRT CADDESİ ORTA VE YAN REFÜJLER,Cadde (Kavşak ve Refüj),KUCUKCEKMECE,41.007658,28.807967,0.463
GÖKSU YOLU ORTA REFÜJLER,Cadde (Kavşak ve Refüj),BEYKOZ,41.084419,29.083548,0.82
İBB MALTEPE FINDIKLI ÇEM BAHÇESİ,Kamu,MALTEPE,40.968105,29.124488,0.018
AKŞEMSETTİN PARKI,Park,FATIH,41.035575,28.947393,5.501
TEPEÜSTÜ KAVŞAĞI,"Karayolu (Kavşak, Şev-Yamaç ve Refüj)",UMRANIYE,41.02237,29.129058,2.272
YAZIMANAYIR MAHALLE PARKI,Park,SILE,41.068523,29.684119,0.037
AHMET KILIÇ BULVARI ORTA REFÜJLER,Cadde (Kavşak ve Refüj),TUZLA,40.816685,29.296947,0.16
ÇARŞI METRO İSTASYONU,Metro Çıkışı,UMRANIYE,41.025898,29.096957,0.545
ŞEHİT GÜLŞEN BAHADIR PARKI,Park,BAKIRKOY,40.95717,28.82507,17.527
KÜÇÜKÇEKMECE GÖLAĞZI PARKI,Park,KUCUKCEKMECE,40.982248,28.773249,10.552
AKÇAKESE MAHALLE PARKI,Park,SILE,41.140027,29.717914,0.284
FETHİPAŞA KORUSU,Koru,USKUDAR,41.032672,29.027181,13.878
GÖÇE MAHALLE PARKI - 2,Park,SILE,41.106883,29.852117,0.037
15 TEMMUZ KENT ORMANI 1. ETAP,Kent Ormanı,EYUPSULTAN,41.159603,28.88546,151.873
HALKALI MEHMET AKİF ERSOY CADDESİ ORTA VE YAN REFÜJLER,Cadde (Kavşak ve Refüj),KUCUKCEKMECE,41.02041,28.780784,2.51
AĞVA BÜYÜK ŞEHİR PARKI,Park,SILE,41.135303,29.845709,0.377
PENDİK CUMHURİYET CADDESİ ORTA REFÜJLER,Cadde (Kavşak ve Refüj),PENDIK,40.932041,29.307744,1.011
ULUS PARKI,Park,BESIKTAS,41.06407,29.032366,3.086
PENDİK İLHAMİ SOYSAL BULVARI ORTA REFÜJLER,Cadde (Kavşak ve Refüj),PENDIK,40.877799,29.237367,0.014
SOĞULLU MAHALLE PARKI,Park,SILE,41.093738,29.821202,0.14
SİLİVRİ BÜYÜKÇAVUŞLU MAHALLE PARKI,Park,SILIVRI,41.235328,28.059731,0.502
FLORYA AKVARYUM ÇEVRESİ,Cadde (Kavşak ve Refüj),BAKIRKOY,40.965029,28.798573,1.111
SEYMEN MAHALLESİ PARKI,Park,SILIVRI,41.159147,28.168748,0.239
GATA ÖNÜ ORTA VE YAN REFÜJLER,Cadde (Kavşak ve Refüj),USKUDAR,41.004485,29.02079,0.744
GÖZTEPE 60. YIL PARKI,Park,KADIKOY,40.969652,29.057196,7.868
DARÜLBEDAİ PARKI,Park,SISLI,41.048178,28.991101,0.379
ESATPAŞA SPOR PARKI,Park,ATASEHIR,41.002018,29.085542,1.26
DOLAYOBA - SULTANBEYLİ ORTA REFÜJLER,Cadde (Kavşak ve Refüj),SULTANBEYLI,40.922952,29.273349,1.571
YAKUPLU ÇEŞMELİ PARKI,Park,SILE,41.131925,29.840957,0.064
BALTALİMANI - LEVENT BAĞLANTI YOLU ARASI ORTA VE YAN REFÜJLER,Cadde (Kavşak ve Refüj),SARIYER,41.096763,29.029545,1.242
İBB KÜÇÜKÇEKMECE HALKALI MERKEZ MAHALLESİ ÇEM BAHÇESİ,Kamu,KUCUKCEKMECE,41.029106,28.794113,0.237
İSTANBUL BÖLGE ADLİYE MAHKEMESİ BAHÇESİ,Kamu,KARTAL,40.910963,29.157858,5.351
FORMULA PISTI YAN YOLU ORTA VE YAN REFÜJLER,Cadde (Kavşak ve Refüj),TUZLA,40.94929,29.401098,4.876
HARAMİDERE KAVŞAĞI,"Karayolu (Kavşak, Şev-Yamaç ve Refüj)",ESENYURT,41.005988,28.678006,9.699
15 TEMMUZ KENT ORMANI 3. ETAP,Kent Ormanı,EYUPSULTAN,41.156873,28.875123,222.262
CİHANGİR PARKI,Park,BEYOGLU,41.031842,28.985879,0.287
15 TEMMUZ DEMOKRASİ OTOGARI ORTA VE YAN REFÜJLER,Kamu,BAYRAMPASA,41.041026,28.894257,3.789
HAREM - BAYRAMOĞLU ARASI ORTA REFÜJ,"Karayolu (Kavşak, Şev-Yamaç ve Refüj)",KARTAL,40.906976,29.205184,9.376
İBB BEYLİKDÜZÜ YAKUPLU ÇEM BAHÇESİ,Kamu,BEYLIKDUZU,40.987048,28.671624,0.02
ANADOLU HİSARI MÜZE BAHÇESİ,Kamu,BEYKOZ,41.082155,29.066839,0.398
ORTADAĞ KAVŞAĞI - BALIKESİR KAVŞAĞI ARASI ORTA VE YAN REFÜJLER,Cadde (Kavşak ve Refüj),KARTAL,40.933466,29.208726,4.889
MİMAR SİNAN CAMİ İÇ AVLUSU VE BAHÇESİ,Kamu,ATASEHIR,40.995517,29.111954,0.828
BEYKOZ KORU YANI ATATÜRK ÇAMLIĞI,Ağaçlandırma Sahası,BEYKOZ,41.129215,29.095746,2.589
KAYMAKAMLIK YANI PARKI,Park,SILE,41.172218,29.606324,0.02
MAHMUTBEY İTFAİYE İSTASYONU BAHÇESİ,Kamu,BAGCILAR,41.054471,28.830951,0.063
BAĞLARBAŞI - KAPİTOL - ALTUNİZADE ARASI ORTA VE YAN REFÜJLER,Cadde (Kavşak ve Refüj),USKUDAR,41.022933,29.038132,0.177
KÜÇÜKYALI KAVŞAĞI - BÜYÜKYALI KAVŞAĞI ARASI YAN REFÜJLER,"Karayolu (Kavşak, Şev-Yamaç ve Refüj)",MALTEPE,40.948166,29.123959,0.666
ÇAMLICA KAVŞAĞI - ÇAMLICA GİŞELER ARASI ORTA VE YAN REFÜJLER,"Karayolu (Kavşak, Şev-Yamaç ve Refüj)",UMRANIYE,40.994121,29.158051,22.914
DEFTERDAR İBRAHİM PAŞA CAMİ BAHÇESİ,Kamu,BESIKTAS,41.051101,29.033185,0.157
FATİH ANIT PARKI,Park,FATIH,41.015573,28.954161,1.276
23 NİSAN 100. YIL PARKI,Park,BEYKOZ,41.151358,29.116706,0.477
SANCAKTEPE SEVENLER KAVŞAĞI,Cadde (Kavşak ve Refüj),SANCAKTEPE,40.989098,29.226998,0.937
HACIOSMAN ATATÜRK KENT ORMANI VE DERBENT BÖLÜMÜ,Kent Ormanı,SARIYER,41.134338,29.031948,107.379
AYDOS 1-2-3 ETAP ORTA VE YAN REFÜJLER,Cadde (Kavşak ve Refüj),PENDIK,40.92569,29.285813,1.953
CEBECİ PARKI,Park,SULTANGAZI,41.103068,28.875825,11.317
İSTİNYE İDO PARKI,Park,SARIYER,41.113796,29.061324,0.246
BAŞAKŞEHİR SPOR PARKI,Park,BASAKSEHIR,41.123443,28.775101,3.859
DUATEPE PARKI,Park,SARIYER,41.08736,29.050922,1.979
İBB ŞİLE SPOR KOMPLEKSİ BAHÇESİ,Kamu,SILE,41.155067,29.588235,1.099
VELİBABA MAHALLESİ AYDOS CADDESİ ORTA REFÜJLER,Cadde (Kavşak ve Refüj),PENDIK,40.913026,29.252452,0.02
BUTİK GENÇLİK MERKEZİ BAHÇESİ,Kamu,SARIYER,41.147691,29.040379,0.169
FEVZİPAŞA CADDESİ - VEZNECİLER CADDESİ ARASI ORTA REFÜJLER,Cadde (Kavşak ve Refüj),FATIH,41.019606,28.948292,0.879
İBB SİLİVRİKAPI BUZ PATENİ PİSTİ BAHÇESİ,Kamu,FATIH,41.003181,28.92316,0.023
HASDAL KAVŞAĞI,"Karayolu (Kavşak, Şev-Yamaç ve Refüj)",KAGITHANE,41.098398,28.961794,40.924
GÜLHANE KORUSU,Koru,FATIH,41.013288,28.981435,12.048
KAVACIK SOĞUKSU YOLU - KAVACIK RÜZGARLI BAHÇE YOLU ARASI ORTA VE YAN REFÜJLER,"Karayolu (Kavşak, Şev-Yamaç ve Refüj)",BEYKOZ,41.10248,29.098959,1.23
GENÇLİK PARKI,Park,FATIH,41.004076,28.954778,1.015
METRİS KAVŞAĞI,"Karayolu (Kavşak, Şev-Yamaç ve Refüj)",ESENLER,41.079721,28.873008,6.489
HARMANDERE MAHALLESİ ANKARA CADDESİ NO:498 ÖNÜ ORTA REFÜJLER,Cadde (Kavşak ve Refüj),PENDIK,40.928889,29.323366,0.026
ÜMRANİYE METRO İSTASYONU,Metro Çıkışı,USKUDAR,41.02472,29.084738,0.111
KAYNARCA SAHİL PARKI,Park,PENDIK,40.869769,29.254865,9.348
HACI HÜSREV CAMİ PARKI,Park,EYUPSULTAN,41.039883,28.940771,0.523
BEYAZIT MEYDANI,Meydan,FATIH,41.010402,28.964984,3.588
KÜLTÜR PARKI,Park,SILE,41.178817,29.61239,1.54
GABDULLA TUKAY PARKI,Park,EYUPSULTAN,41.064958,28.943286,4.107
ANADOLU FENERİ PARKI,Park,BEYKOZ,41.216351,29.153921,0.012
YUNUS EMRE PARKI - 2,Park,KARTAL,40.929348,29.217478,0.886
GÖLLÜ MAHALLE PARKI,Park,BEYKOZ,41.175564,29.26928,0.053
HAVA ŞEHİTLERİ PARKI,Park,FATIH,41.015963,28.952671,0.36
YUNUS EMRE PARKI - 1,Park,KARTAL,40.930458,29.216405,1.138
HARABELER ÜSTÜ VE SEDİMANTASYON PROJESİ,Ağaçlandırma Sahası,KAGITHANE,41.079427,28.977314,4.02
PİYALEPAŞA CAMİ BAHÇESİ,Kamu,BEYOGLU,41.04481,28.96587,1.325
PENDİK REYHAN CADDESİ ORTA VE YAN REFÜJLER,Cadde (Kavşak ve Refüj),PENDIK,40.934085,29.31768,0.64
GÜLSUYU KAVŞAĞI - CEVİZLİ KAVŞAĞI ARASI YAN REFÜJLER,"Karayolu (Kavşak, Şev-Yamaç ve Refüj)",MALTEPE,40.921458,29.164291,1.786
ÜMRANİYE KAVŞAĞI,"Karayolu (Kavşak, Şev-Yamaç ve Refüj)",UMRANIYE,41.030136,29.11911,30.077
3004 CADDESİ ORTA VE YAN REFÜJLER,Cadde (Kavşak ve Refüj),UMRANIYE,41.002556,29.100614,1.102
ABDURRAHMANGAZİ PARKI,Park,SANCAKTEPE,40.99759,29.224496,0.968
KULELİ PARKI - 1,Park,USKUDAR,41.055659,29.052188,0.169
10. YIL CADDESİ YAN REFÜJLER,Cadde (Kavşak ve Refüj),ZEYTINBURNU,41.001924,28.92064,1.006
HASAN DOĞAN SPOR KOMPLEKSİ BAHÇESİ,Kamu,KARTAL,40.892211,29.190221,0.031
YAKAKÖY MAHALLE PARKI,Park,SILE,40.991945,29.653889,0.253
FSM - LEVENT BAĞLANTI YOLU ARASI ORTA VE YAN REFÜJLER,Cadde (Kavşak ve Refüj),BESIKTAS,41.0898,29.018981,7.207
BARIŞ MANÇO PARKI,Park,EYUPSULTAN,41.090037,28.928259,2.644
ALİBEYKÖY MERKEZ PARKI,Park,EYUPSULTAN,41.079594,28.94864,2.232
A 0 KAVŞAĞI,"Karayolu (Kavşak, Şev-Yamaç ve Refüj)",BASAKSEHIR,41.065181,28.808847,3.419
İBB BAYRAMPAŞA SPOR TESİSİ BAHÇESİ,Kamu,BAYRAMPASA,41.044917,28.910314,0.09
İMES KAVŞAĞI,"Karayolu (Kavşak, Şev-Yamaç ve Refüj)",UMRANIYE,40.994532,29.155296,3.682
EMBEYLER MAHALLE PARKI,Park,SILE,41.079925,29.801973,0.044
KURTKÖY MAHALLESİ ANKARA CADDESİ - ÜSTÜN CADDESİ KESİŞİMİ ORTA REFÜJ,Cadde (Kavşak ve Refüj),PENDIK,40.913291,29.298399,0.068
AĞVA İSKELE CADDESİ ORTA REFÜJLER,Cadde (Kavşak ve Refüj),SILE,41.135636,29.859031,0.187
SABAHATTİN ZAİM ÜNİVERSİTESİ ÖNÜ KAVŞAĞI,"Karayolu (Kavşak, Şev-Yamaç ve Refüj)",KUCUKCEKMECE,41.029085,28.789953,1.071
AYAZAĞA KASRI BAHÇESİ,Kamu,SARIYER,41.106869,29.008489,0.546
AVCIKORU MAHALLE PARKI,Park,SILE,41.119835,29.413259,0.242
BEYLİKDÜZÜ RIFAT ILGAZ CADDESİ ORTA VE YAN REFÜJ,Cadde (Kavşak ve Refüj),BEYLIKDUZU,40.992835,28.653141,4.287
HAVALİMANI TERMİNAL KAVŞAĞI - HAVALİMANI BAĞLANTI KAVŞAĞI ARASI,"Karayolu (Kavşak, Şev-Yamaç ve Refüj)",PENDIK,40.914156,29.316297,2.731
HARAMİDERE KAVŞAĞI - BİZİMKENT KAVŞAĞI ARASI ORTA VE YAN REFÜJLER,"Karayolu (Kavşak, Şev-Yamaç ve Refüj)",BEYLIKDUZU,41.007211,28.663167,1.32
SOSYAL HİZMETLER MERKEZİ BAHÇESİ,Kamu,USKUDAR,41.009208,29.020938,0.088
KİRAZLI METRO İSTASYONU,Metro Çıkışı,BAGCILAR,41.032541,28.842232,1.805
YAVUZ SULTAN SELİM BULVARI (BEYKENT),Cadde (Kavşak ve Refüj),BEYLIKDUZU,41.005226,28.625873,1.103
KALEM MAHALLE PARKI (KÖSELER MEVKİİ),Park,SILE,41.09614,29.839917,0.055
KAZIM KARABEKİR METRO ÇIKIŞI,Metro Çıkışı,GAZIOSMANPASA,41.085121,28.908308,0.794
KISIRKAYA HAYVAN BARINAĞI BAHÇESİ,Kamu,SARIYER,41.25731,28.956343,34.53
BALAT PARKI,Park,FATIH,41.032882,28.948562,2.531
SABANCI KAVŞAĞI,Cadde (Kavşak ve Refüj),BESIKTAS,41.082832,29.010632,3.115
SALI PAZARI MEYDANI,Meydan,KADIKOY,40.997723,29.049547,0.186
MALTEPE KUMCULAR - KARTAL KUMCULAR ARASI ORTA VE YAN REFÜJLER,Cadde (Kavşak ve Refüj),MALTEPE,40.896793,29.163559,3.445
AVCILAR SOSYAL TESİSLER BAHÇESİ,Kamu,AVCILAR,40.976517,28.743904,3.253
ESENYURT KÖPRÜLÜ KAVŞAĞI,"Karayolu (Kavşak, Şev-Yamaç ve Refüj)",ESENYURT,41.031278,28.686979,4.938
İBB ERDEM BEYAZIT KÜLTÜR MERKEZİ BAHÇESİ,Kamu,GUNGOREN,41.028848,28.87701,0.426
ŞEHİT SONER BAYKUŞ PARKI,Park,EYUPSULTAN,41.077568,28.932177,2.297
TEM HARAMİDERE KAVŞAĞI - E5 HARAMİDERE KAVŞAĞI ARASI ORTA YAN REFÜJLER,"Karayolu (Kavşak, Şev-Yamaç ve Refüj)",ESENYURT,41.01343,28.67882,3.497
İSTİNYE BAYIRI CADDESİ ORTA VE YAN REFÜJLER,Cadde (Kavşak ve Refüj),SARIYER,41.110139,29.03755,0.369
BEYOĞLU HACIAHMET PARKI,Park,BEYOGLU,41.0432,28.972861,2.287
AKSARAY METRO İSTASYONU VE ÇEVRESİ,Metro Çıkışı,FATIH,41.011589,28.948929,2.781
CEVİZLİ KAVŞAĞI - KARTAL KAVŞAĞI ARASI YAN REFÜJLER,"Karayolu (Kavşak, Şev-Yamaç ve Refüj)",KARTAL,40.910512,29.19827,1.592
BEYLİKDÜZÜ OSMANLI BAHÇESİ PARKI,Park,BEYLIKDUZU,40.99599,28.644925,2.535
PENDİK DOĞU PARKI,Park,PENDIK,40.875621,29.24034,4.642
BEYLİKDÜZÜ KADIN DAYANIŞMA VE KÜLTÜR PARKI,Park,BEYLIKDUZU,40.984381,28.668022,0.529
SEYRANTEPE KORUSU,Koru,KAGITHANE,41.091624,28.986973,8.749
KARTAL KAVŞAĞI - PENDİK KAVŞAĞI ARASI YAN REFÜJLER,"Karayolu (Kavşak, Şev-Yamaç ve Refüj)",PENDIK,40.896283,29.226609,0.092
BOTAŞ PARKI PENDİK,Park,PENDIK,40.882024,29.259631,0.649
BUCAKLI MAHALLE PARKI - 3 (BÜYÜK AŞAĞI),Park,SILE,41.116764,29.874396,0.06
KARTAL YAVUZ SULTAN SELİM PARKI,Park,KARTAL,40.928476,29.217858,2.43
ÖRNEKKÖY MAHALLE PARKI,Park,BEYKOZ,41.138927,29.143689,0.638
ORUÇ REİS METRO ÇIKIŞI (DOĞU-BATI),Metro Çıkışı,BAGCILAR,41.06249,28.855304,0.245
KARTAL TAVŞANTEPE VADİSİ PARKI,Park,KARTAL,40.939744,29.212622,9.966
MADENLER MEYDANI,Meydan,UMRANIYE,41.014155,29.189841,0.363
İKİTELLİ SANAYİ METRO İSTASYONU,Metro Çıkışı,BASAKSEHIR,41.070613,28.80469,0.123
İNCİRLİ KAVŞAĞI,"Karayolu (Kavşak, Şev-Yamaç ve Refüj)",BAKIRKOY,40.997132,28.870522,1.802
KEMERDERE KAVŞAĞI - SARIGAZİ KAVŞAĞI ARASI ORTA VE YAN REFÜJLER,"Karayolu (Kavşak, Şev-Yamaç ve Refüj)",CEKMEKOY,41.01469,29.201228,0.193
MADENLER METRO İSTASYONU ÇIKIŞI,Metro Çıkışı,CEKMEKOY,41.01455,29.189394,0.224
İBB SOSYAL TESİSLER - KARTAL İDO ARASI KARA VE SAHİL PARKI,Park,KARTAL,40.895735,29.164849,20.268
NAMAZGAH ORTA VE YAN REFÜJLER,Cadde (Kavşak ve Refüj),USKUDAR,41.02276,29.078735,0.441
MAHMUT ŞEVKET PAŞA PARKI,Park,KAGITHANE,41.054406,28.960874,1.42
YEŞİLBAĞLAR MAHALLESİ ALTIN YAYLA SOKAK ORTA REFÜJLER,Cadde (Kavşak ve Refüj),PENDIK,40.892329,29.229211,0.026
VELİBABA MAHALLESİ TİMURHAN SOKAK ORTA REFÜJLER,Cadde (Kavşak ve Refüj),PENDIK,40.897169,29.258925,0.053
MİMAR SİNAN SAHİL ATATÜRK PARKI,Park,BUYUKCEKMECE,41.015142,28.562591,1.045
BEZMİALEM VAKIF ÜNİVERSİTESİ BAHÇESİ,Kamu,FATIH,41.018602,28.935268,9.013
İTÜ TAŞKIŞLA YERLEŞKESİ,Kamu,SISLI,41.041118,28.989909,0.252
İDEALİSKENT CADDESİ ORTA REFÜJLER,Cadde (Kavşak ve Refüj),UMRANIYE,41.014216,29.17913,1.311
NURTEPE ACİL METRO ÇIKIŞI,Metro Çıkışı,EYUPSULTAN,41.079575,28.962854,0.44
ÇENGİLLİ MAHALLE PARKI,Park,SILE,41.003848,29.672274,0.035
TEM KINALI KAVŞAĞI,"Karayolu (Kavşak, Şev-Yamaç ve Refüj)",SILIVRI,41.119631,28.185727,74.931
TOPHANELİ KIDEMLİ YÜZBAŞI HAKKI EFENDİ PARKI,Park,BEYOGLU,41.027013,28.979921,0.426
TEM ÇATALCA KAVŞAĞI,"Karayolu (Kavşak, Şev-Yamaç ve Refüj)",CATALCA,41.089452,28.509599,9.015
HASANLI MAHALLE PARKI,Park,SILE,41.018079,29.665578,0.162
SADABAT MESİRE ALANI - 1,Mesire Alanı,KAGITHANE,41.067435,28.959278,9.297
PINAR MAHALLESİ PARKI,Park,SARIYER,41.114711,29.034311,0.129
RUMELİ KAVAĞI SAHİL PARKI,Park,SARIYER,41.181159,29.074263,0.385
BULGURLU KAVŞAĞI,"Karayolu (Kavşak, Şev-Yamaç ve Refüj)",USKUDAR,41.020479,29.074174,2.785
İSBAK ÜSTÜ YAN REFÜJLER,Cadde (Kavşak ve Refüj),KAGITHANE,41.095926,28.984522,7.391
TAKSİM MEYDANI - ANIT,Meydan,BEYOGLU,41.037253,28.985424,0.592
FATİH ÇEŞMESİ MESİRE ALANI,Mesire Alanı,EYUPSULTAN,41.169405,28.94599,28.938
ALTKAYNARCA SAHİL BAĞLANTI YOLU ORTA VE YAN REFÜJLER,Cadde (Kavşak ve Refüj),PENDIK,40.86855,29.261745,0.396
KARAKİRAZ MAHALLE PARKI,Park,SILE,41.179396,29.346704,0.279
BEYKOZ ONÇEŞMELER MEYDANI,Meydan,BEYKOZ,41.134266,29.091775,0.21
ZİNCİRLİKUYU - AKMERKEZ YOLU ARASI YAN REFÜJLER,Cadde (Kavşak ve Refüj),BESIKTAS,41.070987,29.021401,1.391
ÇOBANÇEŞME OKUL ÜSTÜ,Cadde (Kavşak ve Refüj),EYUPSULTAN,41.081016,28.954157,0.886
AZİZOĞLU CADDESİ ORTA VE YAN REFÜJLER,Cadde (Kavşak ve Refüj),PENDIK,40.888109,29.261989,2.088
SOBACILAR ÖNÜ PARKI,Park,FATIH,41.018191,28.96761,0.052
YAŞAR DOĞU BULVARI ORTA VE YAN REFÜJLER,Cadde (Kavşak ve Refüj),BASAKSEHIR,41.080331,28.810734,4.172
İSTANBUL ÜNİVERSİTESİ BAHÇESİ,Kamu,FATIH,41.012713,28.964201,11.173
ATAKÖY ORTA VE YAN REFÜJLER,Cadde (Kavşak ve Refüj),BAKIRKOY,40.974525,28.855822,8.164
FLORYA SPOR TESİSİ BAHÇESİ,Kamu,BAKIRKOY,40.974949,28.790795,1.256
L MOTEL - GÜNEŞ MOTEL BAHÇESİ,Kamu,BAKIRKOY,40.972051,28.788087,2.073
ŞENLİKKÖY - YEŞİLYURT ARASI ORTA VE YAN REFÜJLER,Cadde (Kavşak ve Refüj),BAKIRKOY,40.971736,28.810279,8.915
BULGURLU KAVŞAĞI - ALTUNİZADE KAVŞAĞI ARASI YAN REFÜJLER,"Karayolu (Kavşak, Şev-Yamaç ve Refüj)",USKUDAR,41.021217,29.066196,0.903
METRİS KAVŞAĞI - HAL KAVŞAĞI ARASI ORTA VE YAN REFÜJLER,"Karayolu (Kavşak, Şev-Yamaç ve Refüj)",BAYRAMPASA,41.068061,28.881236,14.318
ORTA MAHALLE FATİH PARKI,Park,BAYRAMPASA,41.034608,28.919184,0.379
CUMHURİYET MAHALLE PARKI,Park,SARIYER,41.144034,29.032932,0.905
HARMANDERE KAVŞAĞI,"Karayolu (Kavşak, Şev-Yamaç ve Refüj)",PENDIK,40.930093,29.328835,2.96
YAKACIK CADDESİ KÖPRÜLÜ KAVŞAĞI ORTA REFÜJ,Cadde (Kavşak ve Refüj),SANCAKTEPE,40.978744,29.220024,0.466
BALIKÇI ADASI PARKI,Park,KUCUKCEKMECE,40.988888,28.770569,0.564
GÜLSUYU KAVŞAĞI,"Karayolu (Kavşak, Şev-Yamaç ve Refüj)",MALTEPE,40.924788,29.153288,1.896
İBB ARNAVUTKÖY MAREŞAL FEVZİ ÇAKMAK ÇEM BAHÇESİ,Kamu,ARNAVUTKOY,41.196322,28.722385,0.135
SARIYER LİSELİLER PARKI,Park,SARIYER,41.163176,29.049052,0.044
OSMANİYE KAVŞAĞI,"Karayolu (Kavşak, Şev-Yamaç ve Refüj)",ZEYTINBURNU,41.012512,28.905144,5.653
İBB ÇATALCA KALEİÇİ ÇEM BAHÇESİ,Kamu,CATALCA,41.149505,28.461599,0.164
BALIKESİR KAVŞAĞI,"Karayolu (Kavşak, Şev-Yamaç ve Refüj)",KARTAL,40.923717,29.208492,1.624
TUZLA KAVŞAĞI,"Karayolu (Kavşak, Şev-Yamaç ve Refüj)",TUZLA,40.834801,29.326729,5.196
AKDENİZ CADDESİ ORTA VE YAN REFÜJLER,Cadde (Kavşak ve Refüj),UMRANIYE,41.013043,29.108099,0.451
BAHÇEŞEHİR ISPARTAKULE CADDESİ YAN REFÜJ - CAMİ ÖNÜ,Park,BASAKSEHIR,41.077757,28.69383,1.026
KORDON BOYU SAHİL PARKI,Park,BUYUKCEKMECE,41.01155,28.595258,3.281
GÜRPINAR KAVŞAĞI,"Karayolu (Kavşak, Şev-Yamaç ve Refüj)",ESENYURT,41.022334,28.626742,4.98
KUMBURGAZ KAVŞAĞI - ORTAKÖY KAVŞAĞI ARASI ORTA VE YAN REFÜJLER,"Karayolu (Kavşak, Şev-Yamaç ve Refüj)",SILIVRI,41.043889,28.41359,8.028
ÇAMLIK PARKI,Park,SARIYER,41.125289,29.070474,0.293
FORMULA PİSTİ BAHÇESİ,Kamu,TUZLA,40.955385,29.405166,160.979
ŞEHİT TOLGA ECEBALİN PARKI,Park,FATIH,41.024951,28.960107,1.917
BÜYÜKÇEKMECE DOĞAL YAŞAM PARKI,Park,BUYUKCEKMECE,41.037446,28.556479,33.034
HALİLOĞLU MAHALLE PARKI,Park,SILE,41.091077,29.855727,0.351
SİS PARKI,Park,KARTAL,40.89502,29.16844,0.493
KEMERBURGAZ OTOYOLU ORTA VE YAN REFÜJLER,"Karayolu (Kavşak, Şev-Yamaç ve Refüj)",EYUPSULTAN,41.142041,28.919196,44.392
BEYLİKDÜZÜ KREŞ EĞİTİM YAPISI VE ÇOCUK OYUN PARKI,Park,BEYLIKDUZU,40.995857,28.628561,0.877
SEFAKÖY - GÜNEŞLİ KAVŞAĞI ARASI ORTA VE YAN REFÜJLER,"Karayolu (Kavşak, Şev-Yamaç ve Refüj)",BAHCELIEVLER,41.018551,28.812006,2.181
AĞAÇDERE MAHALLE PARKI,Park,SILE,41.039575,29.70587,0.236
TEM AVCILAR KAVŞAĞI,"Karayolu (Kavşak, Şev-Yamaç ve Refüj)",AVCILAR,41.054987,28.685471,18.989
HALICIOĞLU KAVŞAĞI,"Karayolu (Kavşak, Şev-Yamaç ve Refüj)",BEYOGLU,41.049584,28.946311,4.419
TAVANLI PARKI,Park,SILE,41.176592,29.620853,0.256
KANDİLLİ PARKI,Park,USKUDAR,41.074384,29.058876,0.209
BEYKOZ NATO PARKI,Park,BEYKOZ,41.131088,29.092755,0.554
LİBADİYE CADDESİ ORTA REFÜJ - 2,Cadde (Kavşak ve Refüj),ATASEHIR,41.000903,29.073129,0.614
İSAKÖY MAHALLE PARKI,Park,SILE,41.106845,29.8247,0.203
SARIYER TÜNELİ BAĞLANTI YOLLARI ORTA VE YAN REFÜJLER,Cadde (Kavşak ve Refüj),SARIYER,41.171469,29.039167,2.061
ÇUBUKLU KAVŞAĞI,"Karayolu (Kavşak, Şev-Yamaç ve Refüj)",BEYKOZ,41.107117,29.084542,0.244
FSM - KAVACIK KAVŞAĞI ARASI ORTA VE YAN REFÜJLER,"Karayolu (Kavşak, Şev-Yamaç ve Refüj)",BEYKOZ,41.091666,29.082982,5.492
ŞEHİT ÖMER ÖNER PARKI,Park,TUZLA,40.813931,29.307091,15.181
MAHMUTBEY METRO İSTASYONU,Metro Çıkışı,BAGCILAR,41.054931,28.83125,1.417
BULGURLU METRO İSTASYONU,Metro Çıkışı,USKUDAR,41.01645,29.07574,0.263
RAHMİ DEMİR KENT ORMANI,Kent Ormanı,CEKMEKOY,41.036904,29.183808,33.084
İÇMELER KAVŞAĞI - TUZLA KAVŞAĞI ARASI YAN REFÜJLER,"Karayolu (Kavşak, Şev-Yamaç ve Refüj)",TUZLA,40.844717,29.30289,0.659
GAZİOSMANPAŞA MEHMET NİYAZİ ÖZDEMİR ZEMİN ÜSTÜ PARKI,Park,GAZIOSMANPASA,41.079404,28.885492,0.27
HASEKİ SULTAN KÜLLİYESİ BAHÇESİ,Kamu,FATIH,41.008955,28.941348,0.113
AŞİYAN - BALTALİMANI ARASI ORTA VE YAN REFÜJLER,Cadde (Kavşak ve Refüj),SARIYER,41.083093,29.054684,1.018
ÇATALCA İNCEĞİZ C TİPİ MESİRE ALANI,Mesire Alanı,CATALCA,41.181653,28.394474,11.873
RAUF ORBAY CADDESİ ORTA REFÜJ,Cadde (Kavşak ve Refüj),TUZLA,40.830906,29.293016,1.599
BAŞAKŞEHİR ONURKENT PARKI - 1,Park,BASAKSEHIR,41.109791,28.783284,2.696
TERSANE KAVŞAĞI - İÇMELER KAVŞAĞI ARASI YAN REFÜJLER,"Karayolu (Kavşak, Şev-Yamaç ve Refüj)",PENDIK,40.857778,29.286656,0.659
AVRUPA YAKASI YOL BAKIM VE ONARIM MÜDÜRLÜĞÜ 4. BÖLGE MÜDÜR YARDIMCILIĞI BAHÇESİ,Kamu,ARNAVUTKOY,41.170809,28.761055,0.619
PENDİK SAHİL İDO - TERSANE ARASI ORTA REFÜJLER,Cadde (Kavşak ve Refüj),PENDIK,40.871687,29.248995,0.788
BOSTANCI - DRAGOS ORTA REFÜJ,Cadde (Kavşak ve Refüj),MALTEPE,40.930821,29.11861,1.58
BÜYÜKADA ATATÜRK MEYDANI,Meydan,ADALAR,40.873825,29.126388,0.275
PARKKÖY KAVŞAĞI,"Karayolu (Kavşak, Şev-Yamaç ve Refüj)",SILIVRI,41.068464,28.297019,3.577
SARAYBURNU PARKI,Park,FATIH,41.016178,28.986321,3.115
DR. EYÜP AKSOY CADDESİ ORTA VE YAN REFÜJLER,Cadde (Kavşak ve Refüj),USKUDAR,41.006962,29.02462,1.655
AVCILAR KAVŞAĞI - AMBARLI KAVŞAĞI ARASI YAN REFÜJLER,"Karayolu (Kavşak, Şev-Yamaç ve Refüj)",AVCILAR,40.994532,28.706571,0.138
GÜMRÜK PARKI,Park,USKUDAR,41.005137,29.0145,0.911
KAĞITHANE SADABAT TÜNEL ÇIKIŞI ORTA VE YAN REFÜJLER,Cadde (Kavşak ve Refüj),KAGITHANE,41.064452,28.954223,2.344
HİDAYETİN BAĞI PARKI,Park,SARIYER,41.171888,29.056009,0.41
CEMİL TOPUZLU PARKI,Park,BESIKTAS,41.05468,29.034836,2.336
FISTIK AĞACI METRO İSTASYONU,Metro Çıkışı,USKUDAR,41.028414,29.028662,0.288
MALTEPE KAVŞAĞI - ZÜMRÜTEVLER KAVŞAĞI ARASI YAN REFÜJLER,"Karayolu (Kavşak, Şev-Yamaç ve Refüj)",MALTEPE,40.933642,29.14206,1.049
ÇELEBİ MAHALLE PARKI,Park,SILE,41.092585,29.909828,0.349
KEMERDERE KAVŞAĞI ORTA REFÜJ,"Karayolu (Kavşak, Şev-Yamaç ve Refüj)",UMRANIYE,41.016177,29.182564,2.525
VADİ İSTANBUL ÖNÜ ORTA VE YAN REFÜJLER,Cadde (Kavşak ve Refüj),KAGITHANE,41.105847,28.985342,7.267
GAZİOSMANPAŞA KAVŞAĞI,"Karayolu (Kavşak, Şev-Yamaç ve Refüj)",SULTANGAZI,41.092019,28.911815,17.355
BALTALİMANI PARKI,Park,SARIYER,41.097177,29.053127,0.127
PENDİK KAVŞAĞI - TERSANE KAVŞAĞI ARASI YAN REFÜJLER,"Karayolu (Kavşak, Şev-Yamaç ve Refüj)",PENDIK,40.882431,29.248821,2.625
LÜTFİ AYKAÇ BULVARI (VEGA AVM ÖNÜ) KAVŞAĞI,Cadde (Kavşak ve Refüj),SULTANGAZI,41.094164,28.903304,0.114
İBB ENERJİ YÖNETİMİ VE AYDINLATMA MÜDÜRLÜĞÜ BAHÇESİ,Kamu,BAYRAMPASA,41.058624,28.889281,1.465
HAL KAVŞAĞI,"Karayolu (Kavşak, Şev-Yamaç ve Refüj)",BAYRAMPASA,41.056688,28.886882,23.327
SARI ZEYBEK CADDESİ ORTA REFÜJ VE KAVŞAKLAR,Cadde (Kavşak ve Refüj),BEYLIKDUZU,40.993607,28.684811,4.25
DARÜLACEZE - SSK ÖNÜ ORTA VE YAN REFÜJLER,"Karayolu (Kavşak, Şev-Yamaç ve Refüj)",SISLI,41.061058,28.967361,0.246
BOSTANCI KAVŞAĞI,"Karayolu (Kavşak, Şev-Yamaç ve Refüj)",ATASEHIR,40.963863,29.105543,2.13
TURABİ BABA - BAHARİYE CADDESİ ORTA VE YAN REFÜJLER,Cadde (Kavşak ve Refüj),BEYOGLU,41.031851,28.966644,0.185
KÜÇÜKÇEKMECE CENNET MAHALLESİ MEYDANI,Meydan,KUCUKCEKMECE,40.989976,28.783273,1.054
GİYİMKENT ANA ARTERLER VE VADİ CADDESİ ORTA VE YAN REFÜJLER,Cadde (Kavşak ve Refüj),ESENLER,41.070383,28.868404,1.212
ŞEHİT MUHAMMET OĞUZ KILINÇ PARKI,Park,PENDIK,40.923949,29.301591,1.93
SARIYER CEMEVİ BAHÇESİ,Kamu,SARIYER,41.144374,29.031744,0.231
İSPARK ZEMİN ALTI OTOPARK ÜSTÜ PARKI,Park,EYUPSULTAN,41.084843,28.925717,0.16
VALİLİK KONUTU BAHÇESİ,"Karayolu (Kavşak, Şev-Yamaç ve Refüj)",BAKIRKOY,40.974851,28.782346,0.009
TURGUT ÖZAL BULVARI ORTA VE YAN REFÜJLER,Cadde (Kavşak ve Refüj),KUCUKCEKMECE,41.049725,28.75837,3.409
ŞEHİT ŞEYHMUZ DEMİR PARKI,Park,BEYOGLU,41.039889,28.95032,2.847
BEYOĞLU İMAM HATİP LİSESİ BAHÇESİ,Kamu,BEYOGLU,41.057557,28.952332,0.655
TERSANELER ÖNÜ YAN REFÜJ,Cadde (Kavşak ve Refüj),TUZLA,40.845088,29.2936,0.613
ŞİŞLİ MECİDİYEKÖY METRO İSTASYONU,Metro Çıkışı,SISLI,41.065288,28.996745,0.086
OSMANKÖY MAHALLE PARKI,Park,SILE,41.082398,29.732432,0.237
KILIÇLI MAHALLE PARKI,Park,BEYKOZ,41.15916,29.291359,0.402
SANCAKTEPE ÇOCUK PARKI,Park,SANCAKTEPE,41.001625,29.231113,0.42
İSKİ ANADOLU HİSARI YERLİ SUYU MEMBA ALANI,Park,BEYKOZ,41.088397,29.085335,0.387
METİN OKTAY TESİSLERİ BAHÇESİ,Kamu,SARIYER,41.12836,29.049556,1.685
YALIKÖY SAHİL PARKI,Park,BEYKOZ,41.135956,29.087787,0.257
FSM KÖPRÜSÜ - GİŞELER ARASI ORTA VE YAN REFÜJLER,"Karayolu (Kavşak, Şev-Yamaç ve Refüj)",BESIKTAS,41.090044,29.043215,8.878
NAKKAŞTEPE ORTA VE YAN REFÜJLER,Cadde (Kavşak ve Refüj),USKUDAR,41.035365,29.042707,4.48
DEDEOĞLU PARKI,Park,BEYKOZ,41.107233,29.087635,1.727
KAVACIK KAVŞAĞI,"Karayolu (Kavşak, Şev-Yamaç ve Refüj)",BEYKOZ,41.08901,29.091458,5.423
BAŞAKŞEHİR BÖLGE ŞEFLİK BAHÇESİ,Kamu,BASAKSEHIR,41.10863,28.804367,0.621
TSK ÇAMLICA ÖZEL BAKIM EVİ BAHÇESİ,Kamu,USKUDAR,41.009105,29.05492,20.558
RAMAZANOĞLU MAHALLESİ MUHSİN YAZICIOĞLU CADDESİ KAR BETON ÖNÜ REFÜJLER,Cadde (Kavşak ve Refüj),PENDIK,40.897644,29.280021,0.219
KURTKÖY YOLU ORTA VE YAN REFÜJLER,Cadde (Kavşak ve Refüj),PENDIK,40.911236,29.286106,0.528
İBB SELİMPAŞA ÇEM BAHÇESİ,Kamu,SILIVRI,41.053251,28.384094,0.288
HZ. YUŞA TEPESİ,Kamu,BEYKOZ,41.162511,29.084688,0.45
BAYRAMPAŞA TUNA CADDESİ PARKI,Park,BAYRAMPASA,41.045338,28.904416,0.859
BALTALİMANI TEM BAĞLANTI KAVŞAĞI,"Karayolu (Kavşak, Şev-Yamaç ve Refüj)",SARIYER,41.092058,29.044123,5.287
TERMİNAL MEYDANI,Meydan,SILE,41.167204,29.61086,0.462
İBB AŞİYAN MÜZESİ BAHÇESİ,Kamu,BESIKTAS,41.082617,29.053442,0.167
AYDINLI BÖLGE PARKI,Park,TUZLA,40.863463,29.346654,12.093
YENİ MAHALLE METRO İSTASYONU,Metro Çıkışı,BAGCILAR,41.040488,28.835967,0.307
AVCILAR MURAT KÖLÜK HASTANESİ BAHÇESİ,Kamu,AVCILAR,40.984851,28.731412,1.321
VATAN CADDESİ KAVŞAĞI,Cadde (Kavşak ve Refüj),ZEYTINBURNU,41.028816,28.924317,9.941
MEŞRUTİYET MAHALLE PARKI,Park,SILE,41.159082,29.562857,0.066
KOCAKORU PARKI,Park,SILE,41.164906,29.586099,0.106
İBB KARLIKTEPE MAHALLESİ ÇEM BAHÇESİ,Kamu,KARTAL,40.89917,29.192659,0.167
İBB SİLİVRİ ALİBEY ÇEM BAHÇESİ,Kamu,SILIVRI,41.092168,28.257651,0.254
AYVANSARAY SUR DİPLERİ,Ağaçlandırma Sahası,FATIH,41.037662,28.939523,2.976
AYVANSARAY HASTANE ÖNÜ ORTA VE YAN REFÜJLER,Cadde (Kavşak ve Refüj),FATIH,41.038488,28.943603,0.234
İBB BAHÇELİEVLER KOCASİNAN MAHALLESİ ÇEM BAHÇESİ,Kamu,BAHCELIEVLER,41.007389,28.843963,0.618
İNÖNÜ STADI ETRAFI,Cadde (Kavşak ve Refüj),BESIKTAS,41.038547,28.994877,0.135
YAKUPLU B TİPİ MESİRE ALANI,Kent Ormanı,BEYLIKDUZU,41.004443,28.668846,5.223
BOĞAZKÖY - BOLLUCA ORTA REFÜJ,"Karayolu (Kavşak, Şev-Yamaç ve Refüj)",ARNAVUTKOY,41.178837,28.776995,0.057
ORTADAĞ KÖPRÜLÜ KAVŞAĞI,"Karayolu (Kavşak, Şev-Yamaç ve Refüj)",SANCAKTEPE,40.94614,29.216389,8.37
HOCA AHMET YESEVİ KÜLTÜR MERKEZİ BAHÇESİ,Kamu,SULTANGAZI,41.097746,28.876569,0.277
FLORYA SAHİL PARKI,Park,BAKIRKOY,40.969054,28.793678,10.686
BAŞAKKONUTLARI METRO İSTASYONU ÇIKIŞI,Metro Çıkışı,BASAKSEHIR,41.097513,28.79123,0.24
KAĞITHANE MESİRE ALANI,Mesire Alanı,KAGITHANE,41.064392,28.949823,1.914
MALTEPE KAVŞAĞI,"Karayolu (Kavşak, Şev-Yamaç ve Refüj)",MALTEPE,40.93595,29.138613,2.085
HAVAALANI CUMHURBAŞKANLIĞI DEVLET KONUK EVİ BAHÇESİ,Kamu,BAKIRKOY,40.982387,28.820199,0.67
TEPEÖREN HAYVAN BARINAĞI BAHÇESİ,Kamu,PENDIK,40.964224,29.405637,9.33
ESENLER İPEKYOLU CADDESİ ORTA VE YAN REFÜJLER,Cadde (Kavşak ve Refüj),ESENLER,41.061557,28.870627,1.473
KARTAL İDO - KARTAL KUMCULAR ARASI KARA VE SAHİL PARKI,Park,KARTAL,40.885542,29.197264,9.176
SİLİVRİ KADIKÖY MAHALLE PARKI,Park,SILIVRI,41.134001,28.365624,0.146
KARAMANDERE MAHALLE PARKI,Park,SILE,41.135568,29.589242,0.279
İSTİNYE ABC YOLLARI,Cadde (Kavşak ve Refüj),SARIYER,41.122965,29.03903,2.023
PROF. DR. AZİZ SANCAR PARKI,Park,SARIYER,41.104773,29.04636,0.196
BOTAŞ PARKI - 2,Park,PENDIK,40.889449,29.27042,5.995
EMNİYETTEPE PARKI,Park,EYUPSULTAN,41.065892,28.949258,0.602
ZUHURATBABA PARKI,Park,BAKIRKOY,40.987248,28.870701,0.127
TEM TAHTAKALE KÖPRÜSÜ - TEM ISPARTAKULE VİYADÜK ARASI ORTA VE YAN REFÜJLER,"Karayolu (Kavşak, Şev-Yamaç ve Refüj)",BASAKSEHIR,41.057375,28.711673,13.204
ESENKENT BAHÇEŞEHİR YOLU CADDESİ VE MERCEDES BULVARI,Cadde (Kavşak ve Refüj),BASAKSEHIR,41.077242,28.659455,1.521
HÜRRİYET BULVARI ORTA REFÜJ VE KAVŞAKLAR,Cadde (Kavşak ve Refüj),BEYLIKDUZU,40.992946,28.668076,2.521
PAŞALİMANI - VANİKÖY ARASI ORTA VE YAN REFÜJLER,Cadde (Kavşak ve Refüj),USKUDAR,41.049503,29.047042,0.311
CEMAL KAYTAZ PARKI,Park,AVCILAR,40.974879,28.743171,2.686
TEKEKÖY MAHALLE PARKI,Park,SILE,41.066432,29.66303,0.036
FİRÜZKÖY ORTA REFÜJ,Cadde (Kavşak ve Refüj),AVCILAR,40.999762,28.711579,0.799
ÇAYIRBAŞI AĞAÇLANDIRMA SAHASI - 3,Ağaçlandırma Sahası,SARIYER,41.14795,29.028539,3.442
İBB ESENLER YAVUZSELİM (METRO) ÇEM BAHÇESİ,Kamu,ESENLER,41.040459,28.884574,0.038
ÇEÇENİSTAN PARKI VE MEYDANI,Park,KARTAL,40.88742,29.186725,3.227
VELİBABA PARKI,Park,PENDIK,40.906923,29.257011,0.888
İBB VELİBABA MAHALLESİ ÇEM BAHÇESİ,Kamu,PENDIK,40.891432,29.261007,0.057
İÇMELER KAVŞAĞI,"Karayolu (Kavşak, Şev-Yamaç ve Refüj)",TUZLA,40.849632,29.298099,1.438
ALİPAŞA KAVŞAĞI - E5 KINALI KAVŞAĞI ARASI ORTA VE YAN REFÜJLER,"Karayolu (Kavşak, Şev-Yamaç ve Refüj)",SILIVRI,41.076956,28.164631,13.786
SULTANAHMET MEYDANI CAMİ BAHÇESİ VE ÇEVRESİ,Meydan,FATIH,41.007391,28.977416,6.87
HAYRETTİN PAŞA PARKI,Park,KARTAL,40.932859,29.209464,0.353
ATATÜRK BULVARI VE CEP PARKI,Cadde (Kavşak ve Refüj),BEYLIKDUZU,41.006662,28.640769,1.733
KAVAKPINAR KAVŞAĞI,"Karayolu (Kavşak, Şev-Yamaç ve Refüj)",PENDIK,40.86944,29.279503,0.3
HASKÖY TÜNEL GİRİŞİ ORTA VE YAN REFÜJLER,Cadde (Kavşak ve Refüj),BEYOGLU,41.039149,28.953917,0.305
YAKACIK CADDESİ - SPOR CADDESİ KESİŞİMİ ORTA REFÜJ (İGDAŞ YANI),Cadde (Kavşak ve Refüj),KARTAL,40.893171,29.195647,0.015
AYDINLI KATI ATIK AKTARMA İSTASYONU BAHÇESİ,Kamu,TUZLA,40.860659,29.347746,1.531
ÇAĞLAYAN KAVŞAĞI,"Karayolu (Kavşak, Şev-Yamaç ve Refüj)",SISLI,41.067341,28.978059,2.299
ÇATALCA AHMEDİYE KAVŞAĞI - ÇATALCA KUZEY MARMARA OTOYOLU BAĞLANTI KAVŞAĞI ARASI ORTA VE YAN REFÜJLER,"Karayolu (Kavşak, Şev-Yamaç ve Refüj)",CATALCA,41.097982,28.510373,1.399
TURŞUCUZADE KONAĞI PARKI,Park,FATIH,41.008824,28.977905,0.139
BALIKESİR KAVŞAĞI - E5 KARTAL KAVŞAĞI ARASI ORTA VE YAN REFÜJLER,Cadde (Kavşak ve Refüj),KARTAL,40.91308,29.212952,4.935
SERÇELİ PARKI,Park,KARTAL,40.929314,29.211666,0.485
ÇAĞLAYAN ADLİYE SARAYI - ABİDEİ HÜRRİYET VE ŞEHİTLİK PARKI,Park,SISLI,41.069434,28.980232,4.269
KUMBABA İBB PARKI,Park,SILE,41.166591,29.580775,0.423
ACIBADEM KAVŞAĞI - ATAŞEHİR KAVŞAĞI ARASI ORTA VE YAN REFÜJLER,"Karayolu (Kavşak, Şev-Yamaç ve Refüj)",USKUDAR,41.007459,29.084912,11.162
MİLLET CADDESİ - OSMANLI BULVARI ORTA VE YAN REFÜJLER,Cadde (Kavşak ve Refüj),PENDIK,40.927135,29.307639,2.151
BAHÇEŞEHİR KÖPRÜLÜ KAVŞAĞI - ESENYURT KÖPRÜLÜ KAVŞAĞI ARASI ORTA VE YAN REFÜJLER,"Karayolu (Kavşak, Şev-Yamaç ve Refüj)",ESENYURT,41.039645,28.689011,5.069
KARAKÖY SAHİL PARKI,Park,BEYOGLU,41.023497,28.969956,4.637
GÜMÜŞSUYU - İTÜ YAMAÇLAR YAN REFÜJLER,Cadde (Kavşak ve Refüj),BEYOGLU,41.040174,28.993061,2.393
ALİPAŞA KAVŞAĞI,"Karayolu (Kavşak, Şev-Yamaç ve Refüj)",SILIVRI,41.080805,28.211359,2.599
AHMET YESEVİ PARKI,Park,PENDIK,40.873009,29.303007,2.209
SAMANDIRA KAVŞAĞI - ORTADAĞ KÖPRÜLÜ KAVŞAĞI ARASI ORTA VE YAN REFÜJLER,"Karayolu (Kavşak, Şev-Yamaç ve Refüj)",SANCAKTEPE,40.958785,29.220023,6.879
ÜMRANİYE HATBOYU CADDESİ ORTA VE YAN REFÜJLER,Cadde (Kavşak ve Refüj),UMRANIYE,41.004059,29.137033,1.307
ŞENOL GÜNEŞ BULVARI ORTA VE YAN REFÜJLER,Cadde (Kavşak ve Refüj),UMRANIYE,41.001555,29.11856,1.158
TOPKAPI DEPREM PARKI,Park,ZEYTINBURNU,41.02029,28.921911,22.478
ACIBADEM KAVŞAĞI - UZUNÇAYIR KAVŞAĞI ARASI YAN REFÜJLER,"Karayolu (Kavşak, Şev-Yamaç ve Refüj)",USKUDAR,41.003577,29.059272,3.782
ARNAVUTKÖY - HABİBLER ARASI ORTA VE YAN REFÜJLER,"Karayolu (Kavşak, Şev-Yamaç ve Refüj)",BASAKSEHIR,41.124796,28.832188,6.563
ASKERİ KUŞAKLAMA YOLU ORTA VE YAN REFÜJLER,"Karayolu (Kavşak, Şev-Yamaç ve Refüj)",ESENLER,41.093441,28.861747,3.829
ZİYA GÖKALP METRO İSTASYONU,Metro Çıkışı,BASAKSEHIR,41.074449,28.787423,0.513
HALKALI 222. CADDE ORTA VE YAN REFÜJLER,Cadde (Kavşak ve Refüj),KUCUKCEKMECE,41.043948,28.780268,8.49
ESENYURT KÖPRÜLÜ KAVŞAĞI - TEM HARAMİDERE KAVŞAĞI ARASI YAN REFÜJLER,"Karayolu (Kavşak, Şev-Yamaç ve Refüj)",ESENYURT,41.024717,28.682797,8.081
POLONEZKÖY PARKI,Park,BEYKOZ,41.110053,29.205407,0.455
KURTKÖY SPOR TESİSİ BAHÇESİ,Kamu,PENDIK,40.931205,29.319159,7.154
MUHSİN YAZICIOĞLU PARKI,Park,KARTAL,40.926013,29.21347,1.22
BEYKOZ MEHMET YAVUZ CADDESİ ORTA VE YAN REFÜJLER,Cadde (Kavşak ve Refüj),BEYKOZ,41.135443,29.100833,0.526
PAŞAMANDIRA MAHALLE PARKI,Park,BEYKOZ,41.18426,29.250824,0.313
ADİLE NAŞİT BULVARI,Cadde (Kavşak ve Refüj),ESENYURT,41.020048,28.68446,0.165
BARBAROS BULVARI ORTA VE YAN REFÜJLER,Cadde (Kavşak ve Refüj),BESIKTAS,41.05212,29.008939,2.255
PERŞEMBE PAZARI ORTA VE YAN REFÜJLER,Cadde (Kavşak ve Refüj),BEYOGLU,41.023657,28.970224,0.027
ZİNCİRLİKUYU KAVŞAĞI,"Karayolu (Kavşak, Şev-Yamaç ve Refüj)",SISLI,41.066035,29.013063,1.813
DR. MİMAR KADİR TOPBAŞ MEYDANI,Meydan,FATIH,41.000296,28.944823,56.818
ŞİŞHANE MEYDANI,Meydan,BEYOGLU,41.027846,28.970524,0.979
HACET DERESİ PARKI,Park,TUZLA,40.873618,29.327623,3.534
SÖĞÜTLÜÇEŞME KAVŞAĞI - UZUNÇAYIR KAVŞAĞI ARASI YAN REFÜJLER,"Karayolu (Kavşak, Şev-Yamaç ve Refüj)",KADIKOY,40.991765,29.04285,3.446
KÜÇÜKÇEKMECE GÖLÜ SAHİL PARKI,Park,KUCUKCEKMECE,40.997478,28.766956,17.599
DEĞİRMENÇAYIR MAHALLE PARKI - 1,Park,SILE,40.975249,29.661449,0.035
KAYNARCA BÖLGE PARKI,Park,PENDIK,40.884302,29.2625,10.889
FLORYA ATATÜRK PARKI,Park,BAKIRKOY,40.980538,28.793933,0.32
KÖMÜRLÜK MAHALLE PARKI,Park,SILE,41.081493,29.437077,0.029
HİSAR ÜSTÜ EĞİTİM MERKEZİ BAHÇESİ,Kamu,SARIYER,41.088184,29.052679,0.948
BAĞCILAR MEYDANI,Meydan,BAGCILAR,41.034404,28.856366,2.935
KUZGUNCUK PARKI - 1,Park,USKUDAR,41.039112,29.03348,0.327
KUZGUNCUK PARKI - 2,Park,USKUDAR,41.039806,29.035529,0.363
ÖĞRETMENLER PARKI,Park,SILE,41.136819,29.852559,0.03
DEDEPAŞA CADDESİ PARKI,Park,PENDIK,40.938022,29.317077,9.697
İBN-İ SİNA CADDESİ PARK ALANI,Park,PENDIK,40.874502,29.249396,0.31
KÜÇÜKÇEKMECE MENEKŞE PARKI,Park,KUCUKCEKMECE,40.981818,28.760168,15.549
BALMUMCU JANDARMA KOMUTANLIĞI BAHÇESİ,Kamu,BESIKTAS,41.063275,29.013605,0.4
PARİS MAHALLESİ ORTA REFÜJ,Cadde (Kavşak ve Refüj),KADIKOY,40.991771,29.035082,0.446
HASDAL KAVŞAĞI OKMEYDANI KAVŞAĞI ARASI 3. KISIM ORTA VE YAN REFÜJLER,"Karayolu (Kavşak, Şev-Yamaç ve Refüj)",KAGITHANE,41.059167,28.957316,2.714
ASIM YILDIZ PARKI,Park,EYUPSULTAN,41.087527,28.936731,1.327
PAŞABAHÇE ATATÜRK PARKI,Park,BEYKOZ,41.115617,29.095705,0.095
ESENLER KÖPRÜLÜ KAVŞAĞI,"Karayolu (Kavşak, Şev-Yamaç ve Refüj)",BAYRAMPASA,41.045336,28.885647,8.664
ŞEHİT İBRAHİM DOĞAN PARKI,Park,TUZLA,40.830832,29.366523,2.625
BAYRAKTAR CADDESİ ORTA VE YAN REFÜJLER,Cadde (Kavşak ve Refüj),UMRANIYE,40.999515,29.147098,0.192
FESHANE ALİBEYKÖY MERKEZ ARASI ORTA VE YAN REFÜJLER,Cadde (Kavşak ve Refüj),EYUPSULTAN,41.056779,28.94037,4.168
İKİTELLİ KAVŞAĞI,"Karayolu (Kavşak, Şev-Yamaç ve Refüj)",BAGCILAR,41.061209,28.811734,7.179
DİKİLİTAŞ PARKI,Park,BESIKTAS,41.056008,29.00443,0.33
İBB SANCAKTEPE TRAFİK EĞİTİM MERKEZİ BAHÇESİ,Kamu,SANCAKTEPE,40.995556,29.237807,1.085
SİLİVRİ FENER MAHALLE PARKI,Park,SILIVRI,41.152717,28.234566,0.33
AHMET ERİŞEN PARKI,Park,PENDIK,40.875211,29.232246,0.184
BAHÇELİEVLER YÜZME HAVUZU BAHÇESİ,Kamu,BAHCELIEVLER,41.00222,28.880569,0.683
ÇINAR PARKI,Park,SILE,41.173216,29.606779,0.096
MESUT SOKAK PARKI,Park,SILE,41.170975,29.610256,0.044
ÇİROZ ENGELLİLER KAMPI,Kamu,BAKIRKOY,40.960108,28.812055,6.91
TEM SELİMPAŞA KAVŞAĞI - E5 SELİMPAŞA KAVŞAĞI ARASI YAN REFÜJLER,"Karayolu (Kavşak, Şev-Yamaç ve Refüj)",SILIVRI,41.062078,28.376425,3.637
ŞEHİT BEKÇİ KANSU TURAN PARKI,Park,BAGCILAR,41.056508,28.835265,0.219
ALİBEYKÖY - KÜÇÜKKÖY ARASI ORTA VE YAN REFÜJLER,Cadde (Kavşak ve Refüj),GAZIOSMANPASA,41.069091,28.925026,5.414
İBB ZEYTİNBURNU SOSYAL TESİSLERİ BAHÇESİ,Kamu,ZEYTINBURNU,40.984876,28.906492,0.59
TEM SELİMPAŞA KAVŞAĞI - TEM SİLİVRİ KAVŞAĞI ARASI YAN REFÜJLER,"Karayolu (Kavşak, Şev-Yamaç ve Refüj)",SILIVRI,41.096152,28.331359,56.481
İDRİS BİTLİS PARKI,Park,EYUPSULTAN,41.056228,28.933334,0.246
BAYRAK PARKI,Park,SILE,41.167143,29.609334,0.747
ŞEYHLİ MAHALLESİ SAFA CADDESİ - YUNUS EMRE CADDESİ KESİŞİM ORTA REFÜJLER,Cadde (Kavşak ve Refüj),PENDIK,40.910528,29.282372,0.023
ŞEHİT KADİR YILDIRIM PARKI (CADDEBOSTAN KARA VE SAHİL PARKI),Park,KADIKOY,40.956624,29.080371,21.331
KURTKÖY MAHALLESİ ANKARA CADDESİ KAVŞAK VE ORTA REFÜJ,Cadde (Kavşak ve Refüj),PENDIK,40.916722,29.304249,0.25
İSTİNYE İSPARK MARİNA İŞLETMESİ ORTA VE YAN REFÜJLER,Cadde (Kavşak ve Refüj),SARIYER,41.113129,29.055789,0.107
BALİBEY MUHTALIK PARKI,Park,SILE,41.17643,29.618706,0.161
ÇİÇEKÇİ YAN REFÜJLER,Cadde (Kavşak ve Refüj),USKUDAR,41.013313,29.017561,0.09
BOZHANE MAHALLE PARKI,Park,BEYKOZ,41.164984,29.271804,0.133
TEM HADIMKÖY KAVŞAĞI - E5 HADIMKÖY KAVŞAĞI ARASI ORTA VE YAN REFÜJLER,"Karayolu (Kavşak, Şev-Yamaç ve Refüj)",ESENYURT,41.058702,28.625817,6.074
İBB AVCILAR AMBARLI ÇEM BAHÇESİ,Kamu,AVCILAR,40.976643,28.715459,0.058
İBB BEYLİKDÜZÜ ADNAN KAHVECİ ÇEM BAHÇESİ,Kamu,BEYLIKDUZU,40.994838,28.617454,0.213
İBB BÜYÜKÇEKMECE ATATÜRK ÇEM BAHÇESİ,Kamu,BUYUKCEKMECE,41.013468,28.604333,0.046
HAREM - UZUNÇAYIR KAVŞAĞI ARASI YAN REFÜJLER,"Karayolu (Kavşak, Şev-Yamaç ve Refüj)",KADIKOY,41.002045,29.043086,4.376
İÜ AVCILAR SPOR KOMPLEKSİ BAHÇESİ,Kamu,AVCILAR,40.99689,28.721231,0.355
DUDULLU - BAKKALKÖY ARASI ORTA VE YAN REFÜJLER,Cadde (Kavşak ve Refüj),UMRANIYE,40.987124,29.136374,2.056
ŞİLE BAĞLANTI KAVŞAĞI,"Karayolu (Kavşak, Şev-Yamaç ve Refüj)",UMRANIYE,41.028639,29.130987,2.696
KISIKLI MEHMET AKİF ERSOY PARKI,Park,USKUDAR,41.02264,29.063011,1.086
OTAĞCILAR PARKI,Park,EYUPSULTAN,41.038842,28.935693,1.041
YENİKAPI MARMARAY METRO İSTASYONU,Metro Çıkışı,FATIH,41.005322,28.951845,0.884
TEM ISPARTAKULE VİYADÜK - TEM AVCILAR KAVŞAĞI ARASI ORTA VE YAN REFÜJLER,"Karayolu (Kavşak, Şev-Yamaç ve Refüj)",BASAKSEHIR,41.058585,28.694998,9.144
FETHİ ÇELEBİ PARKI,Park,EYUPSULTAN,41.036049,28.932338,0.36
ŞEHİT FATİH EFİLOĞLU PARKI,Park,SULTANBEYLI,40.99429,29.272813,0.281
İSTANBUL BOĞAZİÇİ ÜNİVERSİTESİ BAHÇESİ,Kamu,BEYKOZ,41.081183,29.070531,8.099
FLORYA KAVŞAĞI,"Karayolu (Kavşak, Şev-Yamaç ve Refüj)",BAKIRKOY,40.989194,28.793106,7.09
İBB YUNUS MAHALLESİ ÇEM BAHÇESİ,Kamu,KARTAL,40.895279,29.209814,0.107
YENİ HAVAALANI CADDESİ ORTA VE YAN REFÜJLER,Cadde (Kavşak ve Refüj),BAKIRKOY,40.98157,28.829477,17.705
DUDULLU KAVŞAĞI,"Karayolu (Kavşak, Şev-Yamaç ve Refüj)",UMRANIYE,41.016645,29.165604,0.68
HARP AKADEMİLERİ KAVŞAĞI - HASDAL KAVŞAĞI ARASI ORTA VE YAN REFÜJLER,"Karayolu (Kavşak, Şev-Yamaç ve Refüj)",KAGITHANE,41.101012,28.990071,5.029
POLONEZKÖY KAVŞAĞI - RİVA BAĞLANTI YOLU ARASI ORTA VE YAN REFÜJLER,"Karayolu (Kavşak, Şev-Yamaç ve Refüj)",BEYKOZ,41.171126,29.187689,0.866
KARTAL ÇAMLIK PARKI,Park,KARTAL,40.939908,29.216094,0.804
İBB ESENYURT ÇEM BAHÇESİ,Kamu,ESENYURT,41.067817,28.635865,0.266
ÇATALCA AHMEDİYE KAVŞAĞI,"Karayolu (Kavşak, Şev-Yamaç ve Refüj)",CATALCA,41.08721,28.514627,1.52
KİLYOS MAHALLE PARKI,Park,SARIYER,41.243941,29.034644,0.104
İBB PENDİK HARMANDERE ÇEM BAHÇESİ,Kamu,PENDIK,40.931565,29.31777,0.064
FATİH SULTAN MEHMET PARKI,Park,KARTAL,40.93369,29.21759,1.334
FENERBAHÇE ORDUEVİ BAHÇESİ,Kamu,KADIKOY,40.968076,29.042601,9.001
İETT DURAKLARI VE PAZAR YERİ ORTA VE YAN REFÜJLER,Kamu,PENDIK,40.872384,29.249138,8.416
ŞEHİT JANDARMA ER RIDVAN ÇELİK PARKI,Kamu,KARTAL,40.90157,29.188981,0.126
ULUSLARARASI BARIŞ PARKI,Park,FATIH,40.990269,28.920203,2.474
ANKARA ÜÇGENİ PARKI,Park,USKUDAR,41.00623,29.021977,0.694
PARKKÖY KAVŞAĞI - E5 SİLİVRİ KAVŞAĞI ARASI ORTA VE YAN REFÜJLER,"Karayolu (Kavşak, Şev-Yamaç ve Refüj)",SILIVRI,41.073286,28.267335,6.648
İSTANBUL VALİLİĞİ BAHÇESİ,Kamu,FATIH,41.011964,28.976626,0.111
SADABAT MESİRE ALANI - 2,Mesire Alanı,KAGITHANE,41.072948,28.967232,1.359
YAŞAM KORUSU,Park,PENDIK,40.933237,29.291197,15.055
TEM KUMBURGAZ KAVŞAĞI - E5 KUMBURGAZ KAVŞAĞI ARASI ORTA VE YAN REFÜJLER,"Karayolu (Kavşak, Şev-Yamaç ve Refüj)",BUYUKCEKMECE,41.046714,28.467632,10.701
GİYİMKENT - BATIŞEHİR - MAHMUTBEY - İSTOÇ ARASI ORTA VE YAN REFÜJLER,"Karayolu (Kavşak, Şev-Yamaç ve Refüj)",ESENLER,41.069442,28.838318,15.77
ÇATALCA KUZEY MARMARA OTOYOLU BAĞLANTI KAVŞAĞI - ÇAKIL KAVŞAĞI ARASI ORTA VE YAN REFÜJLER,"Karayolu (Kavşak, Şev-Yamaç ve Refüj)",CATALCA,41.121563,28.489888,5.044
ZİNCİRLİKUYU - HACIOSMAN ARASI ORTA VE YAN REFÜJLER,Cadde (Kavşak ve Refüj),SARIYER,41.100038,29.015107,8.672
KARTAL CADDESİ - ENİS AKAYGEN SOKAK KESİŞİMİ ORTA VE YAN REFÜJLER (HASAN PAŞA ÇEŞMESİ ÇEVRESİ),Park,KARTAL,40.915868,29.221192,0.019
İBB KARTAL LOJMANLARI BAHÇESİ,Kamu,KARTAL,40.914768,29.189905,2.742
ZÜMRÜTEVLER KAVŞAĞI,"Karayolu (Kavşak, Şev-Yamaç ve Refüj)",MALTEPE,40.930383,29.145515,1.155
GÜNEŞLİ KAVŞAĞI,"Karayolu (Kavşak, Şev-Yamaç ve Refüj)",KUCUKCEKMECE,41.027021,28.811226,2.096
İBB BAŞAKŞEHİR KÜLTÜR MERKEZİ BAHÇESİ,Kamu,BASAKSEHIR,41.104443,28.785317,0.597
İBB ŞENLİKKÖY STADI BAHÇESİ,Kamu,BAKIRKOY,40.980987,28.791698,0.127
KARTAL ÖZGÜRLÜK PARKI,Park,KARTAL,40.887166,29.1799,5.583
ORHANGAZİ ŞEHİR PARKI/BATI 2,Park,MALTEPE,40.939426,29.108659,15.659
ŞUAYİPLİ MAHALLE PARKI,Park,SILE,41.133625,29.800265,0.142
ÇAYIRBAŞI MAHALLE PARKI,Park,SILE,41.148931,29.649533,0.129
İBB SANCAKTEPE ÇEM BAHÇESİ,Kamu,SANCAKTEPE,41.01601,29.245423,0.094
ALTUNİZADE KAVŞAĞI,"Karayolu (Kavşak, Şev-Yamaç ve Refüj)",USKUDAR,41.021904,29.048261,5.331
ŞEHİT HALİT AYDIN PARKI,Park,EYUPSULTAN,41.083866,28.944146,1.954
LİBADİYE CADDESİ ORTA REFÜJ - 1,Cadde (Kavşak ve Refüj),USKUDAR,41.011925,29.074641,0.249
GARİPÇE 15 TEMMUZ ŞEHİTLERİ HATIRA ORMANI,Hatıra Ormanı,SARIYER,41.207878,29.096976,2.762
YAYLALI MAHALLE PARKI,Park,SILE,41.092657,29.6738,0.115
TAŞ OCAĞI CADDESİ ORTA VE YAN REFÜJLER,Cadde (Kavşak ve Refüj),BAGCILAR,41.058991,28.816083,2.822
KUMKAPI BALIKÇILAR ÇARŞISI PARKI,Park,FATIH,41.002453,28.960259,1.446
DOĞANCILI MAHALLE PARKI,Park,SILE,41.191717,29.436957,0.181
YILDIZ HAMİDİYE CAMİ BAHÇESİ,Kamu,BESIKTAS,41.048932,29.010092,0.966
KOZYATAĞI KAVŞAĞI - BOSTANCI KAVŞAĞI ARASI ORTA VE YAN REFÜJLER,"Karayolu (Kavşak, Şev-Yamaç ve Refüj)",ATASEHIR,40.976339,29.099166,2.963
İBB DR. ENVER ÖREN KÜLTÜR MERKEZİ BAHÇESİ,Kamu,BAHCELIEVLER,41.013575,28.818871,1.079
İBB ŞİLE KÜLTÜR MERKEZİ BAHÇESİ,Kamu,SILE,41.172592,29.615849,0.21
ŞEKERPINAR - ÇAMLICA GİŞELER ARASI ORTA REFÜJ,"Karayolu (Kavşak, Şev-Yamaç ve Refüj)",SULTANBEYLI,40.949247,29.287842,8.386
İSTOÇ METRO İSTASYONU,Metro Çıkışı,BAGCILAR,41.06471,28.826318,0.165
GÜRPINAR KAVŞAĞI - M.SİNAN KAVŞAĞI ARASI (S RAMPASI),"Karayolu (Kavşak, Şev-Yamaç ve Refüj)",BUYUKCEKMECE,41.025125,28.60519,36.471
TEM OTOYOLU KÜÇÜKSU CADDESİ ARASI BAĞLANTI YOLU,"Karayolu (Kavşak, Şev-Yamaç ve Refüj)",BEYKOZ,41.056775,29.116499,0.544
JAPON BAHÇESİ PARKI,Park,SARIYER,41.097007,29.0522,0.621
TEM KARTAL KAVŞAĞI - SAMANDIRA GİŞELER ARASI ORTA VE YAN REFÜJLER,"Karayolu (Kavşak, Şev-Yamaç ve Refüj)",SANCAKTEPE,40.977059,29.210428,3.256
KAĞITHANE İETT BAHÇESİ,Kamu,KAGITHANE,41.064126,28.959456,1.443
MİLLET PARKI,Park,USKUDAR,41.023346,29.052492,2.038
TÜRK SPOR VAKFI OLİMPİYAT EVİ,Kamu,BAKIRKOY,40.986928,28.853173,0.841
GAZANFER BİLGE SPOR SALONU BAHÇESİ,Kamu,BUYUKCEKMECE,41.026887,28.591361,0.186
KAĞITHANE METRO ÇIKIŞI VE ÇEVRESİ,Metro Çıkışı,KAGITHANE,41.079374,28.974337,0.628
FATİH İTFAİYE DAİRE BAŞKANLIĞI,Kamu,FATIH,41.016703,28.953454,0.183
BEYKOZ KANLICA PARKI,Park,BEYKOZ,41.099888,29.065807,0.389
HACIBABA PARKI,Park,USKUDAR,41.028866,29.016966,1.037
ULUPELİT MAHALLE PARKI,Park,SILE,41.087441,29.515097,0.317
VANİKÖY PARKI,Park,USKUDAR,41.068273,29.05729,0.541
TARABYA BAYIRI CADDESİ ORTA VE YAN REFÜJLER,Cadde (Kavşak ve Refüj),SARIYER,41.138077,29.037022,1.11
BUCAKLI MAHALLE PARKI - 1 (BÜYÜK),Park,SILE,41.117556,29.886798,0.263
NİSPETİYE METRO İSTASYONU ÇIKIŞI VE ÇEVRESİ,Metro Çıkışı,BESIKTAS,41.077135,29.024907,0.227
İBB ESENLER NAMIK KEMAL MAHALLESİ ÇEM BAHÇESİ,Kamu,ESENLER,41.032092,28.895568,0.28
MAŞATLIK PARKI,Park,SILE,41.179866,29.613454,0.704
ATAKÖY KAVŞAĞI - ÇOBANÇEŞME KAVŞAĞI ARASI ORTA VE YAN REFÜJLER,"Karayolu (Kavşak, Şev-Yamaç ve Refüj)",BAKIRKOY,40.992106,28.836816,1.576
ÇATALCA KUZEY MARMARA OTOYOLU BAĞLANTI KAVŞAĞI,"Karayolu (Kavşak, Şev-Yamaç ve Refüj)",CATALCA,41.110765,28.503737,3.7
ŞEHİT PİYADE UZMAN ÇAVUŞ ŞAHİN ASLAN MESİRE ALANI,Mesire Alanı,SANCAKTEPE,40.972217,29.21858,14.476
DEMİR KOFA PARKI,Park,SILE,41.134254,29.850837,0.157
BAKIRKÖY CEVİZLİK PARKI,Park,BAKIRKOY,40.974705,28.876558,0.46
RİVA PARKI,Park,BEYKOZ,41.223164,29.216706,0.183
TUZLA VATAN CADDESİ ORTA REFÜJ,Cadde (Kavşak ve Refüj),TUZLA,40.828159,29.309592,0.684
İBB SARAÇHANE BİNASI ÇEVRESİ BAHÇESİ,Kamu,FATIH,41.01354,28.955103,0.642
İBB MALTEPE YÜKSEKÖĞRENİM KIZ ÖĞRENCİ YURDU BAHÇESİ,Kamu,MALTEPE,40.91183,29.153543,0.103
KEMAL SUNAL CADDESİ ORTA VE YAN REFÜJLER,Cadde (Kavşak ve Refüj),BAGCILAR,41.038176,28.848185,1.033
İBB BAKIRKÖY SELENİUM ÇEM BAHÇESİ,Kamu,BAKIRKOY,40.990927,28.836709,0.107
ÖZGÜRLÜK VE DEMOKRASİ PARKI,Park,BAKIRKOY,40.959923,28.836972,0.577
BAKIRKÖY ALEVİ BEKTAŞİ KÜLTÜR MERKEZİ VE CEM EVİ DERNEĞİ BAHÇESİ,Kamu,BAKIRKOY,40.989765,28.83495,0.467
ZEKERİYAKÖY - KUMKÖY CADDESİ ORTA VE YAN REFÜJLER,Cadde (Kavşak ve Refüj),SARIYER,41.214338,29.029697,0.667
15 TEMMUZ ŞEHİTLER KÖPRÜSÜ VE KGM ÇEVRESİ ORTA VE YAN REFÜJLER,"Karayolu (Kavşak, Şev-Yamaç ve Refüj)",USKUDAR,41.039159,29.040256,0.256
MASKO ÖNÜ YAMAÇLAR,Cadde (Kavşak ve Refüj),BASAKSEHIR,41.063835,28.797068,2.263
8 MAYIS PARKI,Park,EYUPSULTAN,41.047018,28.936764,0.766
SARIYER NADİR NADİ PARKI,Park,SARIYER,41.152422,29.040598,1.572
SANCAKTEPE DERE BANTLARI,Park,SANCAKTEPE,40.987006,29.247132,6.93
HİDAYET TÜRKOĞLU SPOR KOMPLEKSİ BAHÇESİ,Kamu,BAYRAMPASA,41.064892,28.885054,5.242
BÜYÜKYALI KAVŞAĞI,"Karayolu (Kavşak, Şev-Yamaç ve Refüj)",MALTEPE,40.945448,29.133511,6.605
İBB BARBAROS HAYRETTİNPAŞA ÇEM BAHÇESİ,Kamu,GAZIOSMANPASA,41.076533,28.898726,0.135
KULELİ PARKI - 2,Park,USKUDAR,41.059568,29.052916,0.247
MAÇKA DEMOKRASİ PARKI,Park,BESIKTAS,41.044442,28.993288,13.925
AZERBAYCAN DOSTLUK PARKI,Park,BAGCILAR,41.043887,28.85505,3.136
KADIKÖY ATATÜRK CADDESİ ORTA VE YAN REFÜJLER,Cadde (Kavşak ve Refüj),KADIKOY,40.981229,29.08292,0.174
HOŞDERE MİLLET PARKI,Park,BASAKSEHIR,41.091741,28.651502,12.7
ADNAN KAHVECİ PARKI,Park,KARTAL,40.938323,29.218383,1.903
KONGRE VADİ İÇİ BAHÇESİ,Kamu,SISLI,41.046427,28.989664,0.459
AHMET YESEVİ CADDESİ ORTA VE YAN REFÜJLER,Cadde (Kavşak ve Refüj),ATASEHIR,40.986866,29.122461,3.013
REYHANLI CADDESİ - ANKARA CADDESİ ARASI KURTKÖY SPOR KOMPLEKSİ KARŞISI OTOPARK YANI YEŞİL ALANLAR,Cadde (Kavşak ve Refüj),PENDIK,40.929194,29.321235,0.449
KARTAL KAVŞAĞI,"Karayolu (Kavşak, Şev-Yamaç ve Refüj)",KARTAL,40.905511,29.210381,4.006
HAL YOLU ORTA VE YAN REFÜJLER,"Karayolu (Kavşak, Şev-Yamaç ve Refüj)",BAYRAMPASA,41.047411,28.892045,6.545
SAFA TEPESİ PARKI,Park,SANCAKTEPE,41.012601,29.255818,7.429
İBB AVCILAR ÇEM BAHÇESİ,Kamu,AVCILAR,41.031989,28.706388,0.208
KUMBURGAZ KAVŞAĞI,"Karayolu (Kavşak, Şev-Yamaç ve Refüj)",BUYUKCEKMECE,41.029352,28.459651,1.385
BAŞAKŞEHİR FATİH TERİM STADYUMU BAHÇESİ,Kamu,BASAKSEHIR,41.122603,28.807033,1.642
ÇOBANÇEŞME KAVŞAĞI,"Karayolu (Kavşak, Şev-Yamaç ve Refüj)",BAKIRKOY,40.993261,28.819316,8.083
KAYNARCA MAHALLESİ KANUNİ SULTAN SÜLEYMAN CADDESİ ORTA REFÜJLER,Cadde (Kavşak ve Refüj),PENDIK,40.869934,29.261438,0.094
KURNA MAHALLE PARKI,Park,SILE,41.194365,29.362364,0.213
AVCILAR KAVŞAĞI,"Karayolu (Kavşak, Şev-Yamaç ve Refüj)",AVCILAR,40.986624,28.722324,4.898
OKMEYDANI KAVŞAĞI - HALICIOĞLU KAVŞAĞI ARASI ORTA VE YAN REFÜJLER,"Karayolu (Kavşak, Şev-Yamaç ve Refüj)",BEYOGLU,41.052408,28.953019,4.103
ANIT MEZAR ÇEVRESİ,Kamu,ZEYTINBURNU,41.026261,28.926034,2.895
ÇEKMEKÖY KAVŞAĞI - KEMERDERE KAVŞAĞI ARASI ORTA VE YAN REFÜJLER,"Karayolu (Kavşak, Şev-Yamaç ve Refüj)",UMRANIYE,41.020823,29.180305,4.346
USKUMRUKÖY MAHALLE PARKI,Park,SARIYER,41.21831,29.023453,0.403
İÜ CERRAHPAŞA AVCILAR KAMPÜSÜ,Kamu,AVCILAR,40.990024,28.72458,2.488
AKŞEMSETTİN BULVARI ORTA VE YAN REFÜJLER,Cadde (Kavşak ve Refüj),EYUPSULTAN,41.088577,28.919686,0.188
KOZYATAĞI KAVŞAĞI,"Karayolu (Kavşak, Şev-Yamaç ve Refüj)",ATASEHIR,40.981682,29.095736,7.782
100. YIL PARKI,Park,BUYUKCEKMECE,40.999841,28.549521,23.494
TEM GİŞE YAMAÇLAR YAN REFÜJLER,"Karayolu (Kavşak, Şev-Yamaç ve Refüj)",KUCUKCEKMECE,41.060572,28.80721,1.499
YEŞİLVADİ İKEA ÖNÜ ORTA VE YAN REFÜJLER,Cadde (Kavşak ve Refüj),UMRANIYE,41.026403,29.127877,4.913
ŞALCIKIR PARKI,Park,SARIYER,41.139703,29.045366,0.734
GÖKMASLI MAHALLE PARKI - 1,Park,SILE,41.096538,29.803004,0.236
ZERZEVATÇI MAHALLE PARKI,Park,BEYKOZ,41.128522,29.159724,0.022
NECİP FAZIL METRO İSTASYONU,Metro Çıkışı,UMRANIYE,41.016028,29.179406,0.07
SPOR AŞ GENEL MÜDÜRLÜĞÜ BAHÇESİ,Kamu,FATIH,41.025764,28.931415,0.123
YEŞİLVADİ MAHALLE PARKI,Park,SILE,41.122658,29.476383,0.064
HALICIOĞLU PARKI,Park,BEYOGLU,41.043962,28.946063,3.096
ESENLER HAVAALANI MAHALLESİ ZEMİN ÜSTÜ PARKI,Park,ESENLER,41.05583,28.867236,0.995
GÜZELTEPE PARKI,Park,EYUPSULTAN,41.075741,28.957592,0.107
KARABEYLİ MAHALLE PARKI,Park,SILE,41.104385,29.732348,0.158
MİMAR SİNAN KAVŞAĞI,"Karayolu (Kavşak, Şev-Yamaç ve Refüj)",BUYUKCEKMECE,41.01792,28.564927,1.641
BOZAHLAT MAHALLE PARKI,Park,SILE,41.112039,29.821408,0.015
KURUÇEŞME PARKI,Park,BESIKTAS,41.06106,29.037956,1.273
YENİKÖY CAMİ PARKI,Park,SARIYER,41.121708,29.069698,0.11
KÜÇÜKBAKKALKÖY ATIK AKTARMA İSTASYONU BAHÇESİ,Kamu,ATASEHIR,40.985274,29.130094,0.462
TEM KUMBURGAZ KAVŞAĞI,"Karayolu (Kavşak, Şev-Yamaç ve Refüj)",BUYUKCEKMECE,41.05781,28.465548,22.112
KAYAŞEHİR BULVARI ORTA VE YAN REFÜJLER,Cadde (Kavşak ve Refüj),BASAKSEHIR,41.117213,28.773051,5.317
BAHÇEKÖY BAĞLANTI YOLLARI,Cadde (Kavşak ve Refüj),SARIYER,41.172383,28.990805,0.384
ZÜMRÜTEVLER KAVŞAĞI - GÜLSUYU KAVŞAĞI ARASI YAN REFÜJLER,"Karayolu (Kavşak, Şev-Yamaç ve Refüj)",MALTEPE,40.927563,29.149286,0.587
İBRAHİM ÖZDEMİR PARKI,Park,SILE,41.172324,29.607875,0.096
HASDAL KAVŞAĞI - GAZİOSMANPAŞA KAVŞAĞI ARASI ORTA VE YAN REFÜJLER,"Karayolu (Kavşak, Şev-Yamaç ve Refüj)",EYUPSULTAN,41.091781,28.941907,2.552
TEM HADIMKÖY KAVŞAĞI,"Karayolu (Kavşak, Şev-Yamaç ve Refüj)",ESENYURT,41.086758,28.635204,14.512
PENDİK SAHİL KUMCULAR - İDO ARASI ORTA VE YAN REFÜJLER,Cadde (Kavşak ve Refüj),PENDIK,40.875922,29.22311,1.307
KAYAŞEHİR BÖLGE PARKI,Park,BASAKSEHIR,41.109875,28.755649,3.289
GÜLLÜBAĞLAR MAHALLESİ MUHSİN YAZICIOĞLU CADDESİ NO:132 ÖNÜ ORTA REFÜJLER,Cadde (Kavşak ve Refüj),PENDIK,40.896916,29.277703,0.054
BEŞİKTAŞ - BEBEK ARASI ORTA VE YAN REFÜJLER,Cadde (Kavşak ve Refüj),BESIKTAS,41.052503,29.024737,1.073
ZİNCİRLİKUYU KAVŞAĞI - ÇAĞLAYAN KAVŞAĞI ARASI ORTA VE YAN REFÜJLER,"Karayolu (Kavşak, Şev-Yamaç ve Refüj)",SISLI,41.067006,28.999218,2.013
YARIMBURGAZ CADDESİ ORTA REFÜJLER,Cadde (Kavşak ve Refüj),KUCUKCEKMECE,41.030017,28.768711,0.89
YENİKÖY MAHALLE PARKI - 1,Park,SILE,41.121997,29.652807,0.083
ODAYERİ MAHALLE PARKI,Park,EYUPSULTAN,41.23518,28.852347,0.133
İBB KÜÇÜKÇEKMECE SULTAN MURAT MAHALLESİ ÇEM BAHÇESİ,Kamu,KUCUKCEKMECE,41.006197,28.787276,0.049
ÜMRANİYE KAVŞAĞI - ÇAMLICA KAVŞAĞI ARASI ORTA VE YAN REFÜJLER,"Karayolu (Kavşak, Şev-Yamaç ve Refüj)",UMRANIYE,41.011199,29.121172,15.949
15 TEMMUZ METRO İSTASYONU,Metro Çıkışı,BAGCILAR,41.036905,28.81436,0.143
İBB BAĞCILAR MERKEZ MAHALLESİ ÇEM BAHÇESİ,Kamu,BAGCILAR,41.032248,28.871202,0.326
BAHÇELİEVLER CUMHURİYET MAHALLESİ OTOPARK ÜSTÜ PARKI,Park,BAHCELIEVLER,41.015123,28.858517,0.44
EDİRNEKAPI İETT GARAJI,Kamu,EYUPSULTAN,41.028678,28.929474,0.471
DAVUTPAŞA ORTA VE YAN REFÜJLER,Cadde (Kavşak ve Refüj),ESENLER,41.028168,28.898426,1.188
METROKENT METRO İSTASYONU,Metro Çıkışı,BASAKSEHIR,41.107998,28.801104,1.385
İBB GÜNGÖREN GENÇOSMAN ÇEM BAHÇESİ,Kamu,GUNGOREN,41.035912,28.872421,0.033
BEYKOZ KORUSU,Koru,BEYKOZ,41.134361,29.100716,27.548
İBB SULTANBEYLİ 100. YIL SPOR KOMPLEKSİ BAHÇESİ,Kamu,SULTANBEYLI,40.990407,29.255683,0.186
İNÖNÜ PARKI,Park,BESIKTAS,41.041852,28.996934,0.582
BÜYÜK ÇAMLICA CAMİ YAKIN ÇEVRESİ,Kamu,USKUDAR,41.034073,29.070162,10.751
HACIKÖY MAHALLE PARKI,Park,SILE,41.083146,29.878259,0.18
NURTEPE GEZİ PARKI,Park,EYUPSULTAN,41.083873,28.959927,1.745
HEKİMBAŞI ATIK AKTARMA İSTASYONU BAHÇESİ,Kamu,UMRANIYE,41.058452,29.113172,1.69
MEHMET AKİF ERSOY PARKI (FATİH),Park,FATIH,40.99463,28.929471,2.991
KÜÇÜKSU KAVŞAĞI,"Karayolu (Kavşak, Şev-Yamaç ve Refüj)",UMRANIYE,41.029266,29.104681,2.292
MİT MASLAK YERLEŞKESİ BAHÇESİ,Kamu,SARIYER,41.114162,29.027993,0.075
İBB YEŞİL PINAR YÜZME HAVUZU BAHÇESİ,Kamu,EYUPSULTAN,41.078493,28.925744,0.348
KORUCU MAHALLE PARKI,Park,SILE,41.120162,29.568158,0.327
ÇAMLICA KAVŞAĞI,"Karayolu (Kavşak, Şev-Yamaç ve Refüj)",UMRANIYE,40.995886,29.119259,12.342
ATATÜRK KİTAPLIĞI BAHÇESİ,Kamu,BEYOGLU,41.039075,28.989148,1.448
AKSEKİLİ MEHMET USLU CAMİ BAHÇESİ,Kamu,ATASEHIR,40.991108,29.151489,0.329
MODA İNCİBURNU PARKI,Park,KADIKOY,40.984747,29.019868,6.629
İBB KÜÇÜKÇEKMECE SÖĞÜTLÜÇEŞME MAHALLESİ ÇEM BAHÇESİ,Kamu,KUCUKCEKMECE,41.022949,28.783388,0.169
ULUBATLI HASAN KAVŞAĞI,Cadde (Kavşak ve Refüj),ZEYTINBURNU,41.025727,28.929317,2.302
PENDİK BALIKÇILAR PARKI,Park,PENDIK,40.871595,29.248025,10.158
BAHÇELİEVLER KOCASİNAN İTFAİYE EĞİTİM MERKEZİ BAHÇESİ,Kamu,BAHCELIEVLER,41.014076,28.837403,1.254
HAVALİMANI BAĞLANTI KAVŞAĞI - ORHANLI KAVŞAĞI ARASI ORTA VE YAN REFÜJLER,"Karayolu (Kavşak, Şev-Yamaç ve Refüj)",PENDIK,40.916992,29.334336,5.099
OKMEYDANI KAVŞAĞI,"Karayolu (Kavşak, Şev-Yamaç ve Refüj)",KAGITHANE,41.05609,28.961017,5.667
AĞVA KIYI REKREASYON ALANI PARKI,Park,SILE,41.138032,29.851719,5.099
KISIRKAYA MAHALLE PARKI,Park,SARIYER,41.250398,28.97611,0.247
KEMERBURGAZ SAHİPSİZ HAYVAN GEÇİCİ BAKIMEVİ BAHÇESİ,Kamu,EYUPSULTAN,41.137604,28.937967,1.661
ŞEHİT AHMET KARA PARKI,Park,FATIH,41.016573,28.955798,0.073
FINDIKLI - DUDULLU YOLU ORTA VE YAN REFÜJ,Cadde (Kavşak ve Refüj),ATASEHIR,40.964226,29.118584,1.161
GEREDELİ MAHALLE PARKI,Park,SILE,41.09553,29.861446,0.054
AZİZ BULVARI,Cadde (Kavşak ve Refüj),UMRANIYE,41.006358,29.13721,0.201
BEYKOZ DEVLET HASTANESİ BAHÇESİ,Kamu,BEYKOZ,41.113411,29.090721,3.372
NUMUNE PARKI,Park,FATIH,41.012382,28.954501,0.234
KADIKÖY MEYDANI,Meydan,KADIKOY,40.990745,29.021219,3.461
ALACALI MAHALLE PARKI,Park,SILE,41.181184,29.454483,0.229
DARÜŞŞAFAKA CADDESİ ORTA VE YAN REFÜJLER,Cadde (Kavşak ve Refüj),SARIYER,41.12441,29.030967,0.358
İSTANBUL ÜNİVERSİTESİ ORMAN FAKÜLTESİ BAHÇESİ,Kamu,SARIYER,41.175849,28.991202,0.958
TEM MAHMUTBEY GİŞELER - TEM TAHTAKALE KÖPRÜSÜ ARASI ORTA VE YAN REFÜJLER,"Karayolu (Kavşak, Şev-Yamaç ve Refüj)",KUCUKCEKMECE,41.060535,28.758586,55.86
ÇATALCA ÇAKIL KAVŞAĞI - ÇATALCA ARASI ORTA VE YAN REFÜJLER,"Karayolu (Kavşak, Şev-Yamaç ve Refüj)",CATALCA,41.133981,28.46785,0.149
HAKKI BAŞAR SPOR KOMPLEKSİ BAHÇESİ,Kamu,ESENLER,41.045406,28.865921,0.2
KABAKOZ MAHALLE PARKI,Park,SILE,41.144457,29.690424,0.191
MUHTAR HAYRULLAH ERSAYIN PARKI,Park,BEYKOZ,41.08884,29.07695,1.01
KÜÇÜKYALI KAVŞAĞI,"Karayolu (Kavşak, Şev-Yamaç ve Refüj)",MALTEPE,40.950796,29.121136,3.199
KÜÇÜK ÇAMLICA KORUSU,Koru,USKUDAR,41.017398,29.066151,27.077
ŞAMLAR MAHALLESİ İSTİKLAL CADDESİ ORTA VE YAN REFÜJLER,Cadde (Kavşak ve Refüj),ARNAVUTKOY,41.147551,28.780074,1.722
SULTANGAZİ ALİBEY BARAJ ÜSTÜ PARKI,Park,SULTANGAZI,41.101947,28.916169,8.665
ACIBADEM KAVŞAĞI,"Karayolu (Kavşak, Şev-Yamaç ve Refüj)",USKUDAR,41.008638,29.062165,13.88
ŞAİR NEDİM PARKI,Park,FATIH,41.028742,28.9549,3.589
BAKIRKÖY CUMHURİYET MEYDANI VE ÇEVRESİ,Meydan,BAKIRKOY,40.98071,28.872047,2.029
KÜÇÜKYALI - İDEALTEPE ARASI KARA VE SAHİL PARKI,Cadde (Kavşak ve Refüj),MALTEPE,40.940178,29.11143,0.958
EDİRNEKAPI İBB HİZMET BİRİMLERİ BAHÇESİ,Kamu,EYUPSULTAN,41.028345,28.929928,2.294
İMRENLİ MAHALLE PARKI,Park,SILE,41.146237,29.73858,0.077
BÜYÜKADA ÖZGÜRLÜK VE DEMOKRASİ PARKI,Park,ADALAR,40.874665,29.133962,0.208
BOYACIDERE PARKI,Park,SILE,41.173761,29.615118,0.137
MALTEPE BAŞIBÜYÜK - SAMANDIRA ARASI ORTA VE YAN REFÜJLER,"Karayolu (Kavşak, Şev-Yamaç ve Refüj)",MALTEPE,40.960926,29.179992,4.037
M. FEVZİ ÇAKMAK CADDESİ - FSM BULVARI ARASI ORTA VE YAN REFÜJLER,Cadde (Kavşak ve Refüj),EYUPSULTAN,41.087697,28.944385,1.005
BÜYÜKADA AYDOĞDU PARKI,Park,ADALAR,40.871116,29.129681,0.053
CEM KARACA PARKI,Park,PENDIK,40.927993,29.305965,0.802
İMAM HATİP LİSESİ METRO İSTASYONU,Metro Çıkışı,UMRANIYE,41.016043,29.151725,0.109
ŞEHİT ESRA TEKİN - HAKAN TEKİN PARKI,Park,ZEYTINBURNU,40.988903,28.914515,6.443
ORTAKÖY KAVŞAĞI,"Karayolu (Kavşak, Şev-Yamaç ve Refüj)",SILIVRI,41.058604,28.367466,3.384
İTÜ ABDÜLHAKİM SANCAK CAMİ BAHÇESİ,Kamu,SARIYER,41.106612,29.030629,0.945
BAKIRKÖY ADLİYE BİNASI BAHÇESİ,Kamu,BAKIRKOY,40.995705,28.879564,0.465
ÇATAKLI MAHALLE PARKI,Park,SILE,41.076171,29.79812,0.04
KUMBURGAZ İTFAİYE İSTASYONU BAHÇESİ,Kamu,BUYUKCEKMECE,41.039591,28.467814,1.55
KAYIŞDAĞI CADDESİ ORTA REFÜJLER,Cadde (Kavşak ve Refüj),ATASEHIR,40.977791,29.141992,1.699
BİZİMKENT KAVŞAĞI - GÜRPINAR KAVŞAĞI ARASI YAN REFÜJLER,"Karayolu (Kavşak, Şev-Yamaç ve Refüj)",ESENYURT,41.017263,28.636848,0.569
MECİDİYEKÖY MEYDANI,Meydan,SISLI,41.06649,28.99526,0.734
İBB ŞİLE ENGELLİLER KAMPI BAHÇESİ,Kamu,SILE,41.187232,29.471979,7.242
AVCILAR VATAN HASTANESİ KAVŞAĞI,"Karayolu (Kavşak, Şev-Yamaç ve Refüj)",AVCILAR,40.979384,28.748825,1.288
KURTKÖY MAHALLESİ BAKÜ CADDESİ KAVŞAĞI ORTA REFÜJLER,Cadde (Kavşak ve Refüj),PENDIK,40.916234,29.30385,0.156
YEŞİLKÖY EMNİYET MÜDÜRLÜĞÜ LOJMANI BAHÇESİ,Kamu,BAKIRKOY,40.961462,28.826525,0.356
GÖÇMEN BLOKLARI YAN REFÜJLER,Cadde (Kavşak ve Refüj),KAGITHANE,41.061947,28.956368,10.895
DEĞİRMENÇAYIR MAHALLE PARKI - 2,Park,SILE,40.979619,29.677212,0.037
EMİRGAN PARKI,Park,SARIYER,41.107612,29.05698,0.418
BUCAKLI MAHALLE PARKI - 2 (DİK),Park,SILE,41.127406,29.866193,0.019
CİBALİ ORTA REFÜJLER,Cadde (Kavşak ve Refüj),FATIH,41.02533,28.959119,0.235
SELÇUKLU PARKI,Park,PENDIK,40.926744,29.289463,2.855
TEM SİLİVRİ KAVŞAĞI - TEM KINALI KAVŞAĞI ARASI YAN REFÜJLER,"Karayolu (Kavşak, Şev-Yamaç ve Refüj)",SILIVRI,41.120259,28.232998,23.302
GÖZDAĞI KORUSU,Koru,PENDIK,40.890801,29.25288,13.618
EDİRNEKAPI SUR DİPLERİ,Cadde (Kavşak ve Refüj),ZEYTINBURNU,41.025573,28.930051,4.688
SARIYER FATİH SULTAN MEHMET PARKI,Park,SARIYER,41.089742,29.04677,0.203
KADIN HEYKELİ PARKI,Park,SILE,41.174742,29.609548,0.011
ANADOLU ADALET SARAYI BAHÇESİ,Kamu,KARTAL,40.914093,29.178553,3.17
AŞİYAN PARKI,Park,BESIKTAS,41.081323,29.054169,0.272
BAHÇEŞEHİR KÖPRÜLÜ KAVŞAĞI,"Karayolu (Kavşak, Şev-Yamaç ve Refüj)",ESENYURT,41.047809,28.689162,14.501
İBB KAFKALE SPOR KOMPLEKSİ SAHASI BAHÇESİ,Kamu,TUZLA,40.832995,29.299123,1.812
YOL BAKIM 3. BÖLGE HİZMET BİNASI BAHÇESİ,Kamu,SARIYER,41.155388,29.025081,0.051
MEVLANA CADDESİ,Cadde (Kavşak ve Refüj),SULTANGAZI,41.089057,28.876098,0.433
ŞEHİT AYDIN ÇELİK CADDESİ ORTA REFÜJLER,Cadde (Kavşak ve Refüj),KARTAL,40.926761,29.215773,0.337
HAVUZBAŞI PARKI,Park,USKUDAR,41.046343,29.054071,1.148
HARP AKADEMİLERİ KAVŞAĞI,"Karayolu (Kavşak, Şev-Yamaç ve Refüj)",SARIYER,41.10003,29.005773,3.385
KARTAL NEYZEN TEVFİK MEYDANI,Meydan,KARTAL,40.889783,29.189661,0.572
DR. REMZİ KAZANCIGİL BULVARI ORTA VE YAN REFÜJLER,Cadde (Kavşak ve Refüj),BAKIRKOY,40.983513,28.858146,0.988
İBB TUZLA ENGELLİLER MERKEZİ BAHÇESİ,Kamu,TUZLA,40.820719,29.312118,0.077
KOZYATAĞI KAVŞAĞI - HALK CADDESİ ARASI ORTA VE YAN REFÜJLER,Cadde (Kavşak ve Refüj),ATASEHIR,40.983106,29.101152,4.089
KISIKLI MAHALLESİ PARKI,Park,USKUDAR,41.024657,29.069843,0.31
İBB TEVFİK AYDENİZ SPOR SALONU BAHÇESİ,Kamu,EYUPSULTAN,41.081675,28.938183,0.18
TEM AVCILAR KAVŞAĞI - TEM HADIMKÖY KAVŞAĞI ARASI ORTA YAN REFÜJLER,"Karayolu (Kavşak, Şev-Yamaç ve Refüj)",ESENYURT,41.058499,28.664152,44.213
ŞEYHLİ MAHALLESİ YUNUS EMRE CADDESİ ORTA REFÜJLER,Cadde (Kavşak ve Refüj),PENDIK,40.907706,29.279299,0.221
HAVALİMANI BAĞLANTI KAVŞAĞI,"Karayolu (Kavşak, Şev-Yamaç ve Refüj)",PENDIK,40.914204,29.32479,15.515
NURTEPE VİYADÜK ÇEVRESİ YAN REFÜJLER,Ağaçlandırma Sahası,EYUPSULTAN,41.082153,28.961381,3.018
RİVA KALESİ ÖNÜ YEŞİL ALAN,Kamu,BEYKOZ,41.22396,29.217297,0.362
ABDÜLVEDÜT PARKI,Park,EYUPSULTAN,41.041426,28.9382,0.665
KARTAL ATATÜRK PARKI,Park,KARTAL,40.887607,29.190292,0.627
GÜNEŞLİ - HALKALI KAVŞAĞI ARASI ORTA VE YAN REFÜJLER,"Karayolu (Kavşak, Şev-Yamaç ve Refüj)",KUCUKCEKMECE,41.03595,28.810442,2.181
ÇATALCA HİSARBEYLİ MAHALLE PARKI,Park,CATALCA,41.36942,28.476514,0.17
KÜÇÜKÇEKMECE - YEŞİLKÖY ARASI ORTA VE YAN REFÜJLER,Cadde (Kavşak ve Refüj),BAKIRKOY,40.971071,28.789716,3.019
GÖKSU YOLU YAN REFÜJLER,Cadde (Kavşak ve Refüj),BEYKOZ,41.083012,29.079508,1.159
KARAKÖY - FINDIKLI ORTA VE YAN REFÜJLER,Cadde (Kavşak ve Refüj),BEYOGLU,41.029684,28.986025,0.432
CİHANGİR SANATKARLAR PARKI,Park,BEYOGLU,41.028367,28.982472,0.567
KAVAKLIDERE YAŞAM VADİSİ 4. ETAP,Park,BEYLIKDUZU,40.976621,28.645699,14.217
GÖZTEPE KAVŞAĞI,"Karayolu (Kavşak, Şev-Yamaç ve Refüj)",USKUDAR,40.992747,29.073072,7.433
İBB BAHÇELİEVLER ZAFER MAHALLESİ ÇEM BAHÇESİ,Kamu,BAHCELIEVLER,41.003801,28.834851,0.236
YENİ MAHALLE METRO ÇIKIŞI,Metro Çıkışı,GAZIOSMANPASA,41.083649,28.892676,0.93
AMBARLI KAVŞAĞI,"Karayolu (Kavşak, Şev-Yamaç ve Refüj)",AVCILAR,40.998626,28.699791,2.199
GÖÇMEN KONUTLARI PARKI,Park,BASAKSEHIR,41.102882,28.799743,3.52
REYHANLI CADDESİ PARKI,Park,PENDIK,40.937685,29.316832,0.613
UNKAPANI KAVŞAĞI,Cadde (Kavşak ve Refüj),FATIH,41.022276,28.961373,0.622
YAHYA KEMAL PARKI,Park,BESIKTAS,41.048722,29.008928,2.267
FSM ULUSLAR ARASI ANADOLU İMAMHATİP LİSESİ BAHÇESİ,Kamu,FATIH,41.024103,28.949479,0.134
İBB BAŞAKŞEHİR SULAR VADİSİ ÇEM BAHÇESİ,Kamu,BASAKSEHIR,41.086809,28.809778,0.103
İBB ATAŞEHİR BARBAROS ÇEM BAHÇESİ,Kamu,ATASEHIR,40.989965,29.094498,0.029
İBB ÜMRANİYE MADENLER ÇEM BAHÇESİ,Kamu,UMRANIYE,41.011734,29.190789,0.025
ATABEY CADDESİ ORTA VE YAN REFÜJLER,Cadde (Kavşak ve Refüj),CEKMEKOY,41.036278,29.233194,0.001
ORUÇOĞLU MAHALLE PARKI,Park,SILE,41.063156,29.488625,0.233
KURTKÖY KAVŞAĞI,"Karayolu (Kavşak, Şev-Yamaç ve Refüj)",PENDIK,40.924861,29.312376,2.007
ÇIRPICI ŞEHİR PARKI,Park,BAKIRKOY,40.999198,28.890278,21.165
BALTALİMANI - ÇAYIRBAŞI ARASI ORTA VE YAN REFÜJLER,Cadde (Kavşak ve Refüj),SARIYER,41.115017,29.060329,0.578
PİERRE LOTİ MEYDANI,Meydan,EYUPSULTAN,41.050461,28.93494,0.272
SULTANİYE PARKI,Park,BEYKOZ,41.123361,29.099238,1.874
BEŞİKTAŞ SAHİL - DOLMABAHÇE ARASI ORTA VE YAN REFÜJLER,Cadde (Kavşak ve Refüj),BESIKTAS,41.040107,29.001151,0.894
FATİH BULVARI ORTA REFÜJLER,Cadde (Kavşak ve Refüj),SULTANBEYLI,40.960719,29.280692,1.571
CENDERE YAŞAM VADİSİ 2. ETAP,Park,KAGITHANE,41.101735,28.979157,1.031
HEYBELİADA KARANFİL SOKAK - LALE ÇIKMAZI YEŞİL ALAN,Cadde (Kavşak ve Refüj),ADALAR,40.879038,29.098852,0.018
HEYBELİADA ULUBEY SOKAK - ZAFER SOKAK YEŞİL ALAN,Kamu,ADALAR,40.877693,29.098798,0.008
KÜÇÜKÇEKMECE LAGÜN PARKI,Park,KUCUKCEKMECE,40.986919,28.768298,1.827
HEYBELİADA 112 ÖNÜ YEŞİL ALAN,Kamu,ADALAR,40.877158,29.09912,0.008
HEYBELİADA ŞEHİT ATİLLA ALTIKAT PARKI YEŞİL ALAN,Park,ADALAR,40.877092,29.098663,0.022
HEYBELİADA KİLİSE ÖNÜ PARK YEŞİL ALAN,Kamu,ADALAR,40.877331,29.099444,0.028
BURGAZADA İSKELE ÇOCUK PARKI,Park,ADALAR,40.881401,29.069318,0.037
BURGAZADA AYA NİKOLA PARKI YEŞİL ALAN,Park,ADALAR,40.884106,29.059212,0.177
BURGAZADA CEMEVİ YANI ÇOCUK OYUN PARKI,Park,ADALAR,40.879201,29.068436,0.018
HALİÇ SU SPORLARI MERKEZİ BAHÇESİ,Kamu,BEYOGLU,41.044975,28.944375,0.179
HAYDARPAŞA NUMUNE HASTANESİ ÖNÜ,Cadde (Kavşak ve Refüj),USKUDAR,41.004941,29.024374,1.468
DEMOKRASİ CADDESİ ORTA VE YAN REFÜJLER,Cadde (Kavşak ve Refüj),SULTANBEYLI,40.964002,29.277688,0.782
OSMANGAZİ CADDESİ ORTA VE YAN REFÜJLER,Cadde (Kavşak ve Refüj),SANCAKTEPE,40.98753,29.228967,0.807
KİPTAŞ SÖĞÜTLÜ PARKI,Park,SILIVRI,41.08423,28.189238,2.394
ÜVEZLİ MAHALLE PARKI,Park,SILE,41.112597,29.441382,0.277
İSTANBUL KENT ÜNİVERSİTESİ MESUT YILMAZ HATIRA ORMANI,Hatıra Ormanı,USKUDAR,41.030583,29.06725,15.917
TEM HADIMKÖY KAVŞAĞI - ÇATALCA KAVŞAĞI ARASI YAN REFÜJLER,"Karayolu (Kavşak, Şev-Yamaç ve Refüj)",BUYUKCEKMECE,41.100605,28.5876,60.964
İBB LOJİSTİK DESTEK MERKEZİ BİNASI BAHÇESİ,Kamu,EYUPSULTAN,41.091752,28.922222,0.783
SİLAHTARAĞA GENÇLİK PARKI,Park,EYUPSULTAN,41.071226,28.943906,4.317
RUMELİFENERİ MAHALLE PARKI,Park,SARIYER,41.231772,29.108678,0.844
YENİKÖY PLAJ PARKI,Park,SARIYER,41.117332,29.064703,0.644
HEYBELİADA KOĞUŞ ÖNÜ YEŞİL ALAN,Park,ADALAR,40.877479,29.098651,0.015
KÜÇÜKSU ÇAYIRI,Mesire Alanı,BEYKOZ,41.07988,29.066614,7.84
ŞEHİTLER CADDESİ,Cadde (Kavşak ve Refüj),TUZLA,40.821946,29.323563,0.299
HEYBELİADA BAHRİYE ÇEŞMESİ PARKI YEŞİL ALAN,Park,ADALAR,40.876217,29.099675,0.217
İBB BAĞCILAR YENİ MAHALLE ÇEM BAHÇESİ,Kamu,BAGCILAR,41.041893,28.83928,0.021
İSKİ ATİK VALİDE SUYU MEMBA ALANI,Park,UMRANIYE,41.013357,29.087952,0.131
ULUBATLI HASAN CADDESİ ORTA VE YAN REFÜJLER,Cadde (Kavşak ve Refüj),SANCAKTEPE,40.982956,29.221813,0.167
SIRRI ÇELİK BULVARI ORTA REFÜJLER,Cadde (Kavşak ve Refüj),CEKMEKOY,41.02914,29.233852,0.016
YAKACIK CADDESİ ORTA VE YAN REFÜJLER,Cadde (Kavşak ve Refüj),SANCAKTEPE,40.959623,29.215949,0.341
TURGUT ÖZAL CADDESİ ORTA VE YAN REFÜJLER,Cadde (Kavşak ve Refüj),CEKMEKOY,41.026556,29.235536,0.145
KÜÇÜKÇEKMECE ATATÜRK MAHALLESİ PARKI,Park,KUCUKCEKMECE,41.052164,28.798722,0.366
KINALIADA İTFAİYE ÖNÜ SPOR ALETLERİ,Park,ADALAR,40.906335,29.055909,0.024
KINALIADA LEFTER SAHA YANI SPOR ALANI,Park,ADALAR,40.904917,29.05552,0.035
KINALIADA YARBAŞI SPOR ALANI VE YEŞİL ALAN,Park,ADALAR,40.912296,29.041683,0.022
KINALIADA ÇINAR TEPESİ PARKI YEŞİL ALAN,Park,ADALAR,40.910437,29.046676,0.044
KINALIADA İHAP HULUSİ GÖREV ANITI,Kamu,ADALAR,40.910742,29.055238,0.005
ATAYOLU CADDESİ ORTA VE YAN REFÜJLER,Cadde (Kavşak ve Refüj),SANCAKTEPE,40.995036,29.246985,0.442
BÜYÜKADA MEHMET BÖLÜK PARKI YEŞİL ALAN,Park,ADALAR,40.87308,29.131481,0.053
BÜYÜKADA ÇANKAYA MEYDANI YEŞİL ALAN,Park,ADALAR,40.87145,29.126152,0.005
MÜ BAŞIBÜYÜK KAMPÜSÜ,Kamu,MALTEPE,40.951205,29.13707,1.556
TUZLA AYDINLI YOLU ORTA REFÜJ,Cadde (Kavşak ve Refüj),TUZLA,40.862906,29.325397,3.103
İBB ZEREN ERTAŞ YÜKSEKÖĞRENİM KIZ ÖĞRENCİ YURDU BAHÇESİ,Kamu,KADIKOY,40.998404,29.043292,0.011
ORHANGAZİ ŞEHİR PARKI/DOĞU 2,Park,MALTEPE,40.929121,29.117096,51.022
FETTAH BAŞARAN CADDESİ,Cadde (Kavşak ve Refüj),TUZLA,40.910661,29.343215,0.504
7 EKİM PARKI,Park,SILE,41.164887,29.577594,1.138
İBB ÇEKMEKÖY SPOR KOMPLEKSİ BAHÇESİ,Kamu,CEKMEKOY,41.023452,29.185261,0.241
EVRENLİ MAHALLE PARKI,Park,SILE,41.102156,29.761595,0.005
GÖKMASLI MAHALLE PARKI - 2,Park,SILE,41.098459,29.806524,0.01
İMAM RABBANİ CADDESİ YAN REFÜJLER,Cadde (Kavşak ve Refüj),SANCAKTEPE,40.980612,29.218683,0.086
BURGAZADA SAİT FAİK ABASIYANIK MÜZE ÖNÜ PARKI,Park,ADALAR,40.881086,29.067865,0.064
EGEMENLİK BULVARI ORTA REFÜJLER,Cadde (Kavşak ve Refüj),KARTAL,40.889299,29.190038,0.102
BURGAZADA PAZAR YERİ ÇINAR ALTI YEŞİL ALAN,Park,ADALAR,40.879981,29.066731,0.047
BURGAZADA İSKELE ÇIKIŞI MEYDAN YEŞİL ALAN,Meydan,ADALAR,40.881261,29.069659,0.125
SPOR CADDESİ ORTA VE YAN REFÜJLER,Cadde (Kavşak ve Refüj),KARTAL,40.899853,29.205558,0.462
KINALIADA HRANT DİNK PARKI,Park,ADALAR,40.909437,29.054918,0.082
KINALIADA RAŞİT KARA PARKI,Park,ADALAR,40.908832,29.055341,0.058
TEKKE PARKI,Park,EYUPSULTAN,41.056718,28.941719,11.649
ESENKENT ATATÜRK BULVARI ORTA REFÜJ VE KAVŞAKLAR,Cadde (Kavşak ve Refüj),ESENYURT,41.056046,28.671011,0.535
BAKIRKÖY İNCİRLİ CADDESİ,Cadde (Kavşak ve Refüj),BAKIRKOY,40.985762,28.872259,1.485
KAVACIK KAVŞAĞI - ÜMRANİYE KAVŞAĞI ARASI ORTA VE YAN REFÜJLER,"Karayolu (Kavşak, Şev-Yamaç ve Refüj)",BEYKOZ,41.064474,29.110122,27.645
SOFULAR MAHALLE PARKI,Park,SILE,41.172042,29.493938,0.143
SUNGURLU MAHALLE PARKI,Park,SILE,41.079238,29.866747,0.121
ŞİLE BAĞLANTI KAVŞAĞI - ÇEKMEKÖY KAVŞAĞI ARASI ORTA VE YAN REFÜJLER,"Karayolu (Kavşak, Şev-Yamaç ve Refüj)",UMRANIYE,41.033388,29.147635,9.584
TAŞDELEN KAVŞAĞI,"Karayolu (Kavşak, Şev-Yamaç ve Refüj)",CEKMEKOY,41.023159,29.218999,0.746
İBB YENİDOĞAN YÜZME HAVUZU BAHÇESİ,Kamu,SANCAKTEPE,41.015727,29.245195,0.366
HİDİV KORUSU,Koru,BEYKOZ,41.104524,29.076114,15.949
KARACAKÖY MAHALLE PARKI,Park,SILE,41.151646,29.769502,0.072
BULGURLU YERLİ SUYU 100. YIL PARKI,Park,USKUDAR,41.020391,29.069516,0.317
BOSTANCI - FINDIKLI BAĞLANTI YOLU ORTA VE YAN REFÜJLER,"Karayolu (Kavşak, Şev-Yamaç ve Refüj)",MALTEPE,40.958728,29.110544,1.505
SARAY CADDESİ ORTA VE YAN REFÜJLER,Cadde (Kavşak ve Refüj),CEKMEKOY,41.036522,29.238087,0.498
SERİNDERE YAŞAM VADİSİ 1. ETAP,Park,CEKMEKOY,41.034852,29.173905,4.395
BEYLİKDÜZÜ BÖLGE ŞEFLİĞİ BAHÇESİ,Kamu,BUYUKCEKMECE,41.016134,28.618717,0.765
ZİNCİRLİKUYU - AKMERKEZ YOLU ARASI ORTA VE YAN REFÜJLER,Cadde (Kavşak ve Refüj),SISLI,41.074304,29.021501,0.599
GİŞELER - HARP AKADEMİLERİ KAVŞAĞI ARASI ORTA VE YAN REFÜJLER,"Karayolu (Kavşak, Şev-Yamaç ve Refüj)",BESIKTAS,41.093537,29.02582,15.063
KONAKLAR PARKI,Park,BESIKTAS,41.08852,29.010011,2.13
BALLICA CADDESİ ORTA VE YAN REFÜJLER,Cadde (Kavşak ve Refüj),TUZLA,40.949191,29.391611,0.208
YUMUŞAK MAHALLE PARKI,Park,SILE,41.077012,29.879602,0.032
KARADENİZ MAHALLESİ METRO ÇIKIŞLARI,Metro Çıkışı,GAZIOSMANPASA,41.081446,28.875859,1.994
SARIKAVAK MAHALLE PARKI,Park,SILE,41.026263,29.649378,0.053
ÇATALCA RMS İSTASYONU BAHÇESİ,Kamu,CATALCA,41.122606,28.49674,0.247
GÜMÜŞPINAR KÖYKENARI C TİPİ MESİRE ALANI,Mesire Alanı,CATALCA,41.311606,28.283353,1.037
TRT ULUS BAHÇESİ,Kamu,BESIKTAS,41.057333,29.030233,0.191
AYDINLI KAVŞAĞI KAVŞAK ORTA VE YAN REFÜJLER,"Karayolu (Kavşak, Şev-Yamaç ve Refüj)",TUZLA,40.878351,29.315156,19.912
ESKİ ANKARA ASFALTI CADDESİ ORTA VE YAN REFÜJLER,Cadde (Kavşak ve Refüj),PENDIK,40.920083,29.366607,2.395
İBB BAHÇELİEVLER YENİBOSNA MERKEZ ÇEM BAHÇESİ,Kamu,BAHCELIEVLER,41.01399,28.818717,0.202
SÜREYYAPAŞA PARKI,Park,MALTEPE,40.916105,29.13076,1.895
SELÇUK HAN CADDESİ,Cadde (Kavşak ve Refüj),SULTANBEYLI,40.987338,29.276528,0.077
ÇAMLICA KAVŞAĞI - HALK CADDESİ ARASI ORTA VE YAN REFÜJLER,Cadde (Kavşak ve Refüj),ATASEHIR,40.989997,29.110619,5.143
İBB HALDUN ALAGAŞ SPOR KOMPLEKSİ BAHÇESİ,Kamu,UMRANIYE,41.025837,29.105089,0.201
PETROL YOLU CADDESİ ORTA REFÜJ,Cadde (Kavşak ve Refüj),SULTANBEYLI,40.960464,29.269199,0.042
AVCILAR SAHİL PARKI - 1,Park,AVCILAR,40.970736,28.725677,11.563
BALTALİMANI KEMİK HASTANESİ BAHÇESİ,Kamu,SARIYER,41.095662,29.053718,0.495
HİSAR ÜSTÜ FATİH KORUSU PARKI,Koru,SARIYER,41.089191,29.043666,1.556
SORTULLU MAHALLE PARKI,Park,SILE,41.068988,29.737551,0.194
ORHANLI YOLU ORTA VE YAN REFÜJLER,Cadde (Kavşak ve Refüj),PENDIK,40.928321,29.33573,4.458
SULTANBEYLİ GÖLET PARKI,Park,SULTANBEYLI,40.952927,29.277258,14.021
ANTALYA CADDESİ,Cadde (Kavşak ve Refüj),SULTANBEYLI,40.952489,29.281181,0.008
BİRLİK ORGANİZE SANAYİ SİTESİ KAVŞAĞI,Cadde (Kavşak ve Refüj),TUZLA,40.876874,29.388198,0.312
MUSTAFA CANLI HATIRA PARKI,Hatıra Ormanı,EYUPSULTAN,41.215095,28.857605,2.264
İBB ÜMRANİYE YÜZME HAVUZU BAHÇESİ,Kamu,UMRANIYE,41.021452,29.12457,0.207
İZCİ KAMPI,Kamu,BEYKOZ,41.074104,29.116477,5.099
KAYIŞDAĞI DARULACEZE BAHÇESİ,Kamu,ATASEHIR,40.979465,29.148796,11.963
DEPREM PARKI,Park,ATASEHIR,40.99988,29.09455,1.713
15 TEMMUZ ŞEHİTLER KÖPRÜSÜ - ALTUNİZADE KAVŞAĞI ARASI YAN REFÜJLER,"Karayolu (Kavşak, Şev-Yamaç ve Refüj)",USKUDAR,41.03061,29.045496,14.371
BOSNA BULVARI ORTA REFÜJ,Cadde (Kavşak ve Refüj),USKUDAR,41.04126,29.077971,0.755
KISIKLI CADDESİ ORTA VE YAN REFÜJLER,Cadde (Kavşak ve Refüj),USKUDAR,41.023084,29.052047,0.479
BURUNBAHÇE MESİRE ALANI - 1,Park,BEYKOZ,41.113691,29.087831,3.658
KALEMKÖY MAHALLE PARKI,Park,SILE,41.088591,29.844148,0.03
KUMBABA REKREASYON ALANI PARKI,Park,SILE,41.168387,29.583212,2.207
SİLAHTARAĞA YENİ CAMİ PARKI,Park,EYUPSULTAN,41.063772,28.941437,0.052
TEM KARTAL KAVŞAĞI - TEM PENDİK KAVŞAĞI ARASI YAN REFÜJLER,"Karayolu (Kavşak, Şev-Yamaç ve Refüj)",SULTANBEYLI,40.965736,29.267856,42.899
KILIÇARSLAN CADDESİ,Cadde (Kavşak ve Refüj),SULTANBEYLI,41.000201,29.275549,0.0
HASAN EL BENNA CADDESİ,Cadde (Kavşak ve Refüj),SULTANBEYLI,40.953969,29.285846,0.0
BOSNA BULVARI,Cadde (Kavşak ve Refüj),SULTANBEYLI,40.986727,29.264124,0.001
BASRA CADDESİ,Cadde (Kavşak ve Refüj),SULTANBEYLI,40.988353,29.264697,0.0
BARAJ YOLU CADDESİ,Cadde (Kavşak ve Refüj),SULTANBEYLI,41.003046,29.276262,0.0
TRABZON CADDESİ,Cadde (Kavşak ve Refüj),SULTANBEYLI,40.935843,29.278906,0.0
CİHAN CADDESİ,Cadde (Kavşak ve Refüj),SULTANBEYLI,40.938587,29.28665,0.0
FIRAT CADDESİ,Cadde (Kavşak ve Refüj),SULTANBEYLI,40.95681,29.27628,0.0
ÖZGÜRLÜK CADDESİ,Cadde (Kavşak ve Refüj),SULTANBEYLI,40.991512,29.268829,0.0
ATAYOLU CADDESİ,Cadde (Kavşak ve Refüj),SANCAKTEPE,40.99745,29.251773,0.0
MALİYE BAKANLIĞI VERGİ DENETİM KURULU İSTANBUL BÜYÜK ÖLÇEKLİ MÜKELLEFLER GRUP BAŞKANLIĞI BAHÇESİ,Kamu,SISLI,41.079067,29.011361,0.055
AŞIK REYHANİ CADDESİ ORTA VE YAN REFÜJLER,Cadde (Kavşak ve Refüj),SANCAKTEPE,40.975154,29.240382,0.657
ANKARA CADDESİ ORTA VE YAN REFÜJLER,Cadde (Kavşak ve Refüj),SANCAKTEPE,41.010082,29.210437,0.01
YILDIZ KORUSU,Koru,BESIKTAS,41.048489,29.016759,38.938
SULTANBEYLİ ATATÜRK CADDESİ ORTA VE YAN REFÜJLER,Cadde (Kavşak ve Refüj),SULTANBEYLI,40.966908,29.269629,0.69
POLONEZKÖY KAVŞAĞI,"Karayolu (Kavşak, Şev-Yamaç ve Refüj)",BEYKOZ,41.121611,29.129962,3.608
KAVACIK - ELMALI - KORU YANI - AKBABA TEM BAĞLANTI YOLU,"Karayolu (Kavşak, Şev-Yamaç ve Refüj)",BEYKOZ,41.123628,29.110934,9.851
UZUNÇAYIR KAVŞAĞI,"Karayolu (Kavşak, Şev-Yamaç ve Refüj)",USKUDAR,40.998443,29.057293,5.114
HATBOYU CADDESİ,Cadde (Kavşak ve Refüj),TUZLA,40.837666,29.309487,1.36
İSTOÇ YOLU ORTA VE YAN REFÜJLER VE BATI KAVŞAĞI,"Karayolu (Kavşak, Şev-Yamaç ve Refüj)",BASAKSEHIR,41.096385,28.845901,12.685
POYRAZKÖY SEVGİ PARKI,Park,BEYKOZ,41.203325,29.13229,0.034
İBB BAĞCILAR CÜNEYT ARKIN ERKEK ÖĞRENCİ YURDU BAHÇESİ,Kamu,BAGCILAR,41.042119,28.839308,0.837
ÇAĞLAYAN KAVŞAĞI - OKMEYDANI KAVŞAĞI ARASI ORTA VE YAN REFÜJLER,"Karayolu (Kavşak, Şev-Yamaç ve Refüj)",KAGITHANE,41.062323,28.968216,2.208
DİRİLİŞ PARKI,Park,UMRANIYE,41.014585,29.120922,0.499
HALİÇ SPOR PARKI,Park,EYUPSULTAN,41.041108,28.941339,2.546
GÜRPINAR PİRİ REİS SAHİL PARKI,Park,BEYLIKDUZU,40.988221,28.597645,12.311
SERİNDERE YAŞAM VADİSİ 2. ETAP,Park,CEKMEKOY,41.034567,29.184867,2.507
DENİZ YOLU CADDESİ YAN REFÜJLER,Cadde (Kavşak ve Refüj),BEYLIKDUZU,40.968702,28.602796,8.115
İDEALTEPE - DRAGOS ARASI KARA VE SAHİL PARKI,Park,MALTEPE,40.920173,29.128114,7.226
TUZLA YAŞAM VADİSİ 1. ETAP,Park,TUZLA,40.828547,29.321936,1.314
HEYBELİADA İNÖNÜ PARKI,Park,ADALAR,40.875143,29.099439,0.265
HEYBELİADA DEMİRTAŞ PARKI,Park,ADALAR,40.875347,29.095187,0.055
BÜYÜKDERE ATATÜRK FİDANLIĞI,Park,SARIYER,41.154439,29.029151,15.37
MUHSİN YAZICIOĞLU MESİRE ALANI,Mesire Alanı,CEKMEKOY,41.034157,29.185356,7.887
İBB BAYRAMPAŞA YILDIRIM ÇEM BAHÇESİ,Kamu,BAYRAMPASA,41.065337,28.885762,0.156
AYAZMA YAŞAM VADİSİ,Park,SANCAKTEPE,41.011948,29.264804,8.836
BÜYÜKADA LEFTER KÜÇÜKANDONİYADİS PARKI,Ağaçlandırma Sahası,ADALAR,40.873276,29.127391,0.039
TUZLA SAHİL BULVARI ORTA VE YAN REFÜJLER,Cadde (Kavşak ve Refüj),TUZLA,40.854972,29.285172,0.309
İÇERENKÖY MEYDANLARI,Meydan,ATASEHIR,40.969898,29.11644,0.228
KAZLIÇEŞME SAHİL PARKI,Park,ZEYTINBURNU,40.986945,28.912485,11.27
MERKEZ CAMİ PARKI,Meydan,ATASEHIR,40.968914,29.114982,0.096
DUT AĞACI PARKI,Meydan,ATASEHIR,40.970744,29.112889,0.083
TUZLA HAL YOLU CADDESİ ORTA REFÜJ,Cadde (Kavşak ve Refüj),TUZLA,40.866918,29.342288,0.413
DARLIK MAHALLE PARKI,Park,SILE,41.042732,29.575789,0.447
MİMAR SEYFİ ARIKAN PARKI,Park,SISLI,41.063684,29.011228,0.279
İBB KÜÇÜKÇEKMECE ATAKENT ÇEM BAHÇESİ,Kamu,KUCUKCEKMECE,41.044528,28.799206,0.158
İBB HALKALI KAPALI YÜZME HAVUZU BAHÇESİ,Kamu,KUCUKCEKMECE,41.044901,28.799252,0.649
İBB BAĞCILAR 15 TEMMUZ ÇEM BAHÇESİ,Kamu,BAGCILAR,41.036864,28.814715,0.061
HALKALI METRO İSTASYONU,Metro Çıkışı,BAGCILAR,41.0456,28.808759,0.216
DOĞU SANAYİ METRO İSTASYONU,Metro Çıkışı,BAHCELIEVLER,41.014948,28.81788,0.217
İBB MALTEPE GİRNE ÇEM BAHÇESİ,Kamu,MALTEPE,40.943267,29.140639,0.118
RAMAZAN YEŞİL PARKI,Park,BAKIRKOY,40.978101,28.864359,0.972
CERRAHPAŞA TIP FAKÜLTESİ PROF. DR. MURAT DİLMENER HASTANESİ BAHÇESİ,Kamu,BAKIRKOY,40.969796,28.807272,18.607
İHSANOĞLU MAHALLE PARKI,Park,SILE,41.093061,29.808172,0.108
TEM - ATAŞEHİR KAVŞAĞI,"Karayolu (Kavşak, Şev-Yamaç ve Refüj)",ATASEHIR,40.998774,29.108158,4.856
BÜYÜKADA ANA ARTERLER,Cadde (Kavşak ve Refüj),ADALAR,40.859092,29.122963,7.921
BÜYÜKADA SAAT KULESİ YEŞİL ALAN,Meydan,ADALAR,40.874118,29.128605,0.004
HEYBELİADA METİN SÜLÜŞ PARKI,Park,ADALAR,40.876259,29.100498,0.145
HEYBELİADA BAYRAKTEPE PARKI,Park,ADALAR,40.873999,29.093761,0.065
HEYBELİADA HÜSEYİN RAHMİ BEY SOKAK ÇOCUK PARKI,Park,ADALAR,40.874225,29.094754,0.008
ATAKÖY METRO İSTASYONU ÇEVRESİ,Metro Çıkışı,BAKIRKOY,40.979971,28.856263,0.245
İBB GAZİOSMANPAŞA HÜRRİYET MAHALLESİ ZEMİN ÜSTÜ PARKI,Park,GAZIOSMANPASA,41.071148,28.894783,0.248
İBB EYÜPSULTAN İSKİ GENEL MÜDÜRLÜĞÜ ÇEM BAHÇESİ,Kamu,EYUPSULTAN,41.086869,28.965593,0.108
CENDERE CADDESİ VE ÇEVRESİ,Cadde (Kavşak ve Refüj),KAGITHANE,41.084615,28.979003,0.28
ŞEHİT VEDAT BARCEĞCİ PARKI,Park,SULTANGAZI,41.088835,28.87842,2.418
İNÖNÜ CADDESİ ORTA REFÜJ,Cadde (Kavşak ve Refüj),BAGCILAR,41.050578,28.830208,0.101
İBB BEHİÇ ERKİN METRO YERLEŞKE BAHÇESİ,Kamu,UMRANIYE,41.033843,29.151367,1.783
BÜYÜKADA AŞIKLAR YOLU SPOR ALANI,Park,ADALAR,40.864382,29.121019,0.173
BÜYÜKADA KESTİRME YOLU SPOR ALANI,Park,ADALAR,40.86477,29.129776,0.138
SERİNSU CADDESİ ORTA REFÜJ,Cadde (Kavşak ve Refüj),BEYKOZ,41.137262,29.286288,0.626
BÜYÜKADA MAVİ KULÜP YOLU SPOR ALANI,Park,ADALAR,40.855883,29.11477,0.064
GAZİOSMANPAŞA KAVŞAĞI - METRİS KAVŞAĞI ARASI ORTA VE YAN REFÜJLER,"Karayolu (Kavşak, Şev-Yamaç ve Refüj)",GAZIOSMANPASA,41.090003,28.888598,7.407
İBB HAMZA YERLİKAYA SPOR KOMPLEKSİ BAHÇESİ,Kamu,SULTANGAZI,41.086593,28.870463,0.241
KOCATEPE PARKI,Park,BAYRAMPASA,41.048726,28.895664,3.073
METRİS KAVŞAĞI İKİTELLİ KAVŞAĞI ARASI ORTA VE YAN REFÜJLER,"Karayolu (Kavşak, Şev-Yamaç ve Refüj)",BAGCILAR,41.065505,28.844447,26.007
75. YIL YÜZME HAVUZU BAHÇESİ,Kamu,SULTANGAZI,41.095486,28.902021,0.404
GİYİMKENT CADDESİ - TEM KUZEY YAN YOL ARASI KAVŞAĞI,"Karayolu (Kavşak, Şev-Yamaç ve Refüj)",ESENLER,41.076878,28.870027,1.61
EMİRGAN ÇINARALTI MEYDANI,Meydan,SARIYER,41.104839,29.05601,0.172
SARAYBURNU PARKI - ÇATLADIKAPI PARKI ARASI ORTA VE YAN REFÜJLER,Cadde (Kavşak ve Refüj),FATIH,41.008643,28.982646,3.745
İBB ATAŞEHİR KAYIŞDAĞI ÇEM BAHÇESİ,Kamu,ATASEHIR,40.980917,29.148818,0.368
İBB SİLİVRİ MİMAR SİNAN ÇEM BAHÇESİ,Kamu,SILIVRI,41.087316,28.190838,0.038
KINALIADA ANA ARTERLER,Cadde (Kavşak ve Refüj),ADALAR,40.910131,29.053424,0.196
PAŞALİMANI PARKI,Park,USKUDAR,41.032276,29.022693,0.778
AKFIRAT - ORHANLI - TEPEÖREN YOLU ORTA VE YAN REFÜJLER,Cadde (Kavşak ve Refüj),TUZLA,40.938713,29.40796,2.051
MENEKŞE DERESİ PARKI,Park,KUCUKCEKMECE,41.038992,28.769989,16.921
BOTAŞ PARKI - 1,Park,PENDIK,40.877975,29.249247,4.576
YÜZYIL METRO ACİL ÇIKIŞI,Metro Çıkışı,ESENLER,41.063026,28.8564,0.018
DEDEPAŞA CADDESİ ORTA VE YAN REFÜJLER,Cadde (Kavşak ve Refüj),PENDIK,40.938831,29.29497,1.561
PENDİK MEHMET AKİF ERSOY PARKI,Park,KARTAL,40.880017,29.21512,3.076
MALTEPE KUMCULAR - İBB SOSYAL TESİSLER ARASI KARA VE SAHİL PARKI,Park,MALTEPE,40.907061,29.138788,6.729
BURGAZADA ANA ARTERLER,Cadde (Kavşak ve Refüj),ADALAR,40.881972,29.066426,0.319
MUAMMER YELTEN PARKI,Park,KARTAL,40.905289,29.141126,2.218
HOCA NASRETTİN PARKI,Park,GAZIOSMANPASA,41.061715,28.908386,0.261
CEBECİ SPOR KOMPLEKSİ BAHÇESİ,Kamu,SULTANGAZI,41.107696,28.875346,2.969
ÇATALCA ÇANAKÇA MAHALLE PARKI,Park,CATALCA,41.249743,28.497795,0.305
YENİ MAHALLE SÜREYYAPAŞA CADDESİ ORTA REFÜJLER,Cadde (Kavşak ve Refüj),PENDIK,40.882904,29.232095,0.046
BİZİMKENT KAVŞAĞI,"Karayolu (Kavşak, Şev-Yamaç ve Refüj)",BEYLIKDUZU,41.01449,28.64416,1.792
AYTEKİN KOTİL PARKI,Park,BAKIRKOY,40.977916,28.885539,7.835
ÇATLADIKAPI PARKI - YENİKAPI ARASI ORTA VE YAN REFÜJLER,Cadde (Kavşak ve Refüj),FATIH,41.00246,28.953409,1.608
ORTA MAHALLESİ ANKARA CADDESİ PENDİK KÖPRÜSÜ ÜSTÜ YAN REFÜJLER,Cadde (Kavşak ve Refüj),PENDIK,40.890242,29.239574,0.056
OSMANGAZİ PARKI,Park,PENDIK,40.923947,29.293884,1.552
HEYBELİADA RIHTIM CADDESİ ATATÜRK BÜSTÜ ETRAFI VE YEŞİL ALANLAR,Ağaçlandırma Sahası,ADALAR,40.877611,29.10061,0.036
BÜYÜKADA DİKİLİTAŞ YEŞİL ALAN,"Karayolu (Kavşak, Şev-Yamaç ve Refüj)",ADALAR,40.873871,29.128411,0.006
HEYBELİADA ULUBEY PARKI YEŞİL ALAN,Park,ADALAR,40.878728,29.099061,0.036
ACIBADEM CADDESİ ORTA REFÜJ,Cadde (Kavşak ve Refüj),KADIKOY,40.999847,29.039059,0.167
BALKAN ŞEHİRLERİ PARKI,Park,ZEYTINBURNU,40.981204,28.905398,6.139
CEMİL MERİÇ PARKI,Park,EYUPSULTAN,41.040428,28.942579,4.656
İBB KARTAL EK HİZMET BİNASI BAHÇESİ,Kamu,KARTAL,40.91306,29.185083,2.179
MEHMET AKİF ERSOY PARKI,Park,KARTAL,40.928902,29.214116,0.186
ÇEKMEKÖY ÇOCUK VE SANAT MERKEZİ,Kamu,CEKMEKOY,41.039863,29.267551,0.43
MALTEPE ÇAMLIK PARKI,Park,MALTEPE,40.925468,29.12986,0.12
HAREM - ÜSKÜDAR ARASI SAHİL PARKLARI,Park,USKUDAR,41.016967,29.00997,1.808
SELİMİYE PARKI,Park,USKUDAR,41.010929,29.019753,0.742
ÜSKÜDAR MEYDANI,Meydan,USKUDAR,41.02611,29.014308,1.07
MALTEPE ALTAYÇEŞME PARKI,Park,MALTEPE,40.939501,29.132119,1.596
MUKADDES ELİF KÖSEOĞLU TOPKARA VE ADEM TOPKARA MEYDAN VE PARK ALANI,Park,SARIYER,41.1155,28.999822,0.28
SAHİLKÖY MAHALLE PARKI,Park,SILE,41.201374,29.414265,0.279
İBB ÜMRANİYE YÜKSEKÖĞRENİM ERKEK ÖĞRENCİ YURDU BAHÇESİ,Kamu,UMRANIYE,40.99934,29.146634,0.1
MASLAK CADDESİ ORTA REFÜJ,Cadde (Kavşak ve Refüj),BAGCILAR,41.05458,28.838225,0.143
İBB GÜNGÖREN TOZKOPARAN ÇEM BAHÇESİ,Kamu,GUNGOREN,41.015068,28.892418,0.055
İBB GAZİOSMANPAŞA MEVLANA ÇEM BAHÇESİ,Kamu,GAZIOSMANPASA,41.086991,28.916875,0.038
İBB BAYRAMPAŞA İSMETPAŞA ÇEM BAHÇESİ,Kamu,BAYRAMPASA,41.043165,28.901235,0.037
İSKİ MOLLA MURAT SUYU MEMBA ALANI,Park,SARIYER,41.166628,29.030619,0.656
SEYMEN MAHALLESİ MEYDANI,Meydan,SILIVRI,41.15636,28.170435,0.008
SİLİVRİ BOĞLUCA YAŞAM VADİSİ,Park,SILIVRI,41.079574,28.251244,2.95
MAREŞAL FEVZİ ÇAKMAK PARKI,Park,ESENLER,41.044371,28.883163,1.997
BÜYÜKADA KARADAĞ PARKI,Park,ADALAR,40.867536,29.12657,0.024
YENİKÖY DERESİ YAŞAM VADİSİ,Park,SILE,41.15994,29.604748,0.726
BÜYÜKADA KADIYORAN PARKI,Park,ADALAR,40.866836,29.125295,0.047
HÜSEYİN NİHAL ATSIZ PARKI,Park,MALTEPE,40.922509,29.126736,1.082
BÜYÜKADA OKTAY YENAL PARKI,Park,ADALAR,40.858242,29.119709,0.077
BÜYÜKADA HAŞİM GÜL PARKI,Park,ADALAR,40.870393,29.129914,0.031
BÜYÜKADA ESKİ MOTOR İSKELESİ YANI YEŞİL ALAN,Kamu,ADALAR,40.87465,29.131334,0.022
İBB FİLENİN SULTANLARI ÖĞRENCİ YURDU BAHÇESİ,Kamu,KUCUKCEKMECE,41.041413,28.760439,1.569
ŞEYH ŞAMİL PARKI,Park,KARTAL,40.930487,29.208578,0.708
ÜSKÜDAR CADDESİ ORTA VE YAN REFÜJLER,Cadde (Kavşak ve Refüj),KARTAL,40.909656,29.157337,0.613
MARMARA BELEDİYELER BİRLİĞİ BAHÇESİ,Kamu,FATIH,41.018987,28.968644,0.108
SİLİVRİ RMS İSTASYONU BAHÇESİ,Kamu,SILIVRI,41.086214,28.190014,0.257
OSMANLI ARŞİVİ BAHÇESİ,Kamu,KAGITHANE,41.069278,28.965564,12.081
TEK LOJMANLARI ÇEVRESİ,"Karayolu (Kavşak, Şev-Yamaç ve Refüj)",EYUPSULTAN,41.095726,28.961807,2.262
BAĞDAT CADDESİ YAN REFÜJ,Cadde (Kavşak ve Refüj),KADIKOY,40.971774,29.059097,3.918
BOSTANCI - KÜÇÜKYALI ARASI KARA VE SAHİL PARKI,Park,MALTEPE,40.945944,29.103216,9.514
BAKIRKÖY İSTANBUL CADDESİ,Cadde (Kavşak ve Refüj),BAKIRKOY,40.978542,28.87542,2.534
VATAN CADDESİ KAVŞAĞI - OSMANİYE KAVŞAĞI ARASI ORTA VE YAN REFÜJLER,"Karayolu (Kavşak, Şev-Yamaç ve Refüj)",ZEYTINBURNU,41.020492,28.917259,3.769
ŞEHİT GAFFAR OKKAN PARKI,Park,KARTAL,40.934365,29.210521,0.819
AVCILAR AYDOS SOKAK ORTA REFÜJ VE KAVŞAĞI,Cadde (Kavşak ve Refüj),AVCILAR,41.077229,28.71067,0.999
İBB ATAŞEHİR ESATPAŞA ÇEM BAHÇESİ,Kamu,ATASEHIR,41.003589,29.084501,0.071
İBB ÜMRANİYE AŞAĞI DUDULLU ÇEM BAHÇESİ,Kamu,UMRANIYE,41.031336,29.165556,0.287
İBB ÜMRANİYE MADENLER-FERAH ÇEM BAHÇESİ,Kamu,UMRANIYE,41.010199,29.181977,0.087
İBB ÜMRANİYE ESENKENT ÇEM BAHÇESİ,Kamu,UMRANIYE,41.00087,29.187648,0.069
MALTEPE CUMHURİYET MEYDANI,Meydan,MALTEPE,40.924516,29.131779,1.238
FINDIKLI SOSYAL YAŞAM MERKEZİ BAHÇESİ,Kamu,MALTEPE,40.967643,29.124168,0.222
İETT UĞUR MUMCU PERONLARI YEŞİL ALANLAR,Kamu,KARTAL,40.930749,29.21531,0.245
İBB PENDİK YENİŞEHİR ÇEM BAHÇESİ,Kamu,PENDIK,40.939676,29.305619,0.112
İBB SULTANBEYLİ ADİL ÇEM BAHÇESİ,Kamu,SULTANBEYLI,40.974494,29.257456,0.127
BAHÇELİEVLER CADDESİ,Cadde (Kavşak ve Refüj),SANCAKTEPE,41.010617,29.243198,1.14
SAMANDIRA MERKEZ METRO İSTASYONU ÇIKIŞI,Metro Çıkışı,SANCAKTEPE,40.983713,29.231427,0.23
SARIGAZİ METRO İSTASYONU ÇIKIŞI,Metro Çıkışı,SANCAKTEPE,41.010363,29.212165,0.514
BALIKÇI BARINAĞI SAHİL PARKI,Park,MALTEPE,40.873282,29.136429,0.555
UĞUR MUMCU SOSYAL YAŞAM MERKEZİ BAHÇESİ,Kamu,KARTAL,40.93186,29.210569,0.161
BAĞCILAR TRAFİK EGİTİM PİSTİ PARKI,Park,BAGCILAR,41.050188,28.822513,1.29
HALKALI İSTASYON CADDESİ ORTA REFÜJLER,Cadde (Kavşak ve Refüj),KUCUKCEKMECE,41.015219,28.769235,0.649
İBB SEFAKÖY YÜZME HAVUZU YEŞİL ALANLAR,Kamu,KUCUKCEKMECE,40.997833,28.792858,0.771
BAĞCILAR FARKLI RENKLER PARKI,Park,BAGCILAR,41.034101,28.868624,0.085
BAĞCILAR MERKEZ MAHALLESİ BÖLGE PARKI,Park,BAGCILAR,41.032647,28.869292,3.465
CEVİZLİ KAVŞAĞI,"Karayolu (Kavşak, Şev-Yamaç ve Refüj)",KARTAL,40.91899,29.17192,2.473
ÇANAKKALE KAVŞAĞI,"Karayolu (Kavşak, Şev-Yamaç ve Refüj)",KARTAL,40.913301,29.190108,1.581
KADIKÖY MİNİBÜS CADDESİ ORTA VE YAN REFÜJLER,Cadde (Kavşak ve Refüj),KADIKOY,40.975815,29.072609,0.956
KANUNİ SULTAN SÜLEYMAN PARKI,Park,MALTEPE,40.945672,29.164897,5.977
TUZLA DEMOKRASİ CADDESİ ORTA REFÜJ,Cadde (Kavşak ve Refüj),TUZLA,40.894061,29.359589,1.49
SELİMİYE KIŞLASI BAHÇESİ,Kamu,USKUDAR,41.007264,29.016082,13.767
BEŞİKTAŞ BARBAROS MEYDANI,Meydan,BESIKTAS,41.041423,29.007033,2.528
KINALIADA ATATÜRK BÜSTÜ VE ETRAFI YEŞİL ALAN,Kamu,ADALAR,40.910221,29.055493,0.002
ÜÇYÜZLÜ METRO İSTASYONU,Metro Çıkışı,BAGCILAR,41.036795,28.870897,0.511
İBB 100. YIL STADI ETRAFI,Kamu,KUCUKCEKMECE,41.056918,28.7736,0.108
YOĞURTÇU PARKI,Park,KADIKOY,40.985607,29.03384,2.31
ÇUBUKLU İSTİNYE ARABALI VAPUR İSKELESİ BAHÇESİ,Kamu,BEYKOZ,41.108337,29.082856,1.036
KÜÇÜKÇEKMECE SAHİL PARKI,Park,AVCILAR,40.979063,28.750982,4.444
KÜÇÜKSU ORTA VE YAN REFÜJLER,Cadde (Kavşak ve Refüj),BEYKOZ,41.079776,29.06909,0.269
FLORYA KAVŞAĞI - KÜÇÜKÇEKMECE GÖLÜ ARASI ORTA VE YAN REFÜJLER,"Karayolu (Kavşak, Şev-Yamaç ve Refüj)",KUCUKCEKMECE,40.984533,28.766005,1.387
HEYBELİADA ANA ARTERLER,Cadde (Kavşak ve Refüj),ADALAR,40.879291,29.095636,0.272
ATAŞEHİR BARAJ YOLU CADDESİ ORTA VE YAN REFÜJLER,Cadde (Kavşak ve Refüj),ATASEHIR,40.993537,29.143749,0.132
BALTALİMANI YAŞAM VADİSİ,Park,SARIYER,41.099537,29.045101,4.0
